sample_id,scenario_id,source_video_id,split,clip_type,corruption_type,severity_level,severity_name,severity_value,is_clean,gshi,weather,time_of_day,scene_type,traffic_level,fps,resolution,num_frames,output_path,extra_json,gshi_gt,gshi_pred,pred_top1_issue,pred_top1_prob,pred_presence_json,pred_severity_json,pred_present_thresh_json
S01_clean,S01,video_018,dev,clean,clean,0,s0,0.0,1,1.0,cloudy,day,urban,moderate,30,1280x720,128,clean_clips/S01_clean.mp4,{},1.000000,0.221905,compression,0.999958,"{""haze_fog"":0.11758,""rain"":0.048621,""snow"":0.001077,""low_light"":0.0,""motion_blur"":0.0,""defocus_blur"":0.005905,""glare_flare"":0.636146,""vignetting"":1.2e-05,""sensor_noise"":0.0,""exposure_shift"":0.955242,""compression"":0.999958,""lens_occlusion"":0.081918}","{""haze_fog"":0.098547,""rain"":0.150285,""snow"":0.049777,""low_light"":0.026395,""motion_blur"":0.007582,""defocus_blur"":0.010365,""glare_flare"":0.479515,""vignetting"":0.086941,""sensor_noise"":0.001181,""exposure_shift"":0.240721,""compression"":0.046631,""lens_occlusion"":0.219739}","[{""issue"":""compression"",""prob"":0.999958},{""issue"":""exposure_shift"",""prob"":0.955242},{""issue"":""glare_flare"",""prob"":0.636146}]"
S01_fog_s1,S01,video_018,dev,corrupted,fog,1,s1,0.08,0,-1.0,cloudy,day,urban,moderate,30,1280x720,128,corrupted/fog/s1/S01_fog_s1.mp4,"{""mask_mean"":0.2692030966281891,""severity"":0.08,""k"":0.896,""gamma"":0.7,""depth_shift"":0.3,""distance_exp"":1.5,""t_min"":0.25,""contrast_scale"":0.95,""darken_factor"":0.88,""blur_kernel"":5,""A"":[0.3829718828201294,0.4031282961368561,0.42328470945358276],""depth_min"":0.0,""depth_max"":1.0}",0.911980,0.073822,compression,0.999978,"{""haze_fog"":0.117366,""rain"":0.002037,""snow"":0.027711,""low_light"":0.0,""motion_blur"":0.032476,""defocus_blur"":0.037266,""glare_flare"":0.003274,""vignetting"":1.9e-05,""sensor_noise"":0.066515,""exposure_shift"":0.994418,""compression"":0.999978,""lens_occlusion"":0.025021}","{""haze_fog"":0.136185,""rain"":0.35403,""snow"":0.19203,""low_light"":0.026681,""motion_blur"":0.08128,""defocus_blur"":0.159787,""glare_flare"":0.173735,""vignetting"":0.025741,""sensor_noise"":0.065144,""exposure_shift"":0.474472,""compression"":0.596362,""lens_occlusion"":0.139976}","[{""issue"":""compression"",""prob"":0.999978},{""issue"":""exposure_shift"",""prob"":0.994418}]"
S01_fog_s2,S01,video_018,dev,corrupted,fog,2,s2,0.18,0,-1.0,cloudy,day,urban,moderate,30,1280x720,128,corrupted/fog/s2/S01_fog_s2.mp4,"{""mask_mean"":0.29732248187065125,""severity"":0.18,""k"":1.016,""gamma"":0.7,""depth_shift"":0.3,""distance_exp"":1.5,""t_min"":0.25,""contrast_scale"":0.95,""darken_factor"":0.88,""blur_kernel"":5,""A"":[0.4085544943809509,0.4300573766231537,0.45156025886535645],""depth_min"":0.0,""depth_max"":1.0}",0.803090,0.065946,compression,0.999972,"{""haze_fog"":0.145195,""rain"":0.002223,""snow"":0.007852,""low_light"":0.0,""motion_blur"":0.026731,""defocus_blur"":0.042095,""glare_flare"":0.004737,""vignetting"":2.1e-05,""sensor_noise"":0.032228,""exposure_shift"":0.994064,""compression"":0.999972,""lens_occlusion"":0.044497}","{""haze_fog"":0.142819,""rain"":0.355985,""snow"":0.185309,""low_light"":0.028511,""motion_blur"":0.086908,""defocus_blur"":0.172255,""glare_flare"":0.181019,""vignetting"":0.028938,""sensor_noise"":0.066394,""exposure_shift"":0.513795,""compression"":0.599002,""lens_occlusion"":0.145155}","[{""issue"":""compression"",""prob"":0.999972},{""issue"":""exposure_shift"",""prob"":0.994064}]"
S01_fog_s3,S01,video_018,dev,corrupted,fog,3,s3,0.35,0,-1.0,cloudy,day,urban,moderate,30,1280x720,128,corrupted/fog/s3/S01_fog_s3.mp4,"{""mask_mean"":0.3416440784931183,""severity"":0.35,""k"":1.22,""gamma"":0.7,""depth_shift"":0.3,""distance_exp"":1.5,""t_min"":0.25,""contrast_scale"":0.95,""darken_factor"":0.88,""blur_kernel"":5,""A"":[0.4536339044570923,0.47750934958457947,0.5013848543167114],""depth_min"":0.0,""depth_max"":1.0}",0.621254,0.056882,compression,0.999970,"{""haze_fog"":0.187995,""rain"":0.002559,""snow"":0.008435,""low_light"":0.0,""motion_blur"":0.028845,""defocus_blur"":0.044554,""glare_flare"":0.004828,""vignetting"":4.1e-05,""sensor_noise"":0.044211,""exposure_shift"":0.994953,""compression"":0.99997,""lens_occlusion"":0.022684}","{""haze_fog"":0.159759,""rain"":0.362383,""snow"":0.176153,""low_light"":0.033018,""motion_blur"":0.090766,""defocus_blur"":0.169757,""glare_flare"":0.181474,""vignetting"":0.035033,""sensor_noise"":0.068711,""exposure_shift"":0.551851,""compression"":0.602038,""lens_occlusion"":0.137053}","[{""issue"":""compression"",""prob"":0.99997},{""issue"":""exposure_shift"",""prob"":0.994953}]"
S01_fog_s4,S01,video_018,dev,corrupted,fog,4,s4,0.55,0,-1.0,cloudy,day,urban,moderate,30,1280x720,128,corrupted/fog/s4/S01_fog_s4.mp4,"{""mask_mean"":0.38867804408073425,""severity"":0.55,""k"":1.46,""gamma"":0.7,""depth_shift"":0.3,""distance_exp"":1.5,""t_min"":0.25,""contrast_scale"":0.95,""darken_factor"":0.88,""blur_kernel"":5,""A"":[0.488280326128006,0.5139793157577515,0.5396782755851746],""depth_min"":0.0,""depth_max"":1.0}",0.413809,0.048696,compression,0.999972,"{""haze_fog"":0.394323,""rain"":0.003005,""snow"":0.003102,""low_light"":0.0,""motion_blur"":0.025932,""defocus_blur"":0.04279,""glare_flare"":0.004802,""vignetting"":5.7e-05,""sensor_noise"":0.007605,""exposure_shift"":0.993497,""compression"":0.999972,""lens_occlusion"":0.018536}","{""haze_fog"":0.179002,""rain"":0.381184,""snow"":0.18922,""low_light"":0.037308,""motion_blur"":0.08421,""defocus_blur"":0.16915,""glare_flare"":0.180668,""vignetting"":0.042251,""sensor_noise"":0.06946,""exposure_shift"":0.563983,""compression"":0.603299,""lens_occlusion"":0.132714}","[{""issue"":""compression"",""prob"":0.999972},{""issue"":""exposure_shift"",""prob"":0.993497},{""issue"":""haze_fog"",""prob"":0.394323}]"
S01_fog_s5,S01,video_018,dev,corrupted,fog,5,s5,0.75,0,-1.0,cloudy,day,urban,moderate,30,1280x720,128,corrupted/fog/s5/S01_fog_s5.mp4,"{""mask_mean"":0.4307841658592224,""severity"":0.75,""k"":1.7,""gamma"":0.7,""depth_shift"":0.3,""distance_exp"":1.5,""t_min"":0.25,""contrast_scale"":0.95,""darken_factor"":0.88,""blur_kernel"":5,""A"":[0.45277199149131775,0.47660207748413086,0.5004321932792664],""depth_min"":0.0,""depth_max"":1.0}",0.216134,0.043928,compression,0.999967,"{""haze_fog"":0.584908,""rain"":0.004044,""snow"":0.002115,""low_light"":0.0,""motion_blur"":0.013034,""defocus_blur"":0.045603,""glare_flare"":0.003733,""vignetting"":0.000123,""sensor_noise"":0.023898,""exposure_shift"":0.989263,""compression"":0.999967,""lens_occlusion"":0.013962}","{""haze_fog"":0.210314,""rain"":0.397542,""snow"":0.19378,""low_light"":0.04335,""motion_blur"":0.082916,""defocus_blur"":0.178212,""glare_flare"":0.181136,""vignetting"":0.042496,""sensor_noise"":0.076016,""exposure_shift"":0.578331,""compression"":0.598019,""lens_occlusion"":0.130177}","[{""issue"":""compression"",""prob"":0.999967},{""issue"":""exposure_shift"",""prob"":0.989263},{""issue"":""haze_fog"",""prob"":0.584908}]"
S01_rain_s1,S01,video_018,dev,corrupted,rain,1,s1,0.08,0,-1.0,cloudy,day,urban,moderate,30,1280x720,128,corrupted/rain/s1/S01_rain_s1.mp4,"{""mask_mean"":0.009547533467411995,""severity"":0.08,""alpha"":0.09092485790751884,""eta"":0.6542909190864145,""depth_separation_exp"":1.6,""density"":0.0015317255393101237,""density_far"":0.0009956216005515804,""density_near"":0.0005361039387585432,""base_angle_deg"":74.25109874025574,""far_angle_deg"":79.06597361225565,""near_angle_deg"":71.84394773760287,""blur_sigma"":0.28566132197529653,""invert_depth"":false,""multilayer"":true,""rainy_tone"":true,""apply_rain_haze"":true,""rain_haze_strength"":0.041999999999999996,""apply_overcast_sky"":true,""overcast_mask_mean"":0.11159192025661469,""extra_desat"":0.0048,""patchiness"":true,""brightness_randomness"":false,""apply_visibility_blur"":false,""visibility_blur_sigma"":0.0,""device"":""cuda""}",0.925000,0.231610,compression,0.999967,"{""haze_fog"":0.140014,""rain"":0.008311,""snow"":0.343325,""low_light"":1e-06,""motion_blur"":0.0,""defocus_blur"":0.004391,""glare_flare"":0.169283,""vignetting"":0.000404,""sensor_noise"":0.0,""exposure_shift"":0.998126,""compression"":0.999967,""lens_occlusion"":0.026533}","{""haze_fog"":0.088416,""rain"":0.158844,""snow"":0.086653,""low_light"":0.045957,""motion_blur"":0.004796,""defocus_blur"":0.008544,""glare_flare"":0.370983,""vignetting"":0.114689,""sensor_noise"":0.003373,""exposure_shift"":0.338689,""compression"":0.041104,""lens_occlusion"":0.153844}","[{""issue"":""compression"",""prob"":0.999967},{""issue"":""exposure_shift"",""prob"":0.998126},{""issue"":""snow"",""prob"":0.343325}]"
S01_rain_s2,S01,video_018,dev,corrupted,rain,2,s2,0.18,0,-1.0,cloudy,day,urban,moderate,30,1280x720,128,corrupted/rain/s2/S01_rain_s2.mp4,"{""mask_mean"":0.0176385510712862,""severity"":0.18,""alpha"":0.11028430939117548,""eta"":0.8166348190096908,""depth_separation_exp"":1.6,""density"":0.0023127742377803007,""density_far"":0.0015033032545571955,""density_near"":0.0008094709832231052,""base_angle_deg"":80.07700436319203,""far_angle_deg"":81.38885639202219,""near_angle_deg"":81.83972858578731,""blur_sigma"":0.3695279431128541,""invert_depth"":false,""multilayer"":true,""rainy_tone"":true,""apply_rain_haze"":true,""rain_haze_strength"":0.056999999999999995,""apply_overcast_sky"":true,""overcast_mask_mean"":0.11159192025661469,""extra_desat"":0.010799999999999999,""patchiness"":true,""brightness_randomness"":false,""apply_visibility_blur"":false,""visibility_blur_sigma"":0.0,""device"":""cuda""}",0.830646,0.218838,compression,0.999978,"{""haze_fog"":0.154862,""rain"":0.005957,""snow"":0.428602,""low_light"":2e-06,""motion_blur"":0.0,""defocus_blur"":0.003916,""glare_flare"":0.096933,""vignetting"":0.001461,""sensor_noise"":0.0,""exposure_shift"":0.998749,""compression"":0.999978,""lens_occlusion"":0.041961}","{""haze_fog"":0.085201,""rain"":0.168453,""snow"":0.1252,""low_light"":0.061029,""motion_blur"":0.004156,""defocus_blur"":0.008537,""glare_flare"":0.332287,""vignetting"":0.12526,""sensor_noise"":0.007435,""exposure_shift"":0.360834,""compression"":0.040174,""lens_occlusion"":0.14208}","[{""issue"":""compression"",""prob"":0.999978},{""issue"":""exposure_shift"",""prob"":0.998749},{""issue"":""snow"",""prob"":0.428602}]"
S01_rain_s3,S01,video_018,dev,corrupted,rain,3,s3,0.35,0,-1.0,cloudy,day,urban,moderate,30,1280x720,128,corrupted/rain/s3/S01_rain_s3.mp4,"{""mask_mean"":0.030057445168495178,""severity"":0.35,""alpha"":0.14356303854523822,""eta"":1.0742747817059444,""depth_separation_exp"":1.6,""density"":0.0035686528662874097,""density_far"":0.0023196243630868164,""density_near"":0.0012490285032005933,""base_angle_deg"":80.62163572542605,""far_angle_deg"":79.56380538669671,""near_angle_deg"":78.28237143577732,""blur_sigma"":0.43467084078082713,""invert_depth"":false,""multilayer"":true,""rainy_tone"":true,""apply_rain_haze"":true,""rain_haze_strength"":0.08249999999999999,""apply_overcast_sky"":true,""overcast_mask_mean"":0.11159192025661469,""extra_desat"":0.020999999999999998,""patchiness"":true,""brightness_randomness"":false,""apply_visibility_blur"":false,""visibility_blur_sigma"":0.0,""device"":""cuda""}",0.668458,0.196430,compression,0.999992,"{""haze_fog"":0.207395,""rain"":0.00444,""snow"":0.60966,""low_light"":0.000148,""motion_blur"":0.0,""defocus_blur"":0.002591,""glare_flare"":0.077631,""vignetting"":0.002985,""sensor_noise"":1e-06,""exposure_shift"":0.998601,""compression"":0.999992,""lens_occlusion"":0.029453}","{""haze_fog"":0.076363,""rain"":0.187113,""snow"":0.206228,""low_light"":0.079887,""motion_blur"":0.00267,""defocus_blur"":0.007572,""glare_flare"":0.322605,""vignetting"":0.123605,""sensor_noise"":0.015395,""exposure_shift"":0.364449,""compression"":0.03028,""lens_occlusion"":0.10693}","[{""issue"":""compression"",""prob"":0.999992},{""issue"":""exposure_shift"",""prob"":0.998601},{""issue"":""snow"",""prob"":0.60966}]"
S01_rain_s4,S01,video_018,dev,corrupted,rain,4,s4,0.55,0,-1.0,cloudy,day,urban,moderate,30,1280x720,128,corrupted/rain/s4/S01_rain_s4.mp4,"{""mask_mean"":0.05991230905056,""severity"":0.55,""alpha"":0.20177657805337604,""eta"":1.332146822566079,""depth_separation_exp"":1.6,""density"":0.005078490659876999,""density_far"":0.0033010189289200496,""density_near"":0.0017774717309569496,""base_angle_deg"":80.5414186181184,""far_angle_deg"":87.90108742501762,""near_angle_deg"":80.34755452703354,""blur_sigma"":0.5691992754565904,""invert_depth"":false,""multilayer"":true,""rainy_tone"":true,""apply_rain_haze"":true,""rain_haze_strength"":0.1125,""apply_overcast_sky"":true,""overcast_mask_mean"":0.11159192025661469,""extra_desat"":0.033,""patchiness"":true,""brightness_randomness"":false,""apply_visibility_blur"":false,""visibility_blur_sigma"":0.0,""device"":""cuda""}",0.473973,0.158101,compression,0.999995,"{""haze_fog"":0.296838,""rain"":0.029713,""snow"":0.671017,""low_light"":0.001739,""motion_blur"":0.0,""defocus_blur"":0.001994,""glare_flare"":0.059419,""vignetting"":0.010548,""sensor_noise"":5e-06,""exposure_shift"":0.991362,""compression"":0.999995,""lens_occlusion"":0.028256}","{""haze_fog"":0.06734,""rain"":0.267106,""snow"":0.37755,""low_light"":0.128034,""motion_blur"":0.001844,""defocus_blur"":0.007775,""glare_flare"":0.325066,""vignetting"":0.122262,""sensor_noise"":0.016436,""exposure_shift"":0.310877,""compression"":0.022801,""lens_occlusion"":0.084877}","[{""issue"":""compression"",""prob"":0.999995},{""issue"":""exposure_shift"",""prob"":0.991362},{""issue"":""snow"",""prob"":0.671017},{""issue"":""haze_fog"",""prob"":0.296838}]"
S01_rain_s5,S01,video_018,dev,corrupted,rain,5,s5,0.75,0,-1.0,cloudy,day,urban,moderate,30,1280x720,128,corrupted/rain/s5/S01_rain_s5.mp4,"{""mask_mean"":0.06758703291416168,""severity"":0.75,""alpha"":0.2402604271803269,""eta"":1.5849861680371262,""depth_separation_exp"":1.6,""density"":0.00599649160857592,""density_far"":0.0038977195455743483,""density_near"":0.002098772063001572,""base_angle_deg"":77.6897146650388,""far_angle_deg"":71.51824164006234,""near_angle_deg"":75.2280278862044,""blur_sigma"":0.6712992492331997,""invert_depth"":false,""multilayer"":true,""rainy_tone"":true,""apply_rain_haze"":true,""rain_haze_strength"":0.1425,""apply_overcast_sky"":true,""overcast_mask_mean"":0.11159192025661469,""extra_desat"":0.045,""patchiness"":true,""brightness_randomness"":false,""apply_visibility_blur"":false,""visibility_blur_sigma"":0.0,""device"":""cuda""}",0.273573,0.133141,compression,0.999998,"{""haze_fog"":0.554498,""rain"":0.082617,""snow"":0.619746,""low_light"":0.035802,""motion_blur"":0.0,""defocus_blur"":0.001976,""glare_flare"":0.046173,""vignetting"":0.020009,""sensor_noise"":3.6e-05,""exposure_shift"":0.986535,""compression"":0.999998,""lens_occlusion"":0.015459}","{""haze_fog"":0.06743,""rain"":0.331733,""snow"":0.411124,""low_light"":0.179629,""motion_blur"":0.001716,""defocus_blur"":0.007301,""glare_flare"":0.283211,""vignetting"":0.113752,""sensor_noise"":0.016612,""exposure_shift"":0.312091,""compression"":0.020231,""lens_occlusion"":0.067168}","[{""issue"":""compression"",""prob"":0.999998},{""issue"":""exposure_shift"",""prob"":0.986535},{""issue"":""snow"",""prob"":0.619746},{""issue"":""haze_fog"",""prob"":0.554498}]"
S01_snow_s1,S01,video_018,dev,corrupted,snow,1,s1,0.08,0,-1.0,cloudy,day,urban,moderate,30,1280x720,128,corrupted/snow/s1/S01_snow_s1.mp4,"{""mask_mean"":0.009256231598556042,""severity"":0.08,""severity_scaled"":0.010606252855487957,""alpha"":0.10642192927803455,""eta"":0.7312645468220729,""depth_separation_exp"":1.4,""density"":0.0011481868605600905,""small_fraction"":0.5973484367861279,""medium_fraction"":0.3,""large_fraction"":0.10265156321387199,""small_density"":0.0006858676262939419,""medium_density"":0.00034445605816802713,""large_density"":0.00011786317609812135,""small_sigma"":0.6095456275699391,""medium_sigma"":1.4169700045687807,""large_sigma"":2.547728137849696,""invert_depth"":false,""apply_snow_haze"":true,""snow_haze_strength"":0.023818251027975666,""apply_overcast_sky"":true,""overcast_mask_mean"":0.11159192025661469,""patchiness"":true,""apply_visibility_blur"":false,""visibility_blur_sigma"":0.0,""device"":""cuda""}",0.918467,0.239973,compression,0.999950,"{""haze_fog"":0.149962,""rain"":0.023086,""snow"":0.005159,""low_light"":0.0,""motion_blur"":0.0,""defocus_blur"":0.006233,""glare_flare"":0.261763,""vignetting"":0.000199,""sensor_noise"":0.0,""exposure_shift"":0.997523,""compression"":0.99995,""lens_occlusion"":0.089707}","{""haze_fog"":0.095603,""rain"":0.150582,""snow"":0.057065,""low_light"":0.035217,""motion_blur"":0.006863,""defocus_blur"":0.010633,""glare_flare"":0.390339,""vignetting"":0.112794,""sensor_noise"":0.00161,""exposure_shift"":0.318386,""compression"":0.046871,""lens_occlusion"":0.206907}","[{""issue"":""compression"",""prob"":0.99995},{""issue"":""exposure_shift"",""prob"":0.997523},{""issue"":""glare_flare"",""prob"":0.261763}]"
S01_snow_s2,S01,video_018,dev,corrupted,snow,2,s2,0.18,0,-1.0,cloudy,day,urban,moderate,30,1280x720,128,corrupted/snow/s2/S01_snow_s2.mp4,"{""mask_mean"":0.013235494494438171,""severity"":0.18,""severity_scaled"":0.04565522728706038,""alpha"":0.12253480473890459,""eta"":0.7612377982333204,""depth_separation_exp"":1.4,""density"":0.0019110007731544883,""small_fraction"":0.5885861931782348,""medium_fraction"":0.3,""large_fraction"":0.1114138068217651,""small_density"":0.0011247886702316636,""medium_density"":0.0005733002319463465,""large_density"":0.0002129118709764779,""small_sigma"":0.6410897045583543,""medium_sigma"":1.4730483636592966,""large_sigma"":2.7054485227917717,""invert_depth"":false,""apply_snow_haze"":true,""snow_haze_strength"":0.03643588182334174,""apply_overcast_sky"":true,""overcast_mask_mean"":0.11159192025661469,""patchiness"":true,""apply_visibility_blur"":false,""visibility_blur_sigma"":0.0,""device"":""cuda""}",0.816752,0.252843,compression,0.999958,"{""haze_fog"":0.148976,""rain"":0.019331,""snow"":0.006898,""low_light"":0.0,""motion_blur"":0.0,""defocus_blur"":0.005712,""glare_flare"":0.237574,""vignetting"":0.000273,""sensor_noise"":0.0,""exposure_shift"":0.997679,""compression"":0.999958,""lens_occlusion"":0.067163}","{""haze_fog"":0.093911,""rain"":0.150613,""snow"":0.060239,""low_light"":0.036781,""motion_blur"":0.006455,""defocus_blur"":0.010086,""glare_flare"":0.382626,""vignetting"":0.110963,""sensor_noise"":0.001843,""exposure_shift"":0.321919,""compression"":0.045454,""lens_occlusion"":0.192569}","[{""issue"":""compression"",""prob"":0.999958},{""issue"":""exposure_shift"",""prob"":0.997679}]"
S01_snow_s3,S01,video_018,dev,corrupted,snow,3,s3,0.35,0,-1.0,cloudy,day,urban,moderate,30,1280x720,128,corrupted/snow/s3/S01_snow_s3.mp4,"{""mask_mean"":0.03151114284992218,""severity"":0.35,""severity_scaled"":0.15112018613329828,""alpha"":0.17077078274896348,""eta"":0.8399682910571721,""depth_separation_exp"":1.4,""density"":0.003871796597640792,""small_fraction"":0.5622199534666754,""medium_fraction"":0.3,""large_fraction"":0.13778004653332457,""small_density"":0.0021768013029580383,""medium_density"":0.0011615389792922375,""large_density"":0.0005334563153905161,""small_sigma"":0.7360081675199684,""medium_sigma"":1.6417922978132773,""large_sigma"":3.1800408375998424,""invert_depth"":false,""apply_snow_haze"":true,""snow_haze_strength"":0.07440326700798738,""apply_overcast_sky"":true,""overcast_mask_mean"":0.11159192025661469,""patchiness"":true,""apply_visibility_blur"":false,""visibility_blur_sigma"":0.0,""device"":""cuda""}",0.644424,0.242240,compression,0.999968,"{""haze_fog"":0.191358,""rain"":0.011643,""snow"":0.011884,""low_light"":1e-06,""motion_blur"":0.0,""defocus_blur"":0.005336,""glare_flare"":0.152997,""vignetting"":0.000643,""sensor_noise"":0.0,""exposure_shift"":0.99885,""compression"":0.999968,""lens_occlusion"":0.085093}","{""haze_fog"":0.09888,""rain"":0.15814,""snow"":0.076362,""low_light"":0.042664,""motion_blur"":0.005404,""defocus_blur"":0.009889,""glare_flare"":0.360079,""vignetting"":0.113331,""sensor_noise"":0.002834,""exposure_shift"":0.352753,""compression"":0.043276,""lens_occlusion"":0.183376}","[{""issue"":""compression"",""prob"":0.999968},{""issue"":""exposure_shift"",""prob"":0.99885}]"
S01_snow_s4,S01,video_018,dev,corrupted,snow,4,s4,0.55,0,-1.0,cloudy,day,urban,moderate,30,1280x720,128,corrupted/snow/s4/S01_snow_s4.mp4,"{""mask_mean"":0.0639803484082222,""severity"":0.55,""severity_scaled"":0.34092028363462246,""alpha"":0.24816563403999117,""eta"":1.0418238498659986,""depth_separation_exp"":1.4,""density"":0.007592469972710812,""small_fraction"":0.5147699290913443,""medium_fraction"":0.3,""large_fraction"":0.18523007090865562,""small_density"":0.003908375229480506,""medium_density"":0.0022777409918132434,""large_density"":0.0014063537514170624,""small_sigma"":0.9068282552711602,""medium_sigma"":1.945472453815396,""large_sigma"":4.034141276355801,""invert_depth"":false,""apply_snow_haze"":true,""snow_haze_strength"":0.14273130210846408,""apply_overcast_sky"":true,""overcast_mask_mean"":0.11159192025661469,""patchiness"":true,""apply_visibility_blur"":false,""visibility_blur_sigma"":0.0,""device"":""cuda""}",0.442871,0.258798,compression,0.999985,"{""haze_fog"":0.24596,""rain"":0.004864,""snow"":0.074023,""low_light"":1.8e-05,""motion_blur"":0.0,""defocus_blur"":0.004109,""glare_flare"":0.0696,""vignetting"":0.002118,""sensor_noise"":0.0,""exposure_shift"":0.999258,""compression"":0.999985,""lens_occlusion"":0.038733}","{""haze_fog"":0.087544,""rain"":0.165654,""snow"":0.131968,""low_light"":0.057053,""motion_blur"":0.00373,""defocus_blur"":0.008474,""glare_flare"":0.304093,""vignetting"":0.112175,""sensor_noise"":0.005367,""exposure_shift"":0.367808,""compression"":0.038166,""lens_occlusion"":0.1278}","[{""issue"":""compression"",""prob"":0.999985},{""issue"":""exposure_shift"",""prob"":0.999258}]"
S01_snow_s5,S01,video_018,dev,corrupted,snow,5,s5,0.75,0,-1.0,cloudy,day,urban,moderate,30,1280x720,128,corrupted/snow/s5/S01_snow_s5.mp4,"{""mask_mean"":0.16741828620433807,""severity"":0.75,""severity_scaled"":0.5958134105899568,""alpha"":0.359324775129361,""eta"":1.3875301627691876,""depth_separation_exp"":1.4,""density"":0.012425134514783574,""small_fraction"":0.45104664735251077,""medium_fraction"":0.3,""large_fraction"":0.2489533526474892,""small_density"":0.0056043152657970965,""medium_density"":0.003727540354435072,""large_density"":0.003093278894551405,""small_sigma"":1.1362320695309611,""medium_sigma"":2.353301456943931,""large_sigma"":5.181160347654806,""invert_depth"":false,""apply_snow_haze"":true,""snow_haze_strength"":0.23449282781238445,""apply_overcast_sky"":true,""overcast_mask_mean"":0.11159192025661469,""patchiness"":true,""apply_visibility_blur"":false,""visibility_blur_sigma"":0.0,""device"":""cuda""}",0.243164,0.227897,compression,0.999991,"{""haze_fog"":0.551856,""rain"":0.00271,""snow"":0.689223,""low_light"":0.000634,""motion_blur"":0.0,""defocus_blur"":0.00215,""glare_flare"":0.01632,""vignetting"":0.005224,""sensor_noise"":0.0,""exposure_shift"":0.999416,""compression"":0.999991,""lens_occlusion"":0.014576}","{""haze_fog"":0.082337,""rain"":0.190067,""snow"":0.298559,""low_light"":0.081637,""motion_blur"":0.001602,""defocus_blur"":0.00706,""glare_flare"":0.253442,""vignetting"":0.112359,""sensor_noise"":0.011521,""exposure_shift"":0.380033,""compression"":0.023751,""lens_occlusion"":0.083706}","[{""issue"":""compression"",""prob"":0.999991},{""issue"":""exposure_shift"",""prob"":0.999416},{""issue"":""snow"",""prob"":0.689223},{""issue"":""haze_fog"",""prob"":0.551856}]"
S01_glare_flare_s1,S01,video_018,dev,corrupted,glare_flare,1,s1,0.08,0,-1.0,cloudy,day,urban,moderate,30,1280x720,128,corrupted/glare_flare/s1/S01_glare_flare_s1.mp4,"{""severity"":0.08,""severity_scaled"":0.02262741699796952,""bright_thresh"":0.8161533391103452,""bloom_strength"":0.09289762768884263,""streak_enabled"":true,""streak_angle_deg"":1.54058546652211,""ghosts_enabled"":true,""ghost_count"":1,""flare_mean"":0.04975062981247902,""device"":""cuda""}",0.889636,0.192834,compression,0.999976,"{""haze_fog"":0.071955,""rain"":0.012727,""snow"":0.099243,""low_light"":0.0,""motion_blur"":0.0,""defocus_blur"":0.006021,""glare_flare"":0.955134,""vignetting"":5.9e-05,""sensor_noise"":0.0,""exposure_shift"":0.848772,""compression"":0.999976,""lens_occlusion"":0.203109}","{""haze_fog"":0.086272,""rain"":0.149918,""snow"":0.047792,""low_light"":0.034598,""motion_blur"":0.008765,""defocus_blur"":0.012446,""glare_flare"":0.551147,""vignetting"":0.113015,""sensor_noise"":0.003095,""exposure_shift"":0.219332,""compression"":0.052161,""lens_occlusion"":0.237231}","[{""issue"":""compression"",""prob"":0.999976},{""issue"":""glare_flare"",""prob"":0.955134},{""issue"":""exposure_shift"",""prob"":0.848772}]"
S01_glare_flare_s2,S01,video_018,dev,corrupted,glare_flare,2,s2,0.18,0,-1.0,cloudy,day,urban,moderate,30,1280x720,128,corrupted/glare_flare/s2/S01_glare_flare_s2.mp4,"{""severity"":0.18,""severity_scaled"":0.07636753236814713,""bright_thresh"":0.807017519497415,""bloom_strength"":0.12352949344984387,""streak_enabled"":true,""streak_angle_deg"":-10.884099697807091,""ghosts_enabled"":true,""ghost_count"":1,""flare_mean"":0.0652557909488678,""device"":""cuda""}",0.757049,0.193997,compression,0.999973,"{""haze_fog"":0.069776,""rain"":0.008113,""snow"":0.153559,""low_light"":0.0,""motion_blur"":0.0,""defocus_blur"":0.006125,""glare_flare"":0.975242,""vignetting"":8.3e-05,""sensor_noise"":0.0,""exposure_shift"":0.772764,""compression"":0.999973,""lens_occlusion"":0.127942}","{""haze_fog"":0.082317,""rain"":0.14731,""snow"":0.046132,""low_light"":0.034602,""motion_blur"":0.008882,""defocus_blur"":0.012992,""glare_flare"":0.569604,""vignetting"":0.115614,""sensor_noise"":0.003626,""exposure_shift"":0.206657,""compression"":0.053211,""lens_occlusion"":0.210881}","[{""issue"":""compression"",""prob"":0.999973},{""issue"":""glare_flare"",""prob"":0.975242},{""issue"":""exposure_shift"",""prob"":0.772764}]"
S01_glare_flare_s3,S01,video_018,dev,corrupted,glare_flare,3,s3,0.35,0,-1.0,cloudy,day,urban,moderate,30,1280x720,128,corrupted/glare_flare/s3/S01_glare_flare_s3.mp4,"{""severity"":0.35,""severity_scaled"":0.20706279240848655,""bright_thresh"":0.7847993252905573,""bloom_strength"":0.19802579167283735,""streak_enabled"":true,""streak_angle_deg"":13.007925540725449,""ghosts_enabled"":true,""ghost_count"":2,""flare_mean"":0.10564586520195007,""device"":""cuda""}",0.546526,0.205404,compression,0.999972,"{""haze_fog"":0.043045,""rain"":0.001592,""snow"":0.368639,""low_light"":0.0,""motion_blur"":0.0,""defocus_blur"":0.006129,""glare_flare"":0.989935,""vignetting"":0.000146,""sensor_noise"":0.0,""exposure_shift"":0.614053,""compression"":0.999972,""lens_occlusion"":0.016215}","{""haze_fog"":0.070856,""rain"":0.13093,""snow"":0.036825,""low_light"":0.037352,""motion_blur"":0.008867,""defocus_blur"":0.014466,""glare_flare"":0.599266,""vignetting"":0.109061,""sensor_noise"":0.006607,""exposure_shift"":0.188176,""compression"":0.050554,""lens_occlusion"":0.13715}","[{""issue"":""compression"",""prob"":0.999972},{""issue"":""glare_flare"",""prob"":0.989935},{""issue"":""exposure_shift"",""prob"":0.614053},{""issue"":""snow"",""prob"":0.368639}]"
S01_glare_flare_s4,S01,video_018,dev,corrupted,glare_flare,4,s4,0.55,0,-1.0,cloudy,day,urban,moderate,30,1280x720,128,corrupted/glare_flare/s4/S01_glare_flare_s4.mp4,"{""severity"":0.55,""severity_scaled"":0.4078909167902615,""bright_thresh"":0.7506585441456555,""bloom_strength"":0.3124978225704491,""streak_enabled"":true,""streak_angle_deg"":-12.81671858122348,""ghosts_enabled"":true,""ghost_count"":3,""flare_mean"":0.17143452167510986,""device"":""cuda""}",0.326310,0.147365,compression,0.999968,"{""haze_fog"":0.111675,""rain"":0.000722,""snow"":0.495379,""low_light"":0.0,""motion_blur"":0.0,""defocus_blur"":0.006348,""glare_flare"":0.994749,""vignetting"":0.000248,""sensor_noise"":0.0,""exposure_shift"":0.545216,""compression"":0.999968,""lens_occlusion"":0.011652}","{""haze_fog"":0.082859,""rain"":0.127685,""snow"":0.037895,""low_light"":0.039029,""motion_blur"":0.009981,""defocus_blur"":0.016453,""glare_flare"":0.706726,""vignetting"":0.112359,""sensor_noise"":0.014274,""exposure_shift"":0.200807,""compression"":0.054006,""lens_occlusion"":0.121948}","[{""issue"":""compression"",""prob"":0.999968},{""issue"":""glare_flare"",""prob"":0.994749},{""issue"":""exposure_shift"",""prob"":0.545216},{""issue"":""snow"",""prob"":0.495379}]"
S01_glare_flare_s5,S01,video_018,dev,corrupted,glare_flare,5,s5,0.75,0,-1.0,cloudy,day,urban,moderate,30,1280x720,128,corrupted/glare_flare/s5/S01_glare_flare_s5.mp4,"{""severity"":0.75,""severity_scaled"":0.649519052838329,""bright_thresh"":0.709581761017484,""bloom_strength"":0.4502258601178476,""streak_enabled"":true,""streak_angle_deg"":-7.831007180648967,""ghosts_enabled"":true,""ghost_count"":4,""flare_mean"":0.2560080289840698,""device"":""cuda""}",0.143091,0.085239,compression,0.999918,"{""haze_fog"":0.375644,""rain"":0.000635,""snow"":0.465897,""low_light"":1e-06,""motion_blur"":0.0,""defocus_blur"":0.005991,""glare_flare"":0.998896,""vignetting"":0.000403,""sensor_noise"":0.0,""exposure_shift"":0.616738,""compression"":0.999918,""lens_occlusion"":0.07366}","{""haze_fog"":0.11903,""rain"":0.130106,""snow"":0.040928,""low_light"":0.035885,""motion_blur"":0.013438,""defocus_blur"":0.018104,""glare_flare"":0.83558,""vignetting"":0.119806,""sensor_noise"":0.023057,""exposure_shift"":0.242312,""compression"":0.056397,""lens_occlusion"":0.148837}","[{""issue"":""compression"",""prob"":0.999918},{""issue"":""glare_flare"",""prob"":0.998896},{""issue"":""exposure_shift"",""prob"":0.616738},{""issue"":""snow"",""prob"":0.465897},{""issue"":""haze_fog"",""prob"":0.375644}]"
S01_motion_blur_s1,S01,video_018,dev,corrupted,motion_blur,1,s1,0.08,0,-1.0,cloudy,day,urban,moderate,30,1280x720,128,corrupted/motion_blur/s1/S01_motion_blur_s1.mp4,"{""severity"":0.08,""ksize"":11,""n_points"":11,""accel"":0.06181227050214258,""linear"":false,""psf_smooth_sigma"":0.1055931635400593}",0.896599,0.318455,compression,0.999992,"{""haze_fog"":0.092294,""rain"":0.006289,""snow"":0.000156,""low_light"":0.0,""motion_blur"":0.184206,""defocus_blur"":0.014206,""glare_flare"":0.24917,""vignetting"":0.000185,""sensor_noise"":2e-06,""exposure_shift"":0.182033,""compression"":0.999992,""lens_occlusion"":0.020045}","{""haze_fog"":0.128153,""rain"":0.206189,""snow"":0.089885,""low_light"":0.032689,""motion_blur"":0.079326,""defocus_blur"":0.05619,""glare_flare"":0.270866,""vignetting"":0.036988,""sensor_noise"":0.017396,""exposure_shift"":0.160775,""compression"":0.283969,""lens_occlusion"":0.154242}","[{""issue"":""compression"",""prob"":0.999992}]"
S01_motion_blur_s2,S01,video_018,dev,corrupted,motion_blur,2,s2,0.18,0,-1.0,cloudy,day,urban,moderate,30,1280x720,128,corrupted/motion_blur/s2/S01_motion_blur_s2.mp4,"{""severity"":0.18,""ksize"":13,""n_points"":14,""accel"":0.13597839513213414,""linear"":true,""psf_smooth_sigma"":0.23141633638881304}",0.771227,0.357302,compression,0.999994,"{""haze_fog"":0.088943,""rain"":0.01233,""snow"":0.001008,""low_light"":0.0,""motion_blur"":0.04328,""defocus_blur"":0.01324,""glare_flare"":0.123591,""vignetting"":0.000108,""sensor_noise"":1e-06,""exposure_shift"":0.128256,""compression"":0.999994,""lens_occlusion"":0.016259}","{""haze_fog"":0.129181,""rain"":0.209684,""snow"":0.092839,""low_light"":0.032088,""motion_blur"":0.069347,""defocus_blur"":0.055579,""glare_flare"":0.248118,""vignetting"":0.036174,""sensor_noise"":0.015367,""exposure_shift"":0.138257,""compression"":0.287472,""lens_occlusion"":0.151614}","[{""issue"":""compression"",""prob"":0.999994}]"
S01_motion_blur_s3,S01,video_018,dev,corrupted,motion_blur,3,s3,0.35,0,-1.0,cloudy,day,urban,moderate,30,1280x720,128,corrupted/motion_blur/s3/S01_motion_blur_s3.mp4,"{""severity"":0.35,""ksize"":19,""n_points"":19,""accel"":0.3067939809640853,""linear"":true,""psf_smooth_sigma"":0.3840297117755679}",0.568989,0.221091,compression,0.999988,"{""haze_fog"":0.008522,""rain"":0.003635,""snow"":0.000239,""low_light"":0.0,""motion_blur"":0.630781,""defocus_blur"":0.014419,""glare_flare"":0.269321,""vignetting"":0.000458,""sensor_noise"":1.5e-05,""exposure_shift"":0.317131,""compression"":0.999988,""lens_occlusion"":0.016745}","{""haze_fog"":0.085433,""rain"":0.229723,""snow"":0.114466,""low_light"":0.047901,""motion_blur"":0.143383,""defocus_blur"":0.05832,""glare_flare"":0.285403,""vignetting"":0.047352,""sensor_noise"":0.028655,""exposure_shift"":0.167086,""compression"":0.388403,""lens_occlusion"":0.163047}","[{""issue"":""compression"",""prob"":0.999988},{""issue"":""motion_blur"",""prob"":0.630781},{""issue"":""exposure_shift"",""prob"":0.317131},{""issue"":""glare_flare"",""prob"":0.269321}]"
S01_motion_blur_s4,S01,video_018,dev,corrupted,motion_blur,4,s4,0.55,0,-1.0,cloudy,day,urban,moderate,30,1280x720,128,corrupted/motion_blur/s4/S01_motion_blur_s4.mp4,"{""severity"":0.55,""ksize"":27,""n_points"":26,""accel"":0.46410792556608893,""linear"":true,""psf_smooth_sigma"":0.5989482956379752}",0.351605,0.114303,compression,0.999952,"{""haze_fog"":0.005613,""rain"":0.000723,""snow"":0.000749,""low_light"":0.0,""motion_blur"":0.963858,""defocus_blur"":0.016399,""glare_flare"":0.171477,""vignetting"":0.000865,""sensor_noise"":0.000344,""exposure_shift"":0.344665,""compression"":0.999952,""lens_occlusion"":0.016387}","{""haze_fog"":0.064505,""rain"":0.242978,""snow"":0.151802,""low_light"":0.057595,""motion_blur"":0.297076,""defocus_blur"":0.069303,""glare_flare"":0.287493,""vignetting"":0.049891,""sensor_noise"":0.038094,""exposure_shift"":0.167405,""compression"":0.510468,""lens_occlusion"":0.159949}","[{""issue"":""compression"",""prob"":0.999952},{""issue"":""motion_blur"",""prob"":0.963858},{""issue"":""exposure_shift"",""prob"":0.344665}]"
S01_motion_blur_s5,S01,video_018,dev,corrupted,motion_blur,5,s5,0.75,0,-1.0,cloudy,day,urban,moderate,30,1280x720,128,corrupted/motion_blur/s5/S01_motion_blur_s5.mp4,"{""severity"":0.75,""ksize"":33,""n_points"":32,""accel"":0.6467527925765073,""linear"":false,""psf_smooth_sigma"":0.9042165163174374}",0.162893,0.059963,compression,0.999920,"{""haze_fog"":0.012739,""rain"":0.000396,""snow"":0.000831,""low_light"":0.0,""motion_blur"":0.998119,""defocus_blur"":0.021798,""glare_flare"":0.029126,""vignetting"":0.000407,""sensor_noise"":5.8e-05,""exposure_shift"":0.316437,""compression"":0.99992,""lens_occlusion"":0.021227}","{""haze_fog"":0.062661,""rain"":0.286987,""snow"":0.18033,""low_light"":0.057309,""motion_blur"":0.405292,""defocus_blur"":0.082763,""glare_flare"":0.244335,""vignetting"":0.05445,""sensor_noise"":0.032212,""exposure_shift"":0.166331,""compression"":0.588188,""lens_occlusion"":0.164951}","[{""issue"":""compression"",""prob"":0.99992},{""issue"":""motion_blur"",""prob"":0.998119},{""issue"":""exposure_shift"",""prob"":0.316437}]"
S01_defocus_blur_s1,S01,video_018,dev,corrupted,defocus_blur,1,s1,0.08,0,-1.0,cloudy,day,urban,moderate,30,1280x720,128,corrupted/defocus_blur/s1/S01_defocus_blur_s1.mp4,"{""severity"":0.08,""sigma_max_eff"":2.4,""d_f"":0.903311014175415,""invert_depth"":true,""n_layers"":16}",0.896599,0.221902,compression,0.999958,"{""haze_fog"":0.117507,""rain"":0.048586,""snow"":0.001077,""low_light"":0.0,""motion_blur"":0.0,""defocus_blur"":0.005903,""glare_flare"":0.636171,""vignetting"":1.2e-05,""sensor_noise"":0.0,""exposure_shift"":0.955235,""compression"":0.999958,""lens_occlusion"":0.081944}","{""haze_fog"":0.098541,""rain"":0.150286,""snow"":0.049774,""low_light"":0.026398,""motion_blur"":0.00758,""defocus_blur"":0.010363,""glare_flare"":0.479488,""vignetting"":0.086901,""sensor_noise"":0.001181,""exposure_shift"":0.240675,""compression"":0.046623,""lens_occlusion"":0.219738}","[{""issue"":""compression"",""prob"":0.999958},{""issue"":""exposure_shift"",""prob"":0.955235},{""issue"":""glare_flare"",""prob"":0.636171}]"
S01_defocus_blur_s2,S01,video_018,dev,corrupted,defocus_blur,2,s2,0.18,0,-1.0,cloudy,day,urban,moderate,30,1280x720,128,corrupted/defocus_blur/s2/S01_defocus_blur_s2.mp4,"{""severity"":0.18,""sigma_max_eff"":5.3999999999999995,""d_f"":0.903311014175415,""invert_depth"":true,""n_layers"":16}",0.771227,0.221912,compression,0.999958,"{""haze_fog"":0.117581,""rain"":0.048606,""snow"":0.001079,""low_light"":0.0,""motion_blur"":0.0,""defocus_blur"":0.005904,""glare_flare"":0.635894,""vignetting"":1.2e-05,""sensor_noise"":0.0,""exposure_shift"":0.955301,""compression"":0.999958,""lens_occlusion"":0.082017}","{""haze_fog"":0.098564,""rain"":0.150293,""snow"":0.049784,""low_light"":0.026413,""motion_blur"":0.007584,""defocus_blur"":0.010363,""glare_flare"":0.479465,""vignetting"":0.086927,""sensor_noise"":0.001183,""exposure_shift"":0.240804,""compression"":0.046632,""lens_occlusion"":0.21972}","[{""issue"":""compression"",""prob"":0.999958},{""issue"":""exposure_shift"",""prob"":0.955301},{""issue"":""glare_flare"",""prob"":0.635894}]"
S01_defocus_blur_s3,S01,video_018,dev,corrupted,defocus_blur,3,s3,0.35,0,-1.0,cloudy,day,urban,moderate,30,1280x720,128,corrupted/defocus_blur/s3/S01_defocus_blur_s3.mp4,"{""severity"":0.35,""sigma_max_eff"":10.5,""d_f"":0.903311014175415,""invert_depth"":true,""n_layers"":16}",0.568989,0.225529,compression,0.999961,"{""haze_fog"":0.122336,""rain"":0.049465,""snow"":0.001032,""low_light"":0.0,""motion_blur"":0.0,""defocus_blur"":0.005923,""glare_flare"":0.657029,""vignetting"":1.1e-05,""sensor_noise"":0.0,""exposure_shift"":0.945873,""compression"":0.999961,""lens_occlusion"":0.077427}","{""haze_fog"":0.099975,""rain"":0.15091,""snow"":0.050239,""low_light"":0.026989,""motion_blur"":0.007648,""defocus_blur"":0.010421,""glare_flare"":0.478639,""vignetting"":0.084524,""sensor_noise"":0.001283,""exposure_shift"":0.238876,""compression"":0.047048,""lens_occlusion"":0.216961}","[{""issue"":""compression"",""prob"":0.999961},{""issue"":""exposure_shift"",""prob"":0.945873},{""issue"":""glare_flare"",""prob"":0.657029}]"
S01_defocus_blur_s4,S01,video_018,dev,corrupted,defocus_blur,4,s4,0.55,0,-1.0,cloudy,day,urban,moderate,30,1280x720,128,corrupted/defocus_blur/s4/S01_defocus_blur_s4.mp4,"{""severity"":0.55,""sigma_max_eff"":16.5,""d_f"":0.903311014175415,""invert_depth"":true,""n_layers"":16}",0.351605,0.236320,compression,0.999996,"{""haze_fog"":0.108911,""rain"":0.020445,""snow"":0.000586,""low_light"":0.0,""motion_blur"":0.0,""defocus_blur"":0.007174,""glare_flare"":0.673222,""vignetting"":7e-06,""sensor_noise"":0.0,""exposure_shift"":0.877027,""compression"":0.999996,""lens_occlusion"":0.085443}","{""haze_fog"":0.117105,""rain"":0.158568,""snow"":0.054214,""low_light"":0.031385,""motion_blur"":0.014685,""defocus_blur"":0.013664,""glare_flare"":0.46005,""vignetting"":0.058001,""sensor_noise"":0.004409,""exposure_shift"":0.231074,""compression"":0.079406,""lens_occlusion"":0.199904}","[{""issue"":""compression"",""prob"":0.999996},{""issue"":""exposure_shift"",""prob"":0.877027},{""issue"":""glare_flare"",""prob"":0.673222}]"
S01_defocus_blur_s5,S01,video_018,dev,corrupted,defocus_blur,5,s5,0.75,0,-1.0,cloudy,day,urban,moderate,30,1280x720,128,corrupted/defocus_blur/s5/S01_defocus_blur_s5.mp4,"{""severity"":0.75,""sigma_max_eff"":22.5,""d_f"":0.903311014175415,""invert_depth"":true,""n_layers"":16}",0.162893,0.262723,compression,0.999999,"{""haze_fog"":0.096913,""rain"":0.003504,""snow"":0.003308,""low_light"":0.0,""motion_blur"":0.0,""defocus_blur"":0.008194,""glare_flare"":0.40533,""vignetting"":2e-05,""sensor_noise"":1e-06,""exposure_shift"":0.528876,""compression"":0.999999,""lens_occlusion"":0.128824}","{""haze_fog"":0.122562,""rain"":0.17585,""snow"":0.07394,""low_light"":0.031376,""motion_blur"":0.02549,""defocus_blur"":0.022274,""glare_flare"":0.350268,""vignetting"":0.035299,""sensor_noise"":0.018805,""exposure_shift"":0.190932,""compression"":0.144258,""lens_occlusion"":0.181685}","[{""issue"":""compression"",""prob"":0.999999},{""issue"":""exposure_shift"",""prob"":0.528876},{""issue"":""glare_flare"",""prob"":0.40533}]"
S01_lens_occlusion_s1,S01,video_018,dev,corrupted,lens_occlusion,1,s1,0.08,0,-1.0,cloudy,day,urban,moderate,30,1280x720,128,corrupted/lens_occlusion/s1/S01_lens_occlusion_s1.mp4,"{""severity"":0.08,""n_blobs"":8,""target_coverage"":0.08683796394240399,""coverage_reached"":0.09020941840277778,""blobs"":[{""cx"":184.54653312089133,""cy"":180.79430750968461,""R_px"":68.44288499772827,""k"":0.35814015128089866,""alpha_strength"":0.4776899810222307},{""cx"":568.5987858109011,""cy"":515.7403282291652,""R_px"":51.5335596690846,""k"":0.30736236410918044,""alpha_strength"":0.482435415551868},{""cx"":824.7945590666671,""cy"":229.3087830519691,""R_px"":58.99699672012598,""k"":0.3262798050801359,""alpha_strength"":0.4886120806359236},{""cx"":497.71134452078445,""cy"":192.15941325951707,""R_px"":53.03675818218708,""k"":0.29258558935638634,""alpha_strength"":0.4661534585874314},{""cx"":522.9292508944332,""cy"":445.9054614335167,""R_px"":63.20441069067738,""k"":0.35166840869120947,""alpha_strength"":0.4602832245886981},{""cx"":216.85829415906719,""cy"":602.0709595285755,""R_px"":59.80674909353419,""k"":0.3490926028775746,""alpha_strength"":0.44700118452350823},{""cx"":272.96418023497716,""cy"":427.4739274539249,""R_px"":63.289046912034976,""k"":0.35339729663309977,""alpha_strength"":0.4662040925429199},{""cx"":162.78481730710573,""cy"":330.3313251213561,""R_px"":69.15067026573799,""k"":0.3196201037394401,""alpha_strength"":0.4402072769805121}]}",0.877737,0.187447,compression,0.999966,"{""haze_fog"":0.111618,""rain"":0.045025,""snow"":0.000506,""low_light"":0.0,""motion_blur"":0.0,""defocus_blur"":0.005207,""glare_flare"":0.611887,""vignetting"":1.2e-05,""sensor_noise"":0.0,""exposure_shift"":0.944891,""compression"":0.999966,""lens_occlusion"":0.362756}","{""haze_fog"":0.102399,""rain"":0.150476,""snow"":0.051979,""low_light"":0.02613,""motion_blur"":0.008047,""defocus_blur"":0.009567,""glare_flare"":0.501549,""vignetting"":0.081152,""sensor_noise"":0.001408,""exposure_shift"":0.236665,""compression"":0.046519,""lens_occlusion"":0.27066}","[{""issue"":""compression"",""prob"":0.999966},{""issue"":""exposure_shift"",""prob"":0.944891},{""issue"":""glare_flare"",""prob"":0.611887},{""issue"":""lens_occlusion"",""prob"":0.362756}]"
S01_lens_occlusion_s2,S01,video_018,dev,corrupted,lens_occlusion,2,s2,0.18,0,-1.0,cloudy,day,urban,moderate,30,1280x720,128,corrupted/lens_occlusion/s2/S01_lens_occlusion_s2.mp4,"{""severity"":0.18,""n_blobs"":9,""target_coverage"":0.12819608774757496,""coverage_reached"":0.13823350694444445,""blobs"":[{""cx"":963.8393901109029,""cy"":333.7019226701632,""R_px"":89.21414639682219,""k"":0.38975586416683516,""alpha_strength"":0.5323209760360748},{""cx"":561.3899895396166,""cy"":362.44148392375394,""R_px"":81.74714537152175,""k"":0.3603566071502399,""alpha_strength"":0.5304030271703432},{""cx"":884.6580339035146,""cy"":169.80274417403325,""R_px"":78.25720625328265,""k"":0.35046828671372177,""alpha_strength"":0.5335054549804509},{""cx"":1014.2859927160648,""cy"":186.85555942716078,""R_px"":67.37580968542952,""k"":0.4462801325756084,""alpha_strength"":0.5564161946438558},{""cx"":306.5941387461022,""cy"":260.47622587236754,""R_px"":75.51452218971154,""k"":0.36861282981661697,""alpha_strength"":0.5070006145158289},{""cx"":329.3338908728268,""cy"":303.284530923977,""R_px"":79.06855551427527,""k"":0.4470095963385592,""alpha_strength"":0.4885825770517746},{""cx"":692.1429406381112,""cy"":490.7857083946735,""R_px"":75.75393525973207,""k"":0.41148327868046436,""alpha_strength"":0.5148202476870402},{""cx"":557.5568348045489,""cy"":346.44201665817866,""R_px"":67.2595483805213,""k"":0.37467211078156193,""alpha_strength"":0.5238633318793123},{""cx"":524.8674954728297,""cy"":461.7130945209141,""R_px"":83.22198090456915,""k"":0.4390141502343368,""alpha_strength"":0.5355997726620153}]}",0.733170,0.158284,compression,0.999978,"{""haze_fog"":0.114728,""rain"":0.043993,""snow"":0.0004,""low_light"":0.0,""motion_blur"":0.0,""defocus_blur"":0.005492,""glare_flare"":0.694904,""vignetting"":1.1e-05,""sensor_noise"":0.0,""exposure_shift"":0.918585,""compression"":0.999978,""lens_occlusion"":0.335639}","{""haze_fog"":0.110859,""rain"":0.153124,""snow"":0.048009,""low_light"":0.027401,""motion_blur"":0.010399,""defocus_blur"":0.010266,""glare_flare"":0.530813,""vignetting"":0.07536,""sensor_noise"":0.001803,""exposure_shift"":0.228309,""compression"":0.056307,""lens_occlusion"":0.309094}","[{""issue"":""compression"",""prob"":0.999978},{""issue"":""exposure_shift"",""prob"":0.918585},{""issue"":""glare_flare"",""prob"":0.694904},{""issue"":""lens_occlusion"",""prob"":0.335639}]"
S01_lens_occlusion_s3,S01,video_018,dev,corrupted,lens_occlusion,3,s3,0.35,0,-1.0,cloudy,day,urban,moderate,30,1280x720,128,corrupted/lens_occlusion/s3/S01_lens_occlusion_s3.mp4,"{""severity"":0.35,""n_blobs"":6,""target_coverage"":0.20651238262623056,""coverage_reached"":0.21451714409722222,""blobs"":[{""cx"":890.1755912700941,""cy"":249.4487404152997,""R_px"":126.27500944098534,""k"":0.5845808155171557,""alpha_strength"":0.6264940265676096},{""cx"":618.8590856373299,""cy"":594.9461811994903,""R_px"":104.64754832278622,""k"":0.6142847819400373,""alpha_strength"":0.5847507430657424},{""cx"":272.3272190768458,""cy"":63.13497692913166,""R_px"":125.56437692065596,""k"":0.6288135621938933,""alpha_strength"":0.5786422283715433},{""cx"":994.3269593784917,""cy"":196.2571654988528,""R_px"":98.47919279212742,""k"":0.5446565700783517,""alpha_strength"":0.6519636777042243},{""cx"":228.43449333756237,""cy"":444.19231949755374,""R_px"":103.83549528737898,""k"":0.49017933681335296,""alpha_strength"":0.6306382640942587},{""cx"":441.40771193264516,""cy"":175.2853038735481,""R_px"":117.87800549775392,""k"":0.591757735230284,""alpha_strength"":0.5925595276684914}]}",0.509796,0.210325,compression,0.999990,"{""haze_fog"":0.122846,""rain"":0.062558,""snow"":0.000494,""low_light"":0.0,""motion_blur"":0.0,""defocus_blur"":0.005678,""glare_flare"":0.591369,""vignetting"":1.2e-05,""sensor_noise"":0.0,""exposure_shift"":0.884874,""compression"":0.99999,""lens_occlusion"":0.271944}","{""haze_fog"":0.109252,""rain"":0.14875,""snow"":0.039572,""low_light"":0.030739,""motion_blur"":0.0116,""defocus_blur"":0.010561,""glare_flare"":0.483353,""vignetting"":0.068672,""sensor_noise"":0.002175,""exposure_shift"":0.208942,""compression"":0.057369,""lens_occlusion"":0.277038}","[{""issue"":""compression"",""prob"":0.99999},{""issue"":""exposure_shift"",""prob"":0.884874},{""issue"":""glare_flare"",""prob"":0.591369},{""issue"":""lens_occlusion"",""prob"":0.271944}]"
S01_lens_occlusion_s4,S01,video_018,dev,corrupted,lens_occlusion,4,s4,0.55,0,-1.0,cloudy,day,urban,moderate,30,1280x720,128,corrupted/lens_occlusion/s4/S01_lens_occlusion_s4.mp4,"{""severity"":0.55,""n_blobs"":5,""target_coverage"":0.30638438084827657,""coverage_reached"":0.32403103298611113,""blobs"":[{""cx"":200.88264417408155,""cy"":304.9636177848276,""R_px"":166.0521671654383,""k"":0.666202270953001,""alpha_strength"":0.7599292078814259},{""cx"":228.01890384516935,""cy"":202.31357298652733,""R_px"":161.60506782774294,""k"":0.6906582307623345,""alpha_strength"":0.7459624023728607},{""cx"":274.5818509626813,""cy"":625.6386639498437,""R_px"":179.61252585265572,""k"":0.7274526384874164,""alpha_strength"":0.6813744746128773},{""cx"":447.38288741899373,""cy"":311.1163395788519,""R_px"":149.9742340710975,""k"":0.6486112563415565,""alpha_strength"":0.762279984832395},{""cx"":979.0371533583756,""cy"":443.0967540902586,""R_px"":139.16129060184554,""k"":0.7303256046161588,""alpha_strength"":0.6948159558853274}]}",0.286830,0.136232,compression,0.999987,"{""haze_fog"":0.134819,""rain"":0.029943,""snow"":0.000336,""low_light"":0.0,""motion_blur"":0.0,""defocus_blur"":0.007671,""glare_flare"":0.31825,""vignetting"":1.5e-05,""sensor_noise"":0.0,""exposure_shift"":0.941928,""compression"":0.999987,""lens_occlusion"":0.635854}","{""haze_fog"":0.118708,""rain"":0.162501,""snow"":0.058244,""low_light"":0.044127,""motion_blur"":0.023797,""defocus_blur"":0.014785,""glare_flare"":0.465075,""vignetting"":0.072124,""sensor_noise"":0.004813,""exposure_shift"":0.233161,""compression"":0.085636,""lens_occlusion"":0.417015}","[{""issue"":""compression"",""prob"":0.999987},{""issue"":""exposure_shift"",""prob"":0.941928},{""issue"":""lens_occlusion"",""prob"":0.635854},{""issue"":""glare_flare"",""prob"":0.31825}]"
S01_lens_occlusion_s5,S01,video_018,dev,corrupted,lens_occlusion,5,s5,0.75,0,-1.0,cloudy,day,urban,moderate,30,1280x720,128,corrupted/lens_occlusion/s5/S01_lens_occlusion_s5.mp4,"{""severity"":0.75,""n_blobs"":4,""target_coverage"":0.41197882156696997,""coverage_reached"":0.44831271701388886,""blobs"":[{""cx"":624.8404976848432,""cy"":629.3347774162576,""R_px"":219.95278424232416,""k"":0.8792025049593272,""alpha_strength"":0.7874790363751794},{""cx"":248.33344408083323,""cy"":314.68693181105965,""R_px"":208.44930651724488,""k"":1.0076054465744568,""alpha_strength"":0.7827860928846313},{""cx"":437.61634331544246,""cy"":186.05831249992656,""R_px"":205.53853869386063,""k"":0.9832599523640394,""alpha_strength"":0.7680991369352085},{""cx"":1120.1578470281684,""cy"":123.14084937552866,""R_px"":200.3937682905473,""k"":0.9186673687208909,""alpha_strength"":0.8849938651313287}]}",0.114387,0.123794,compression,0.999900,"{""haze_fog"":0.412678,""rain"":0.012241,""snow"":0.002701,""low_light"":2e-06,""motion_blur"":0.0,""defocus_blur"":0.011781,""glare_flare"":0.087337,""vignetting"":0.00018,""sensor_noise"":0.0,""exposure_shift"":0.94009,""compression"":0.9999,""lens_occlusion"":0.492461}","{""haze_fog"":0.129226,""rain"":0.174429,""snow"":0.081931,""low_light"":0.056539,""motion_blur"":0.040453,""defocus_blur"":0.026023,""glare_flare"":0.373538,""vignetting"":0.066944,""sensor_noise"":0.011913,""exposure_shift"":0.244676,""compression"":0.107262,""lens_occlusion"":0.389575}","[{""issue"":""compression"",""prob"":0.9999},{""issue"":""exposure_shift"",""prob"":0.94009},{""issue"":""lens_occlusion"",""prob"":0.492461},{""issue"":""haze_fog"",""prob"":0.412678}]"
S01_sensor_noise_s1,S01,video_018,dev,corrupted,sensor_noise,1,s1,0.08,0,-1.0,cloudy,day,urban,moderate,30,1280x720,128,corrupted/sensor_noise/s1/S01_sensor_noise_s1.mp4,"{""severity"":0.08,""sigma_r"":0.0028309117239688148,""sigma_s"":0.007254459243086816,""per_channel"":true}",0.928613,0.231787,compression,0.999960,"{""haze_fog"":0.123281,""rain"":0.04979,""snow"":0.000645,""low_light"":0.0,""motion_blur"":0.0,""defocus_blur"":0.005648,""glare_flare"":0.57512,""vignetting"":1e-05,""sensor_noise"":0.0,""exposure_shift"":0.961699,""compression"":0.99996,""lens_occlusion"":0.079356}","{""haze_fog"":0.093731,""rain"":0.150728,""snow"":0.052693,""low_light"":0.026974,""motion_blur"":0.006694,""defocus_blur"":0.010028,""glare_flare"":0.468206,""vignetting"":0.087217,""sensor_noise"":0.001256,""exposure_shift"":0.243323,""compression"":0.041913,""lens_occlusion"":0.206861}","[{""issue"":""compression"",""prob"":0.99996},{""issue"":""exposure_shift"",""prob"":0.961699},{""issue"":""glare_flare"",""prob"":0.57512}]"
S01_sensor_noise_s2,S01,video_018,dev,corrupted,sensor_noise,2,s2,0.18,0,-1.0,cloudy,day,urban,moderate,30,1280x720,128,corrupted/sensor_noise/s2/S01_sensor_noise_s2.mp4,"{""severity"":0.18,""sigma_r"":0.0048064543437549255,""sigma_s"":0.017225300760717543,""per_channel"":true}",0.838388,0.277450,compression,0.999977,"{""haze_fog"":0.118561,""rain"":0.016361,""snow"":0.001108,""low_light"":2.5e-05,""motion_blur"":0.0,""defocus_blur"":0.004776,""glare_flare"":0.47787,""vignetting"":1e-05,""sensor_noise"":0.0,""exposure_shift"":0.976138,""compression"":0.999977,""lens_occlusion"":0.09221}","{""haze_fog"":0.086324,""rain"":0.144107,""snow"":0.051364,""low_light"":0.033971,""motion_blur"":0.005891,""defocus_blur"":0.009001,""glare_flare"":0.409885,""vignetting"":0.076687,""sensor_noise"":0.002743,""exposure_shift"":0.255056,""compression"":0.036178,""lens_occlusion"":0.190327}","[{""issue"":""compression"",""prob"":0.999977},{""issue"":""exposure_shift"",""prob"":0.976138},{""issue"":""glare_flare"",""prob"":0.47787}]"
S01_sensor_noise_s3,S01,video_018,dev,corrupted,sensor_noise,3,s3,0.35,0,-1.0,cloudy,day,urban,moderate,30,1280x720,128,corrupted/sensor_noise/s3/S01_sensor_noise_s3.mp4,"{""severity"":0.35,""sigma_r"":0.008584029694877008,""sigma_s"":0.027434557218184944,""per_channel"":true}",0.682056,0.489703,compression,0.999994,"{""haze_fog"":0.121358,""rain"":0.00038,""snow"":0.001457,""low_light"":0.130445,""motion_blur"":0.0,""defocus_blur"":0.00274,""glare_flare"":0.23107,""vignetting"":6e-06,""sensor_noise"":0.001585,""exposure_shift"":0.987635,""compression"":0.999994,""lens_occlusion"":0.014846}","{""haze_fog"":0.050573,""rain"":0.119155,""snow"":0.051593,""low_light"":0.056128,""motion_blur"":0.002996,""defocus_blur"":0.006164,""glare_flare"":0.237646,""vignetting"":0.053462,""sensor_noise"":0.01704,""exposure_shift"":0.22742,""compression"":0.020873,""lens_occlusion"":0.08811}","[{""issue"":""compression"",""prob"":0.999994},{""issue"":""exposure_shift"",""prob"":0.987635}]"
S01_sensor_noise_s4,S01,video_018,dev,corrupted,sensor_noise,4,s4,0.55,0,-1.0,cloudy,day,urban,moderate,30,1280x720,128,corrupted/sensor_noise/s4/S01_sensor_noise_s4.mp4,"{""severity"":0.55,""sigma_r"":0.010763555812359465,""sigma_s"":0.0474256680906543,""per_channel"":true}",0.492001,0.541512,compression,0.999998,"{""haze_fog"":0.150114,""rain"":0.000176,""snow"":0.001205,""low_light"":0.542063,""motion_blur"":0.0,""defocus_blur"":0.001715,""glare_flare"":0.22077,""vignetting"":6e-06,""sensor_noise"":0.045008,""exposure_shift"":0.990746,""compression"":0.999998,""lens_occlusion"":0.011124}","{""haze_fog"":0.043553,""rain"":0.114659,""snow"":0.073282,""low_light"":0.09054,""motion_blur"":0.001773,""defocus_blur"":0.004878,""glare_flare"":0.222723,""vignetting"":0.045364,""sensor_noise"":0.046698,""exposure_shift"":0.196644,""compression"":0.014589,""lens_occlusion"":0.065569}","[{""issue"":""compression"",""prob"":0.999998},{""issue"":""exposure_shift"",""prob"":0.990746},{""issue"":""low_light"",""prob"":0.542063}]"
S01_sensor_noise_s5,S01,video_018,dev,corrupted,sensor_noise,5,s5,0.75,0,-1.0,cloudy,day,urban,moderate,30,1280x720,128,corrupted/sensor_noise/s5/S01_sensor_noise_s5.mp4,"{""severity"":0.75,""sigma_r"":0.016096622228989537,""sigma_s"":0.05778822097635566,""per_channel"":true}",0.291891,0.537930,compression,0.999999,"{""haze_fog"":0.180716,""rain"":0.000147,""snow"":0.004136,""low_light"":0.753397,""motion_blur"":0.0,""defocus_blur"":0.001536,""glare_flare"":0.203799,""vignetting"":5e-06,""sensor_noise"":0.20192,""exposure_shift"":0.994533,""compression"":0.999999,""lens_occlusion"":0.006756}","{""haze_fog"":0.03888,""rain"":0.114508,""snow"":0.092081,""low_light"":0.118649,""motion_blur"":0.001381,""defocus_blur"":0.004671,""glare_flare"":0.222453,""vignetting"":0.044268,""sensor_noise"":0.081428,""exposure_shift"":0.197132,""compression"":0.012713,""lens_occlusion"":0.059511}","[{""issue"":""compression"",""prob"":0.999999},{""issue"":""exposure_shift"",""prob"":0.994533},{""issue"":""low_light"",""prob"":0.753397}]"
S01_low_light_s1,S01,video_018,dev,corrupted,low_light,1,s1,0.08,0,-1.0,cloudy,day,urban,moderate,30,1280x720,128,corrupted/low_light/s1/S01_low_light_s1.mp4,"{""severity"":0.08,""gamma"":1.5507097121963052,""sigma_r"":0.0036638386812935008,""sigma_s"":0.012547411939889433,""amp_r"":2.0,""amp_s"":3.0,""desat"":0.02,""per_channel"":true}",0.911980,0.320644,compression,0.999795,"{""haze_fog"":0.000957,""rain"":0.127227,""snow"":0.000657,""low_light"":3.3e-05,""motion_blur"":0.0,""defocus_blur"":0.004858,""glare_flare"":0.554914,""vignetting"":1.2e-05,""sensor_noise"":0.0,""exposure_shift"":0.846389,""compression"":0.999795,""lens_occlusion"":0.11825}","{""haze_fog"":0.039686,""rain"":0.146836,""snow"":0.03963,""low_light"":0.047783,""motion_blur"":0.010773,""defocus_blur"":0.009924,""glare_flare"":0.365624,""vignetting"":0.082667,""sensor_noise"":0.000973,""exposure_shift"":0.164537,""compression"":0.052455,""lens_occlusion"":0.210764}","[{""issue"":""compression"",""prob"":0.999795},{""issue"":""exposure_shift"",""prob"":0.846389},{""issue"":""glare_flare"",""prob"":0.554914}]"
S01_low_light_s2,S01,video_018,dev,corrupted,low_light,2,s2,0.18,0,-1.0,cloudy,day,urban,moderate,30,1280x720,128,corrupted/low_light/s2/S01_low_light_s2.mp4,"{""severity"":0.18,""gamma"":1.4827793731953454,""sigma_r"":0.007547095644231605,""sigma_s"":0.028773749086593157,""amp_r"":2.0,""amp_s"":3.0,""desat"":0.045,""per_channel"":true}",0.803090,0.494591,compression,0.999476,"{""haze_fog"":2e-05,""rain"":0.018481,""snow"":0.000575,""low_light"":0.512042,""motion_blur"":0.0,""defocus_blur"":0.004213,""glare_flare"":0.401751,""vignetting"":1.1e-05,""sensor_noise"":6e-06,""exposure_shift"":0.860069,""compression"":0.999476,""lens_occlusion"":0.039375}","{""haze_fog"":0.015788,""rain"":0.125007,""snow"":0.030019,""low_light"":0.099032,""motion_blur"":0.009596,""defocus_blur"":0.009764,""glare_flare"":0.214011,""vignetting"":0.073012,""sensor_noise"":0.003667,""exposure_shift"":0.126113,""compression"":0.043223,""lens_occlusion"":0.136261}","[{""issue"":""compression"",""prob"":0.999476},{""issue"":""exposure_shift"",""prob"":0.860069},{""issue"":""low_light"",""prob"":0.512042},{""issue"":""glare_flare"",""prob"":0.401751}]"
S01_low_light_s3,S01,video_018,dev,corrupted,low_light,3,s3,0.35,0,-1.0,cloudy,day,urban,moderate,30,1280x720,128,corrupted/low_light/s3/S01_low_light_s3.mp4,"{""severity"":0.35,""gamma"":2.0668106099230816,""sigma_r"":0.012809916363516052,""sigma_s"":0.07404128812951669,""amp_r"":2.0,""amp_s"":3.0,""desat"":0.0875,""per_channel"":true}",0.621254,0.476094,compression,0.999943,"{""haze_fog"":7e-06,""rain"":0.014678,""snow"":0.00032,""low_light"":0.997259,""motion_blur"":0.0,""defocus_blur"":0.00586,""glare_flare"":0.258666,""vignetting"":3e-06,""sensor_noise"":0.000197,""exposure_shift"":0.778664,""compression"":0.999943,""lens_occlusion"":0.021912}","{""haze_fog"":0.010012,""rain"":0.127491,""snow"":0.036333,""low_light"":0.223013,""motion_blur"":0.012639,""defocus_blur"":0.013973,""glare_flare"":0.167797,""vignetting"":0.08816,""sensor_noise"":0.010848,""exposure_shift"":0.116666,""compression"":0.048893,""lens_occlusion"":0.120821}","[{""issue"":""compression"",""prob"":0.999943},{""issue"":""low_light"",""prob"":0.997259},{""issue"":""exposure_shift"",""prob"":0.778664},{""issue"":""glare_flare"",""prob"":0.258666}]"
S01_low_light_s4,S01,video_018,dev,corrupted,low_light,4,s4,0.55,0,-1.0,cloudy,day,urban,moderate,30,1280x720,128,corrupted/low_light/s4/S01_low_light_s4.mp4,"{""severity"":0.55,""gamma"":2.393450898909877,""sigma_r"":0.0242631648889101,""sigma_s"":0.12712457523221374,""amp_r"":2.0,""amp_s"":3.0,""desat"":0.1375,""per_channel"":true}",0.413809,0.262247,compression,0.999698,"{""haze_fog"":0.0,""rain"":0.275663,""snow"":0.000219,""low_light"":0.999683,""motion_blur"":0.0,""defocus_blur"":0.011654,""glare_flare"":0.366205,""vignetting"":3e-06,""sensor_noise"":0.000171,""exposure_shift"":0.503278,""compression"":0.999698,""lens_occlusion"":0.026171}","{""haze_fog"":0.009884,""rain"":0.163565,""snow"":0.028249,""low_light"":0.348413,""motion_blur"":0.021922,""defocus_blur"":0.024751,""glare_flare"":0.2157,""vignetting"":0.152831,""sensor_noise"":0.006211,""exposure_shift"":0.11797,""compression"":0.066976,""lens_occlusion"":0.153771}","[{""issue"":""compression"",""prob"":0.999698},{""issue"":""low_light"",""prob"":0.999683},{""issue"":""exposure_shift"",""prob"":0.503278},{""issue"":""glare_flare"",""prob"":0.366205},{""issue"":""rain"",""prob"":0.275663}]"
S01_low_light_s5,S01,video_018,dev,corrupted,low_light,5,s5,0.75,0,-1.0,cloudy,day,urban,moderate,30,1280x720,128,corrupted/low_light/s5/S01_low_light_s5.mp4,"{""severity"":0.75,""gamma"":2.698880848941369,""sigma_r"":0.03997464846026218,""sigma_s"":0.2132325682007705,""amp_r"":2.0,""amp_s"":3.0,""desat"":0.1875,""per_channel"":true}",0.216134,0.173881,compression,0.999526,"{""haze_fog"":0.0,""rain"":0.279284,""snow"":1.8e-05,""low_light"":0.999368,""motion_blur"":0.0,""defocus_blur"":0.018255,""glare_flare"":0.29587,""vignetting"":1e-06,""sensor_noise"":8e-06,""exposure_shift"":0.25668,""compression"":0.999526,""lens_occlusion"":0.027087}","{""haze_fog"":0.014673,""rain"":0.177435,""snow"":0.023397,""low_light"":0.472549,""motion_blur"":0.024104,""defocus_blur"":0.029278,""glare_flare"":0.195842,""vignetting"":0.131862,""sensor_noise"":0.0027,""exposure_shift"":0.10337,""compression"":0.073821,""lens_occlusion"":0.161654}","[{""issue"":""compression"",""prob"":0.999526},{""issue"":""low_light"",""prob"":0.999368},{""issue"":""glare_flare"",""prob"":0.29587},{""issue"":""rain"",""prob"":0.279284},{""issue"":""exposure_shift"",""prob"":0.25668}]"
S01_overexposure_s1,S01,video_018,dev,corrupted,overexposure,1,s1,0.08,0,-1.0,cloudy,day,urban,moderate,30,1280x720,128,corrupted/overexposure/s1/S01_overexposure_s1.mp4,"{""severity"":0.08,""delta_ev"":0.16,""scale"":1.11728713807222}",0.934886,0.320419,compression,0.999893,"{""haze_fog"":0.085581,""rain"":0.020072,""snow"":0.005306,""low_light"":2e-06,""motion_blur"":0.0,""defocus_blur"":0.005623,""glare_flare"":0.364691,""vignetting"":0.000107,""sensor_noise"":0.0,""exposure_shift"":0.987569,""compression"":0.999893,""lens_occlusion"":0.081256}","{""haze_fog"":0.081256,""rain"":0.149769,""snow"":0.048768,""low_light"":0.034124,""motion_blur"":0.00596,""defocus_blur"":0.010477,""glare_flare"":0.358935,""vignetting"":0.106614,""sensor_noise"":0.001808,""exposure_shift"":0.256883,""compression"":0.043242,""lens_occlusion"":0.189425}","[{""issue"":""compression"",""prob"":0.999893},{""issue"":""exposure_shift"",""prob"":0.987569},{""issue"":""glare_flare"",""prob"":0.364691}]"
S01_overexposure_s2,S01,video_018,dev,corrupted,overexposure,2,s2,0.18,0,-1.0,cloudy,day,urban,moderate,30,1280x720,128,corrupted/overexposure/s2/S01_overexposure_s2.mp4,"{""severity"":0.18,""delta_ev"":0.36,""scale"":1.2834258975629043}",0.851932,0.428593,compression,0.999613,"{""haze_fog"":0.007959,""rain"":0.000305,""snow"":0.293551,""low_light"":0.000347,""motion_blur"":0.0,""defocus_blur"":0.007134,""glare_flare"":0.219847,""vignetting"":0.000134,""sensor_noise"":0.0,""exposure_shift"":0.997643,""compression"":0.999613,""lens_occlusion"":0.024332}","{""haze_fog"":0.051748,""rain"":0.091471,""snow"":0.028224,""low_light"":0.043803,""motion_blur"":0.005933,""defocus_blur"":0.014378,""glare_flare"":0.248298,""vignetting"":0.123252,""sensor_noise"":0.006071,""exposure_shift"":0.309031,""compression"":0.049663,""lens_occlusion"":0.129602}","[{""issue"":""compression"",""prob"":0.999613},{""issue"":""exposure_shift"",""prob"":0.997643},{""issue"":""snow"",""prob"":0.293551}]"
S01_overexposure_s3,S01,video_018,dev,corrupted,overexposure,3,s3,0.35,0,-1.0,cloudy,day,urban,moderate,30,1280x720,128,corrupted/overexposure/s3/S01_overexposure_s3.mp4,"{""severity"":0.35,""delta_ev"":0.7,""scale"":1.624504792712471}",0.706200,0.417376,exposure_shift,0.998999,"{""haze_fog"":0.00091,""rain"":1e-06,""snow"":0.794088,""low_light"":0.010349,""motion_blur"":0.0,""defocus_blur"":0.010974,""glare_flare"":0.069345,""vignetting"":8.6e-05,""sensor_noise"":0.000132,""exposure_shift"":0.998999,""compression"":0.99597,""lens_occlusion"":0.031376}","{""haze_fog"":0.047327,""rain"":0.047818,""snow"":0.011652,""low_light"":0.052556,""motion_blur"":0.007174,""defocus_blur"":0.030163,""glare_flare"":0.178742,""vignetting"":0.146067,""sensor_noise"":0.030752,""exposure_shift"":0.475243,""compression"":0.071537,""lens_occlusion"":0.094358}","[{""issue"":""exposure_shift"",""prob"":0.998999},{""issue"":""compression"",""prob"":0.99597},{""issue"":""snow"",""prob"":0.794088}]"
S01_overexposure_s4,S01,video_018,dev,corrupted,overexposure,4,s4,0.55,0,-1.0,cloudy,day,urban,moderate,30,1280x720,128,corrupted/overexposure/s4/S01_overexposure_s4.mp4,"{""severity"":0.55,""delta_ev"":1.1,""scale"":2.1435469250725863}",0.524770,0.319913,compression,0.964030,"{""haze_fog"":0.000109,""rain"":0.0,""snow"":0.870592,""low_light"":0.050634,""motion_blur"":0.0,""defocus_blur"":0.020195,""glare_flare"":0.073478,""vignetting"":6.6e-05,""sensor_noise"":0.007714,""exposure_shift"":0.879615,""compression"":0.96403,""lens_occlusion"":0.017263}","{""haze_fog"":0.05909,""rain"":0.029845,""snow"":0.005636,""low_light"":0.075159,""motion_blur"":0.013774,""defocus_blur"":0.060389,""glare_flare"":0.186126,""vignetting"":0.156649,""sensor_noise"":0.05866,""exposure_shift"":0.571987,""compression"":0.101005,""lens_occlusion"":0.09203}","[{""issue"":""compression"",""prob"":0.96403},{""issue"":""exposure_shift"",""prob"":0.879615},{""issue"":""snow"",""prob"":0.870592}]"
S01_overexposure_s5,S01,video_018,dev,corrupted,overexposure,5,s5,0.75,0,-1.0,cloudy,day,urban,moderate,30,1280x720,128,corrupted/overexposure/s5/S01_overexposure_s5.mp4,"{""severity"":0.75,""delta_ev"":1.5,""scale"":2.8284271247461903}",0.326465,0.316283,compression,0.865008,"{""haze_fog"":1.8e-05,""rain"":0.0,""snow"":0.831818,""low_light"":0.081118,""motion_blur"":0.0,""defocus_blur"":0.029646,""glare_flare"":0.033157,""vignetting"":8e-06,""sensor_noise"":0.023328,""exposure_shift"":0.857811,""compression"":0.865008,""lens_occlusion"":0.007327}","{""haze_fog"":0.054282,""rain"":0.023747,""snow"":0.004522,""low_light"":0.084184,""motion_blur"":0.014758,""defocus_blur"":0.080379,""glare_flare"":0.159044,""vignetting"":0.129229,""sensor_noise"":0.076039,""exposure_shift"":0.589297,""compression"":0.086882,""lens_occlusion"":0.089134}","[{""issue"":""compression"",""prob"":0.865008},{""issue"":""exposure_shift"",""prob"":0.857811},{""issue"":""snow"",""prob"":0.831818}]"
S01_underexposure_s1,S01,video_018,dev,corrupted,underexposure,1,s1,0.08,0,-1.0,cloudy,day,urban,moderate,30,1280x720,128,corrupted/underexposure/s1/S01_underexposure_s1.mp4,"{""severity"":0.08,""delta_ev"":-0.16,""scale"":0.8950250709279725}",0.934886,0.219617,compression,0.999914,"{""haze_fog"":0.078825,""rain"":0.041811,""snow"":0.001974,""low_light"":0.0,""motion_blur"":0.0,""defocus_blur"":0.00636,""glare_flare"":0.230682,""vignetting"":9.6e-05,""sensor_noise"":0.0,""exposure_shift"":0.998228,""compression"":0.999914,""lens_occlusion"":0.1318}","{""haze_fog"":0.078053,""rain"":0.152826,""snow"":0.053895,""low_light"":0.036043,""motion_blur"":0.007943,""defocus_blur"":0.010731,""glare_flare"":0.390314,""vignetting"":0.125087,""sensor_noise"":0.001309,""exposure_shift"":0.330954,""compression"":0.050154,""lens_occlusion"":0.226873}","[{""issue"":""compression"",""prob"":0.999914},{""issue"":""exposure_shift"",""prob"":0.998228}]"
S01_underexposure_s2,S01,video_018,dev,corrupted,underexposure,2,s2,0.18,0,-1.0,cloudy,day,urban,moderate,30,1280x720,128,corrupted/underexposure/s2/S01_underexposure_s2.mp4,"{""severity"":0.18,""delta_ev"":-0.36,""scale"":0.7791645796604999}",0.851932,0.205273,exposure_shift,0.999969,"{""haze_fog"":0.039958,""rain"":0.010954,""snow"":0.001898,""low_light"":5e-06,""motion_blur"":0.0,""defocus_blur"":0.006839,""glare_flare"":0.030882,""vignetting"":0.000509,""sensor_noise"":0.0,""exposure_shift"":0.999969,""compression"":0.999898,""lens_occlusion"":0.127595}","{""haze_fog"":0.054107,""rain"":0.142282,""snow"":0.052201,""low_light"":0.040031,""motion_blur"":0.006277,""defocus_blur"":0.011168,""glare_flare"":0.239417,""vignetting"":0.195024,""sensor_noise"":0.001622,""exposure_shift"":0.489049,""compression"":0.050957,""lens_occlusion"":0.195712}","[{""issue"":""exposure_shift"",""prob"":0.999969},{""issue"":""compression"",""prob"":0.999898}]"
S01_underexposure_s3,S01,video_018,dev,corrupted,underexposure,3,s3,0.35,0,-1.0,cloudy,day,urban,moderate,30,1280x720,128,corrupted/underexposure/s3/S01_underexposure_s3.mp4,"{""severity"":0.35,""delta_ev"":-0.7,""scale"":0.6155722066724582}",0.706200,0.116198,exposure_shift,1.000000,"{""haze_fog"":0.008066,""rain"":0.000225,""snow"":0.000182,""low_light"":1.5e-05,""motion_blur"":0.0,""defocus_blur"":0.007978,""glare_flare"":0.001214,""vignetting"":0.000546,""sensor_noise"":0.0,""exposure_shift"":1.0,""compression"":0.999951,""lens_occlusion"":0.039254}","{""haze_fog"":0.035863,""rain"":0.13137,""snow"":0.035959,""low_light"":0.034011,""motion_blur"":0.004233,""defocus_blur"":0.013682,""glare_flare"":0.093633,""vignetting"":0.360042,""sensor_noise"":0.003888,""exposure_shift"":0.791523,""compression"":0.045187,""lens_occlusion"":0.101304}","[{""issue"":""exposure_shift"",""prob"":1.0},{""issue"":""compression"",""prob"":0.999951}]"
S01_underexposure_s4,S01,video_018,dev,corrupted,underexposure,4,s4,0.55,0,-1.0,cloudy,day,urban,moderate,30,1280x720,128,corrupted/underexposure/s4/S01_underexposure_s4.mp4,"{""severity"":0.55,""delta_ev"":-1.1,""scale"":0.4665164957684037}",0.524770,0.030984,exposure_shift,1.000000,"{""haze_fog"":0.007108,""rain"":0.000324,""snow"":0.000123,""low_light"":1e-05,""motion_blur"":0.0,""defocus_blur"":0.008717,""glare_flare"":0.000116,""vignetting"":0.001333,""sensor_noise"":0.0,""exposure_shift"":1.0,""compression"":0.999974,""lens_occlusion"":0.010787}","{""haze_fog"":0.038233,""rain"":0.154192,""snow"":0.033681,""low_light"":0.026505,""motion_blur"":0.00375,""defocus_blur"":0.017806,""glare_flare"":0.056552,""vignetting"":0.779018,""sensor_noise"":0.008109,""exposure_shift"":0.927908,""compression"":0.040899,""lens_occlusion"":0.080595}","[{""issue"":""exposure_shift"",""prob"":1.0},{""issue"":""compression"",""prob"":0.999974}]"
S01_underexposure_s5,S01,video_018,dev,corrupted,underexposure,5,s5,0.75,0,-1.0,cloudy,day,urban,moderate,30,1280x720,128,corrupted/underexposure/s5/S01_underexposure_s5.mp4,"{""severity"":0.75,""delta_ev"":-1.5,""scale"":0.3535533905932738}",0.326465,0.013718,exposure_shift,1.000000,"{""haze_fog"":0.002903,""rain"":0.000844,""snow"":0.000269,""low_light"":1.2e-05,""motion_blur"":0.0,""defocus_blur"":0.01012,""glare_flare"":4.3e-05,""vignetting"":0.005684,""sensor_noise"":0.0,""exposure_shift"":1.0,""compression"":0.99993,""lens_occlusion"":0.005225}","{""haze_fog"":0.038319,""rain"":0.165084,""snow"":0.037294,""low_light"":0.027956,""motion_blur"":0.0048,""defocus_blur"":0.023841,""glare_flare"":0.045452,""vignetting"":0.907436,""sensor_noise"":0.009144,""exposure_shift"":0.953122,""compression"":0.041169,""lens_occlusion"":0.087496}","[{""issue"":""exposure_shift"",""prob"":1.0},{""issue"":""compression"",""prob"":0.99993}]"
S01_jpeg_compression_s1,S01,video_018,dev,corrupted,jpeg_compression,1,s1,0.08,0,-1.0,cloudy,day,urban,moderate,30,1280x720,128,corrupted/jpeg_compression/s1/S01_jpeg_compression_s1.mp4,"{""severity"":0.08,""quality"":90,""encode_ok"":true}",0.947560,0.220058,compression,0.999965,"{""haze_fog"":0.173708,""rain"":0.03225,""snow"":0.00204,""low_light"":0.0,""motion_blur"":0.0,""defocus_blur"":0.00544,""glare_flare"":0.588294,""vignetting"":1e-05,""sensor_noise"":0.0,""exposure_shift"":0.96499,""compression"":0.999965,""lens_occlusion"":0.099259}","{""haze_fog"":0.107037,""rain"":0.152099,""snow"":0.056411,""low_light"":0.027164,""motion_blur"":0.005963,""defocus_blur"":0.009592,""glare_flare"":0.482327,""vignetting"":0.08631,""sensor_noise"":0.001561,""exposure_shift"":0.250361,""compression"":0.038988,""lens_occlusion"":0.218401}","[{""issue"":""compression"",""prob"":0.999965},{""issue"":""exposure_shift"",""prob"":0.96499},{""issue"":""glare_flare"",""prob"":0.588294}]"
S01_jpeg_compression_s2,S01,video_018,dev,corrupted,jpeg_compression,2,s2,0.18,0,-1.0,cloudy,day,urban,moderate,30,1280x720,128,corrupted/jpeg_compression/s2/S01_jpeg_compression_s2.mp4,"{""severity"":0.18,""quality"":78,""encode_ok"":true}",0.879678,0.237748,compression,0.999975,"{""haze_fog"":0.176833,""rain"":0.033895,""snow"":0.01258,""low_light"":0.0,""motion_blur"":0.0,""defocus_blur"":0.00515,""glare_flare"":0.612837,""vignetting"":8e-06,""sensor_noise"":0.0,""exposure_shift"":0.925295,""compression"":0.999975,""lens_occlusion"":0.1042}","{""haze_fog"":0.10745,""rain"":0.149897,""snow"":0.053125,""low_light"":0.028392,""motion_blur"":0.005369,""defocus_blur"":0.00929,""glare_flare"":0.48765,""vignetting"":0.079139,""sensor_noise"":0.001559,""exposure_shift"":0.23216,""compression"":0.037134,""lens_occlusion"":0.215415}","[{""issue"":""compression"",""prob"":0.999975},{""issue"":""exposure_shift"",""prob"":0.925295},{""issue"":""glare_flare"",""prob"":0.612837}]"
S01_jpeg_compression_s3,S01,video_018,dev,corrupted,jpeg_compression,3,s3,0.35,0,-1.0,cloudy,day,urban,moderate,30,1280x720,128,corrupted/jpeg_compression/s3/S01_jpeg_compression_s3.mp4,"{""severity"":0.35,""quality"":66,""encode_ok"":true}",0.757080,0.251340,compression,0.999987,"{""haze_fog"":0.149751,""rain"":0.047815,""snow"":0.000455,""low_light"":0.0,""motion_blur"":0.0,""defocus_blur"":0.004915,""glare_flare"":0.670498,""vignetting"":8e-06,""sensor_noise"":0.0,""exposure_shift"":0.869997,""compression"":0.999987,""lens_occlusion"":0.097789}","{""haze_fog"":0.103895,""rain"":0.147355,""snow"":0.043205,""low_light"":0.032651,""motion_blur"":0.005998,""defocus_blur"":0.008944,""glare_flare"":0.507647,""vignetting"":0.065,""sensor_noise"":0.001221,""exposure_shift"":0.20038,""compression"":0.037475,""lens_occlusion"":0.212685}","[{""issue"":""compression"",""prob"":0.999987},{""issue"":""exposure_shift"",""prob"":0.869997},{""issue"":""glare_flare"",""prob"":0.670498}]"
S01_jpeg_compression_s4,S01,video_018,dev,corrupted,jpeg_compression,4,s4,0.55,0,-1.0,cloudy,day,urban,moderate,30,1280x720,128,corrupted/jpeg_compression/s4/S01_jpeg_compression_s4.mp4,"{""severity"":0.55,""quality"":48,""encode_ok"":true}",0.597001,0.264517,compression,0.999993,"{""haze_fog"":0.11188,""rain"":0.038804,""snow"":0.000112,""low_light"":0.0,""motion_blur"":0.0,""defocus_blur"":0.005315,""glare_flare"":0.712712,""vignetting"":6e-06,""sensor_noise"":0.0,""exposure_shift"":0.703472,""compression"":0.999993,""lens_occlusion"":0.108197}","{""haze_fog"":0.097659,""rain"":0.14765,""snow"":0.035348,""low_light"":0.044668,""motion_blur"":0.007659,""defocus_blur"":0.009495,""glare_flare"":0.501006,""vignetting"":0.05251,""sensor_noise"":0.001235,""exposure_shift"":0.168969,""compression"":0.045538,""lens_occlusion"":0.20219}","[{""issue"":""compression"",""prob"":0.999993},{""issue"":""glare_flare"",""prob"":0.712712},{""issue"":""exposure_shift"",""prob"":0.703472}]"
S01_jpeg_compression_s5,S01,video_018,dev,corrupted,jpeg_compression,5,s5,0.75,0,-1.0,cloudy,day,urban,moderate,30,1280x720,128,corrupted/jpeg_compression/s5/S01_jpeg_compression_s5.mp4,"{""severity"":0.75,""quality"":34,""encode_ok"":true}",0.408384,0.314223,compression,0.999998,"{""haze_fog"":0.038362,""rain"":0.010457,""snow"":6.9e-05,""low_light"":3e-06,""motion_blur"":0.0,""defocus_blur"":0.00547,""glare_flare"":0.719594,""vignetting"":2.9e-05,""sensor_noise"":0.0,""exposure_shift"":0.647844,""compression"":0.999998,""lens_occlusion"":0.057564}","{""haze_fog"":0.075634,""rain"":0.145157,""snow"":0.035258,""low_light"":0.072689,""motion_blur"":0.009414,""defocus_blur"":0.009287,""glare_flare"":0.429373,""vignetting"":0.048883,""sensor_noise"":0.001769,""exposure_shift"":0.148952,""compression"":0.054768,""lens_occlusion"":0.171786}","[{""issue"":""compression"",""prob"":0.999998},{""issue"":""glare_flare"",""prob"":0.719594},{""issue"":""exposure_shift"",""prob"":0.647844}]"
S02_clean,S02,video_017,dev,clean,clean,0,s0,0.0,1,1.0,cloudy,day,freeway,moderate,30,1280x720,128,clean_clips/S02_clean.mp4,{},1.000000,0.556134,compression,0.999990,"{""haze_fog"":0.786342,""rain"":8.4e-05,""snow"":0.000211,""low_light"":0.0,""motion_blur"":0.0,""defocus_blur"":0.003478,""glare_flare"":0.041688,""vignetting"":0.000659,""sensor_noise"":0.0,""exposure_shift"":0.491371,""compression"":0.99999,""lens_occlusion"":0.004426}","{""haze_fog"":0.147256,""rain"":0.141728,""snow"":0.064236,""low_light"":0.034008,""motion_blur"":0.003355,""defocus_blur"":0.008099,""glare_flare"":0.213972,""vignetting"":0.045857,""sensor_noise"":0.002051,""exposure_shift"":0.138728,""compression"":0.022705,""lens_occlusion"":0.093405}","[{""issue"":""compression"",""prob"":0.99999},{""issue"":""haze_fog"",""prob"":0.786342},{""issue"":""exposure_shift"",""prob"":0.491371}]"
S02_fog_s1,S02,video_017,dev,corrupted,fog,1,s1,0.08,0,-1.0,cloudy,day,freeway,moderate,30,1280x720,128,corrupted/fog/s1/S02_fog_s1.mp4,"{""mask_mean"":0.2883175313472748,""severity"":0.08,""k"":0.896,""gamma"":0.7,""depth_shift"":0.3,""distance_exp"":1.5,""t_min"":0.25,""contrast_scale"":0.95,""darken_factor"":0.88,""blur_kernel"":5,""A"":[0.4927477538585663,0.5186818242073059,0.5446159243583679],""depth_min"":0.0,""depth_max"":1.0}",0.911980,0.057122,compression,0.999827,"{""haze_fog"":0.490055,""rain"":0.004168,""snow"":0.001229,""low_light"":0.0,""motion_blur"":0.194869,""defocus_blur"":0.026059,""glare_flare"":0.015952,""vignetting"":0.001858,""sensor_noise"":0.028549,""exposure_shift"":0.909904,""compression"":0.999827,""lens_occlusion"":0.009316}","{""haze_fog"":0.215763,""rain"":0.43304,""snow"":0.161522,""low_light"":0.047798,""motion_blur"":0.155409,""defocus_blur"":0.140219,""glare_flare"":0.234928,""vignetting"":0.043014,""sensor_noise"":0.081708,""exposure_shift"":0.495444,""compression"":0.516099,""lens_occlusion"":0.129227}","[{""issue"":""compression"",""prob"":0.999827},{""issue"":""exposure_shift"",""prob"":0.909904},{""issue"":""haze_fog"",""prob"":0.490055}]"
S02_fog_s2,S02,video_017,dev,corrupted,fog,2,s2,0.18,0,-1.0,cloudy,day,freeway,moderate,30,1280x720,128,corrupted/fog/s2/S02_fog_s2.mp4,"{""mask_mean"":0.31792938709259033,""severity"":0.18,""k"":1.016,""gamma"":0.7,""depth_shift"":0.3,""distance_exp"":1.5,""t_min"":0.25,""contrast_scale"":0.95,""darken_factor"":0.88,""blur_kernel"":5,""A"":[0.3990572690963745,0.42006030678749084,0.4410633146762848],""depth_min"":0.0,""depth_max"":1.0}",0.803090,0.048801,compression,0.999815,"{""haze_fog"":0.558696,""rain"":0.005165,""snow"":0.000731,""low_light"":1e-06,""motion_blur"":0.208628,""defocus_blur"":0.026437,""glare_flare"":0.010431,""vignetting"":0.002448,""sensor_noise"":0.014379,""exposure_shift"":0.933723,""compression"":0.999815,""lens_occlusion"":0.01191}","{""haze_fog"":0.221986,""rain"":0.45554,""snow"":0.167188,""low_light"":0.05117,""motion_blur"":0.161103,""defocus_blur"":0.14369,""glare_flare"":0.234952,""vignetting"":0.046717,""sensor_noise"":0.084586,""exposure_shift"":0.523428,""compression"":0.529804,""lens_occlusion"":0.129911}","[{""issue"":""compression"",""prob"":0.999815},{""issue"":""exposure_shift"",""prob"":0.933723},{""issue"":""haze_fog"",""prob"":0.558696}]"
S02_fog_s3,S02,video_017,dev,corrupted,fog,3,s3,0.35,0,-1.0,cloudy,day,freeway,moderate,30,1280x720,128,corrupted/fog/s3/S02_fog_s3.mp4,"{""mask_mean"":0.36437204480171204,""severity"":0.35,""k"":1.22,""gamma"":0.7,""depth_shift"":0.3,""distance_exp"":1.5,""t_min"":0.25,""contrast_scale"":0.95,""darken_factor"":0.88,""blur_kernel"":5,""A"":[0.46687328815460205,0.4914455711841583,0.5160178542137146],""depth_min"":0.0,""depth_max"":1.0}",0.621254,0.043427,compression,0.999781,"{""haze_fog"":0.647926,""rain"":0.009444,""snow"":0.000618,""low_light"":1e-06,""motion_blur"":0.114871,""defocus_blur"":0.030855,""glare_flare"":0.009911,""vignetting"":0.01192,""sensor_noise"":0.014875,""exposure_shift"":0.912861,""compression"":0.999781,""lens_occlusion"":0.009554}","{""haze_fog"":0.245568,""rain"":0.454502,""snow"":0.157104,""low_light"":0.061056,""motion_blur"":0.15132,""defocus_blur"":0.151708,""glare_flare"":0.236628,""vignetting"":0.0585,""sensor_noise"":0.090594,""exposure_shift"":0.55387,""compression"":0.512067,""lens_occlusion"":0.128612}","[{""issue"":""compression"",""prob"":0.999781},{""issue"":""exposure_shift"",""prob"":0.912861},{""issue"":""haze_fog"",""prob"":0.647926}]"
S02_fog_s4,S02,video_017,dev,corrupted,fog,4,s4,0.55,0,-1.0,cloudy,day,freeway,moderate,30,1280x720,128,corrupted/fog/s4/S02_fog_s4.mp4,"{""mask_mean"":0.41332292556762695,""severity"":0.55,""k"":1.46,""gamma"":0.7,""depth_shift"":0.3,""distance_exp"":1.5,""t_min"":0.25,""contrast_scale"":0.95,""darken_factor"":0.88,""blur_kernel"":5,""A"":[0.4191522002220154,0.44121283292770386,0.46327346563339233],""depth_min"":0.0,""depth_max"":1.0}",0.413809,0.033063,compression,0.999736,"{""haze_fog"":0.713234,""rain"":0.013259,""snow"":0.000572,""low_light"":3e-06,""motion_blur"":0.083049,""defocus_blur"":0.033554,""glare_flare"":0.007654,""vignetting"":0.073772,""sensor_noise"":0.009281,""exposure_shift"":0.871966,""compression"":0.999736,""lens_occlusion"":0.011608}","{""haze_fog"":0.260574,""rain"":0.482914,""snow"":0.171166,""low_light"":0.075493,""motion_blur"":0.15314,""defocus_blur"":0.161317,""glare_flare"":0.237635,""vignetting"":0.080963,""sensor_noise"":0.096126,""exposure_shift"":0.599755,""compression"":0.536512,""lens_occlusion"":0.127149}","[{""issue"":""compression"",""prob"":0.999736},{""issue"":""exposure_shift"",""prob"":0.871966},{""issue"":""haze_fog"",""prob"":0.713234}]"
S02_fog_s5,S02,video_017,dev,corrupted,fog,5,s5,0.75,0,-1.0,cloudy,day,freeway,moderate,30,1280x720,128,corrupted/fog/s5/S02_fog_s5.mp4,"{""mask_mean"":0.45682597160339355,""severity"":0.75,""k"":1.7,""gamma"":0.7,""depth_shift"":0.3,""distance_exp"":1.5,""t_min"":0.25,""contrast_scale"":0.95,""darken_factor"":0.88,""blur_kernel"":5,""A"":[0.4828646779060364,0.5082786083221436,0.5336925387382507],""depth_min"":0.0,""depth_max"":1.0}",0.216134,0.031748,compression,0.999679,"{""haze_fog"":0.804033,""rain"":0.024809,""snow"":0.000759,""low_light"":7e-06,""motion_blur"":0.065249,""defocus_blur"":0.037702,""glare_flare"":0.006402,""vignetting"":0.044142,""sensor_noise"":0.010474,""exposure_shift"":0.838971,""compression"":0.999679,""lens_occlusion"":0.010441}","{""haze_fog"":0.29025,""rain"":0.492854,""snow"":0.184769,""low_light"":0.083343,""motion_blur"":0.148174,""defocus_blur"":0.173596,""glare_flare"":0.237955,""vignetting"":0.077688,""sensor_noise"":0.094947,""exposure_shift"":0.609488,""compression"":0.539822,""lens_occlusion"":0.128189}","[{""issue"":""compression"",""prob"":0.999679},{""issue"":""exposure_shift"",""prob"":0.838971},{""issue"":""haze_fog"",""prob"":0.804033}]"
S02_rain_s1,S02,video_017,dev,corrupted,rain,1,s1,0.08,0,-1.0,cloudy,day,freeway,moderate,30,1280x720,128,corrupted/rain/s1/S02_rain_s1.mp4,"{""mask_mean"":0.009779145009815693,""severity"":0.08,""alpha"":0.09730969982402496,""eta"":0.7269349264905931,""depth_separation_exp"":1.6,""density"":0.001563688254045447,""density_far"":0.0010163973651295406,""density_near"":0.0005472908889159064,""base_angle_deg"":72.19866964794178,""far_angle_deg"":76.76206913447896,""near_angle_deg"":75.20862638443057,""blur_sigma"":0.31675375453931515,""invert_depth"":false,""multilayer"":true,""rainy_tone"":true,""apply_rain_haze"":true,""rain_haze_strength"":0.041999999999999996,""apply_overcast_sky"":true,""overcast_mask_mean"":0.20562978088855743,""extra_desat"":0.0048,""patchiness"":true,""brightness_randomness"":false,""apply_visibility_blur"":false,""visibility_blur_sigma"":0.0,""device"":""cuda""}",0.925000,0.470829,compression,0.999984,"{""haze_fog"":0.866821,""rain"":0.000118,""snow"":0.917835,""low_light"":2e-06,""motion_blur"":0.0,""defocus_blur"":0.002228,""glare_flare"":0.009279,""vignetting"":0.030143,""sensor_noise"":0.0,""exposure_shift"":0.634938,""compression"":0.999984,""lens_occlusion"":0.00304}","{""haze_fog"":0.157916,""rain"":0.148668,""snow"":0.107618,""low_light"":0.063128,""motion_blur"":0.002156,""defocus_blur"":0.006669,""glare_flare"":0.175137,""vignetting"":0.085939,""sensor_noise"":0.004769,""exposure_shift"":0.16209,""compression"":0.02419,""lens_occlusion"":0.101725}","[{""issue"":""compression"",""prob"":0.999984},{""issue"":""snow"",""prob"":0.917835},{""issue"":""haze_fog"",""prob"":0.866821},{""issue"":""exposure_shift"",""prob"":0.634938}]"
S02_rain_s2,S02,video_017,dev,corrupted,rain,2,s2,0.18,0,-1.0,cloudy,day,freeway,moderate,30,1280x720,128,corrupted/rain/s2/S02_rain_s2.mp4,"{""mask_mean"":0.017724113538861275,""severity"":0.18,""alpha"":0.11839833969321413,""eta"":0.7877276191848311,""depth_separation_exp"":1.6,""density"":0.0024100134417431272,""density_far"":0.0015665087371330327,""density_near"":0.0008435047046100945,""base_angle_deg"":84.5625820406887,""far_angle_deg"":92.24446670913383,""near_angle_deg"":85.79180965829757,""blur_sigma"":0.3832482639925329,""invert_depth"":false,""multilayer"":true,""rainy_tone"":true,""apply_rain_haze"":true,""rain_haze_strength"":0.056999999999999995,""apply_overcast_sky"":true,""overcast_mask_mean"":0.20562978088855743,""extra_desat"":0.010799999999999999,""patchiness"":true,""brightness_randomness"":false,""apply_visibility_blur"":false,""visibility_blur_sigma"":0.0,""device"":""cuda""}",0.830646,0.407049,compression,0.999993,"{""haze_fog"":0.907109,""rain"":0.000285,""snow"":0.782806,""low_light"":5.4e-05,""motion_blur"":0.0,""defocus_blur"":0.001707,""glare_flare"":0.007075,""vignetting"":0.106966,""sensor_noise"":0.0,""exposure_shift"":0.623906,""compression"":0.999993,""lens_occlusion"":0.004067}","{""haze_fog"":0.143961,""rain"":0.162477,""snow"":0.174429,""low_light"":0.088972,""motion_blur"":0.002006,""defocus_blur"":0.0066,""glare_flare"":0.171314,""vignetting"":0.095619,""sensor_noise"":0.007769,""exposure_shift"":0.161761,""compression"":0.027028,""lens_occlusion"":0.089914}","[{""issue"":""compression"",""prob"":0.999993},{""issue"":""haze_fog"",""prob"":0.907109},{""issue"":""snow"",""prob"":0.782806},{""issue"":""exposure_shift"",""prob"":0.623906}]"
S02_rain_s3,S02,video_017,dev,corrupted,rain,3,s3,0.35,0,-1.0,cloudy,day,freeway,moderate,30,1280x720,128,corrupted/rain/s3/S02_rain_s3.mp4,"{""mask_mean"":0.026502065360546112,""severity"":0.35,""alpha"":0.1575457138358364,""eta"":1.0959045351778465,""depth_separation_exp"":1.6,""density"":0.0032841044042633103,""density_far"":0.0021346678627711516,""density_near"":0.0011494365414921586,""base_angle_deg"":78.36782975575967,""far_angle_deg"":77.49755393124204,""near_angle_deg"":81.78281428934486,""blur_sigma"":0.46042882266231466,""invert_depth"":false,""multilayer"":true,""rainy_tone"":true,""apply_rain_haze"":true,""rain_haze_strength"":0.08249999999999999,""apply_overcast_sky"":true,""overcast_mask_mean"":0.20562978088855743,""extra_desat"":0.020999999999999998,""patchiness"":true,""brightness_randomness"":false,""apply_visibility_blur"":false,""visibility_blur_sigma"":0.0,""device"":""cuda""}",0.668458,0.307807,compression,0.999998,"{""haze_fog"":0.950561,""rain"":0.001526,""snow"":0.623961,""low_light"":0.000622,""motion_blur"":0.0,""defocus_blur"":0.001351,""glare_flare"":0.006035,""vignetting"":0.278528,""sensor_noise"":6e-06,""exposure_shift"":0.571746,""compression"":0.999998,""lens_occlusion"":0.005392}","{""haze_fog"":0.133299,""rain"":0.204586,""snow"":0.30067,""low_light"":0.117563,""motion_blur"":0.00153,""defocus_blur"":0.006737,""glare_flare"":0.184476,""vignetting"":0.10378,""sensor_noise"":0.011616,""exposure_shift"":0.162717,""compression"":0.024149,""lens_occlusion"":0.080746}","[{""issue"":""compression"",""prob"":0.999998},{""issue"":""haze_fog"",""prob"":0.950561},{""issue"":""snow"",""prob"":0.623961},{""issue"":""exposure_shift"",""prob"":0.571746},{""issue"":""vignetting"",""prob"":0.278528}]"
S02_rain_s4,S02,video_017,dev,corrupted,rain,4,s4,0.55,0,-1.0,cloudy,day,freeway,moderate,30,1280x720,128,corrupted/rain/s4/S02_rain_s4.mp4,"{""mask_mean"":0.07124951481819153,""severity"":0.55,""alpha"":0.190905356384248,""eta"":1.1729020582823,""depth_separation_exp"":1.6,""density"":0.004898891316159347,""density_far"":0.0031842793555035757,""density_near"":0.0017146119606557713,""base_angle_deg"":80.37067479512282,""far_angle_deg"":74.27554527782482,""near_angle_deg"":78.23334528095523,""blur_sigma"":0.5437257770985355,""invert_depth"":false,""multilayer"":true,""rainy_tone"":true,""apply_rain_haze"":true,""rain_haze_strength"":0.1125,""apply_overcast_sky"":true,""overcast_mask_mean"":0.20562978088855743,""extra_desat"":0.033,""patchiness"":true,""brightness_randomness"":false,""apply_visibility_blur"":false,""visibility_blur_sigma"":0.0,""device"":""cuda""}",0.473973,0.244464,compression,0.999997,"{""haze_fog"":0.949428,""rain"":0.011801,""snow"":0.421871,""low_light"":0.009126,""motion_blur"":0.0,""defocus_blur"":0.001444,""glare_flare"":0.006129,""vignetting"":0.519236,""sensor_noise"":5.2e-05,""exposure_shift"":0.405109,""compression"":0.999997,""lens_occlusion"":0.005136}","{""haze_fog"":0.099594,""rain"":0.317976,""snow"":0.443828,""low_light"":0.17243,""motion_blur"":0.001614,""defocus_blur"":0.009301,""glare_flare"":0.150959,""vignetting"":0.118678,""sensor_noise"":0.013873,""exposure_shift"":0.149125,""compression"":0.026197,""lens_occlusion"":0.059169}","[{""issue"":""compression"",""prob"":0.999997},{""issue"":""haze_fog"",""prob"":0.949428},{""issue"":""vignetting"",""prob"":0.519236},{""issue"":""snow"",""prob"":0.421871},{""issue"":""exposure_shift"",""prob"":0.405109}]"
S02_rain_s5,S02,video_017,dev,corrupted,rain,5,s5,0.75,0,-1.0,cloudy,day,freeway,moderate,30,1280x720,128,corrupted/rain/s5/S02_rain_s5.mp4,"{""mask_mean"":0.08479964733123779,""severity"":0.75,""alpha"":0.2273125304903823,""eta"":1.5434260328420413,""depth_separation_exp"":1.6,""density"":0.006155959140089958,""density_far"":0.004001373441058473,""density_near"":0.002154585699031485,""base_angle_deg"":87.18425009124448,""far_angle_deg"":84.3918661441392,""near_angle_deg"":84.16620318486696,""blur_sigma"":0.7111944298440684,""invert_depth"":false,""multilayer"":true,""rainy_tone"":true,""apply_rain_haze"":true,""rain_haze_strength"":0.1425,""apply_overcast_sky"":true,""overcast_mask_mean"":0.20562978088855743,""extra_desat"":0.045,""patchiness"":true,""brightness_randomness"":false,""apply_visibility_blur"":false,""visibility_blur_sigma"":0.0,""device"":""cuda""}",0.273573,0.177242,compression,0.999996,"{""haze_fog"":0.981598,""rain"":0.139022,""snow"":0.159174,""low_light"":0.024587,""motion_blur"":0.0,""defocus_blur"":0.001172,""glare_flare"":0.003485,""vignetting"":0.490748,""sensor_noise"":0.000183,""exposure_shift"":0.35029,""compression"":0.999996,""lens_occlusion"":0.004608}","{""haze_fog"":0.100753,""rain"":0.437343,""snow"":0.437644,""low_light"":0.195998,""motion_blur"":0.001331,""defocus_blur"":0.009451,""glare_flare"":0.143688,""vignetting"":0.113804,""sensor_noise"":0.014902,""exposure_shift"":0.156969,""compression"":0.023394,""lens_occlusion"":0.054348}","[{""issue"":""compression"",""prob"":0.999996},{""issue"":""haze_fog"",""prob"":0.981598},{""issue"":""vignetting"",""prob"":0.490748},{""issue"":""exposure_shift"",""prob"":0.35029}]"
S02_snow_s1,S02,video_017,dev,corrupted,snow,1,s1,0.08,0,-1.0,cloudy,day,freeway,moderate,30,1280x720,128,corrupted/snow/s1/S02_snow_s1.mp4,"{""mask_mean"":0.010533998720347881,""severity"":0.08,""severity_scaled"":0.010606252855487957,""alpha"":0.10137140417329397,""eta"":0.7303803841725576,""depth_separation_exp"":1.4,""density"":0.0011617433138741745,""small_fraction"":0.5973484367861279,""medium_fraction"":0.3,""large_fraction"":0.10265156321387199,""small_density"":0.0006939655524894741,""medium_density"":0.00034852299416225234,""large_density"":0.00011925476722244795,""small_sigma"":0.6095456275699391,""medium_sigma"":1.4169700045687807,""large_sigma"":2.547728137849696,""invert_depth"":false,""apply_snow_haze"":true,""snow_haze_strength"":0.023818251027975666,""apply_overcast_sky"":true,""overcast_mask_mean"":0.20562978088855743,""patchiness"":true,""apply_visibility_blur"":false,""visibility_blur_sigma"":0.0,""device"":""cuda""}",0.918467,0.546191,compression,0.999996,"{""haze_fog"":0.872678,""rain"":0.000104,""snow"":0.000463,""low_light"":0.0,""motion_blur"":0.0,""defocus_blur"":0.003148,""glare_flare"":0.014812,""vignetting"":0.020936,""sensor_noise"":0.0,""exposure_shift"":0.713173,""compression"":0.999996,""lens_occlusion"":0.004503}","{""haze_fog"":0.139011,""rain"":0.156636,""snow"":0.083217,""low_light"":0.0502,""motion_blur"":0.002575,""defocus_blur"":0.007829,""glare_flare"":0.17406,""vignetting"":0.069074,""sensor_noise"":0.003391,""exposure_shift"":0.176797,""compression"":0.02207,""lens_occlusion"":0.087505}","[{""issue"":""compression"",""prob"":0.999996},{""issue"":""haze_fog"",""prob"":0.872678},{""issue"":""exposure_shift"",""prob"":0.713173}]"
S02_snow_s2,S02,video_017,dev,corrupted,snow,2,s2,0.18,0,-1.0,cloudy,day,freeway,moderate,30,1280x720,128,corrupted/snow/s2/S02_snow_s2.mp4,"{""mask_mean"":0.011620206758379936,""severity"":0.18,""severity_scaled"":0.04565522728706038,""alpha"":0.12417006836253315,""eta"":0.7320414751245972,""depth_separation_exp"":1.4,""density"":0.0018474538198871512,""small_fraction"":0.5885861931782348,""medium_fraction"":0.3,""large_fraction"":0.1114138068217651,""small_density"":0.0010873858109199666,""medium_density"":0.0005542361459661454,""large_density"":0.00020583186300103908,""small_sigma"":0.6410897045583543,""medium_sigma"":1.4730483636592966,""large_sigma"":2.7054485227917717,""invert_depth"":false,""apply_snow_haze"":true,""snow_haze_strength"":0.03643588182334174,""apply_overcast_sky"":true,""overcast_mask_mean"":0.20562978088855743,""patchiness"":true,""apply_visibility_blur"":false,""visibility_blur_sigma"":0.0,""device"":""cuda""}",0.816752,0.548334,compression,0.999996,"{""haze_fog"":0.877821,""rain"":0.000104,""snow"":0.000768,""low_light"":0.0,""motion_blur"":0.0,""defocus_blur"":0.003026,""glare_flare"":0.012241,""vignetting"":0.02701,""sensor_noise"":0.0,""exposure_shift"":0.701041,""compression"":0.999996,""lens_occlusion"":0.004438}","{""haze_fog"":0.139421,""rain"":0.161848,""snow"":0.093366,""low_light"":0.052998,""motion_blur"":0.002502,""defocus_blur"":0.007691,""glare_flare"":0.170138,""vignetting"":0.070317,""sensor_noise"":0.003574,""exposure_shift"":0.175598,""compression"":0.021995,""lens_occlusion"":0.086542}","[{""issue"":""compression"",""prob"":0.999996},{""issue"":""haze_fog"",""prob"":0.877821},{""issue"":""exposure_shift"",""prob"":0.701041}]"
S02_snow_s3,S02,video_017,dev,corrupted,snow,3,s3,0.35,0,-1.0,cloudy,day,freeway,moderate,30,1280x720,128,corrupted/snow/s3/S02_snow_s3.mp4,"{""mask_mean"":0.029131056740880013,""severity"":0.35,""severity_scaled"":0.15112018613329828,""alpha"":0.16009014957895334,""eta"":0.9081795574783365,""depth_separation_exp"":1.4,""density"":0.003745475956822667,""small_fraction"":0.5622199534666754,""medium_fraction"":0.3,""large_fraction"":0.13778004653332457,""small_density"":0.0021057813181553915,""medium_density"":0.0011236427870468001,""large_density"":0.0005160518516204754,""small_sigma"":0.7360081675199684,""medium_sigma"":1.6417922978132773,""large_sigma"":3.1800408375998424,""invert_depth"":false,""apply_snow_haze"":true,""snow_haze_strength"":0.07440326700798738,""apply_overcast_sky"":true,""overcast_mask_mean"":0.20562978088855743,""patchiness"":true,""apply_visibility_blur"":false,""visibility_blur_sigma"":0.0,""device"":""cuda""}",0.644424,0.541943,compression,0.999998,"{""haze_fog"":0.907056,""rain"":8.8e-05,""snow"":0.003242,""low_light"":3e-06,""motion_blur"":0.0,""defocus_blur"":0.002384,""glare_flare"":0.008618,""vignetting"":0.052328,""sensor_noise"":0.0,""exposure_shift"":0.697867,""compression"":0.999998,""lens_occlusion"":0.003412}","{""haze_fog"":0.134916,""rain"":0.167669,""snow"":0.123306,""low_light"":0.066411,""motion_blur"":0.001859,""defocus_blur"":0.006957,""glare_flare"":0.157732,""vignetting"":0.070257,""sensor_noise"":0.005209,""exposure_shift"":0.177747,""compression"":0.019961,""lens_occlusion"":0.074617}","[{""issue"":""compression"",""prob"":0.999998},{""issue"":""haze_fog"",""prob"":0.907056},{""issue"":""exposure_shift"",""prob"":0.697867}]"
S02_snow_s4,S02,video_017,dev,corrupted,snow,4,s4,0.55,0,-1.0,cloudy,day,freeway,moderate,30,1280x720,128,corrupted/snow/s4/S02_snow_s4.mp4,"{""mask_mean"":0.07189460843801498,""severity"":0.55,""severity_scaled"":0.34092028363462246,""alpha"":0.2477583357015611,""eta"":1.0781276565638747,""depth_separation_exp"":1.4,""density"":0.007170916200400431,""small_fraction"":0.5147699290913443,""medium_fraction"":0.3,""large_fraction"":0.18523007090865562,""small_density"":0.0036913720240001023,""medium_density"":0.002151274860120129,""large_density"":0.001328269316280199,""small_sigma"":0.9068282552711602,""medium_sigma"":1.945472453815396,""large_sigma"":4.034141276355801,""invert_depth"":false,""apply_snow_haze"":true,""snow_haze_strength"":0.14273130210846408,""apply_overcast_sky"":true,""overcast_mask_mean"":0.20562978088855743,""patchiness"":true,""apply_visibility_blur"":false,""visibility_blur_sigma"":0.0,""device"":""cuda""}",0.442871,0.475796,compression,0.999999,"{""haze_fog"":0.927951,""rain"":0.000123,""snow"":0.084215,""low_light"":6.4e-05,""motion_blur"":0.0,""defocus_blur"":0.001787,""glare_flare"":0.005033,""vignetting"":0.215024,""sensor_noise"":0.0,""exposure_shift"":0.638197,""compression"":0.999999,""lens_occlusion"":0.00317}","{""haze_fog"":0.128375,""rain"":0.187803,""snow"":0.211989,""low_light"":0.103086,""motion_blur"":0.00144,""defocus_blur"":0.006648,""glare_flare"":0.145935,""vignetting"":0.075927,""sensor_noise"":0.007747,""exposure_shift"":0.171902,""compression"":0.019681,""lens_occlusion"":0.068183}","[{""issue"":""compression"",""prob"":0.999999},{""issue"":""haze_fog"",""prob"":0.927951},{""issue"":""exposure_shift"",""prob"":0.638197}]"
S02_snow_s5,S02,video_017,dev,corrupted,snow,5,s5,0.75,0,-1.0,cloudy,day,freeway,moderate,30,1280x720,128,corrupted/snow/s5/S02_snow_s5.mp4,"{""mask_mean"":0.16492730379104614,""severity"":0.75,""severity_scaled"":0.5958134105899568,""alpha"":0.3827934369200299,""eta"":1.3294997796644765,""depth_separation_exp"":1.4,""density"":0.012405365409445783,""small_fraction"":0.45104664735251077,""medium_fraction"":0.3,""large_fraction"":0.2489533526474892,""small_density"":0.005595398477113327,""medium_density"":0.0037216096228337345,""large_density"":0.00308835730949872,""small_sigma"":1.1362320695309611,""medium_sigma"":2.353301456943931,""large_sigma"":5.181160347654806,""invert_depth"":false,""apply_snow_haze"":true,""snow_haze_strength"":0.23449282781238445,""apply_overcast_sky"":true,""overcast_mask_mean"":0.20562978088855743,""patchiness"":true,""apply_visibility_blur"":false,""visibility_blur_sigma"":0.0,""device"":""cuda""}",0.243164,0.373608,compression,0.999999,"{""haze_fog"":0.956572,""rain"":0.000147,""snow"":0.536255,""low_light"":0.00195,""motion_blur"":0.0,""defocus_blur"":0.001236,""glare_flare"":0.003449,""vignetting"":0.349738,""sensor_noise"":5e-06,""exposure_shift"":0.604922,""compression"":0.999999,""lens_occlusion"":0.003245}","{""haze_fog"":0.124348,""rain"":0.210494,""snow"":0.371882,""low_light"":0.144413,""motion_blur"":0.001165,""defocus_blur"":0.006984,""glare_flare"":0.150791,""vignetting"":0.094938,""sensor_noise"":0.011732,""exposure_shift"":0.184933,""compression"":0.01876,""lens_occlusion"":0.065448}","[{""issue"":""compression"",""prob"":0.999999},{""issue"":""haze_fog"",""prob"":0.956572},{""issue"":""exposure_shift"",""prob"":0.604922},{""issue"":""snow"",""prob"":0.536255},{""issue"":""vignetting"",""prob"":0.349738}]"
S02_glare_flare_s1,S02,video_017,dev,corrupted,glare_flare,1,s1,0.08,0,-1.0,cloudy,day,freeway,moderate,30,1280x720,128,corrupted/glare_flare/s1/S02_glare_flare_s1.mp4,"{""severity"":0.08,""severity_scaled"":0.02262741699796952,""bright_thresh"":0.8161533391103452,""bloom_strength"":0.09289762768884263,""streak_enabled"":true,""streak_angle_deg"":6.4551241088721625,""ghosts_enabled"":true,""ghost_count"":1,""flare_mean"":0.09187599271535873,""device"":""cuda""}",0.889636,0.560026,compression,0.999504,"{""haze_fog"":0.146582,""rain"":0.0,""snow"":0.753733,""low_light"":0.0,""motion_blur"":0.0,""defocus_blur"":0.005765,""glare_flare"":0.234106,""vignetting"":0.003372,""sensor_noise"":0.0,""exposure_shift"":0.312893,""compression"":0.999504,""lens_occlusion"":0.003505}","{""haze_fog"":0.078283,""rain"":0.067901,""snow"":0.028454,""low_light"":0.043269,""motion_blur"":0.003291,""defocus_blur"":0.014391,""glare_flare"":0.244887,""vignetting"":0.090543,""sensor_noise"":0.005482,""exposure_shift"":0.127617,""compression"":0.024372,""lens_occlusion"":0.09161}","[{""issue"":""compression"",""prob"":0.999504},{""issue"":""snow"",""prob"":0.753733},{""issue"":""exposure_shift"",""prob"":0.312893}]"
S02_glare_flare_s2,S02,video_017,dev,corrupted,glare_flare,2,s2,0.18,0,-1.0,cloudy,day,freeway,moderate,30,1280x720,128,corrupted/glare_flare/s2/S02_glare_flare_s2.mp4,"{""severity"":0.18,""severity_scaled"":0.07636753236814713,""bright_thresh"":0.807017519497415,""bloom_strength"":0.12352949344984387,""streak_enabled"":true,""streak_angle_deg"":12.695719790508807,""ghosts_enabled"":true,""ghost_count"":1,""flare_mean"":0.11640553176403046,""device"":""cuda""}",0.757049,0.530003,compression,0.999584,"{""haze_fog"":0.094412,""rain"":0.0,""snow"":0.881429,""low_light"":0.0,""motion_blur"":0.0,""defocus_blur"":0.006555,""glare_flare"":0.266883,""vignetting"":0.005471,""sensor_noise"":0.0,""exposure_shift"":0.233185,""compression"":0.999584,""lens_occlusion"":0.00394}","{""haze_fog"":0.071158,""rain"":0.059517,""snow"":0.024645,""low_light"":0.045581,""motion_blur"":0.003546,""defocus_blur"":0.017736,""glare_flare"":0.268362,""vignetting"":0.11634,""sensor_noise"":0.006742,""exposure_shift"":0.130658,""compression"":0.026738,""lens_occlusion"":0.094306}","[{""issue"":""compression"",""prob"":0.999584},{""issue"":""snow"",""prob"":0.881429},{""issue"":""glare_flare"",""prob"":0.266883}]"
S02_glare_flare_s3,S02,video_017,dev,corrupted,glare_flare,3,s3,0.35,0,-1.0,cloudy,day,freeway,moderate,30,1280x720,128,corrupted/glare_flare/s3/S02_glare_flare_s3.mp4,"{""severity"":0.35,""severity_scaled"":0.20706279240848655,""bright_thresh"":0.7847993252905573,""bloom_strength"":0.19802579167283735,""streak_enabled"":true,""streak_angle_deg"":9.910443792233963,""ghosts_enabled"":true,""ghost_count"":2,""flare_mean"":0.1741592437028885,""device"":""cuda""}",0.546526,0.391228,compression,0.999670,"{""haze_fog"":0.142186,""rain"":0.0,""snow"":0.975067,""low_light"":1e-06,""motion_blur"":0.0,""defocus_blur"":0.009738,""glare_flare"":0.436384,""vignetting"":0.010626,""sensor_noise"":2e-06,""exposure_shift"":0.19146,""compression"":0.99967,""lens_occlusion"":0.004324}","{""haze_fog"":0.077715,""rain"":0.062178,""snow"":0.025281,""low_light"":0.050688,""motion_blur"":0.0048,""defocus_blur"":0.026418,""glare_flare"":0.351123,""vignetting"":0.165501,""sensor_noise"":0.011998,""exposure_shift"":0.149737,""compression"":0.03762,""lens_occlusion"":0.098429}","[{""issue"":""compression"",""prob"":0.99967},{""issue"":""snow"",""prob"":0.975067},{""issue"":""glare_flare"",""prob"":0.436384}]"
S02_glare_flare_s4,S02,video_017,dev,corrupted,glare_flare,4,s4,0.55,0,-1.0,cloudy,day,freeway,moderate,30,1280x720,128,corrupted/glare_flare/s4/S02_glare_flare_s4.mp4,"{""severity"":0.55,""severity_scaled"":0.4078909167902615,""bright_thresh"":0.7506585441456555,""bloom_strength"":0.3124978225704491,""streak_enabled"":true,""streak_angle_deg"":7.184708309334123,""ghosts_enabled"":true,""ghost_count"":3,""flare_mean"":0.2587870955467224,""device"":""cuda""}",0.326310,0.244647,compression,0.999304,"{""haze_fog"":0.246284,""rain"":2e-06,""snow"":0.973692,""low_light"":1e-06,""motion_blur"":0.0,""defocus_blur"":0.012747,""glare_flare"":0.725588,""vignetting"":0.027683,""sensor_noise"":7e-06,""exposure_shift"":0.134377,""compression"":0.999304,""lens_occlusion"":0.005285}","{""haze_fog"":0.119976,""rain"":0.073443,""snow"":0.026489,""low_light"":0.056647,""motion_blur"":0.009121,""defocus_blur"":0.033324,""glare_flare"":0.515832,""vignetting"":0.236282,""sensor_noise"":0.018056,""exposure_shift"":0.179555,""compression"":0.051408,""lens_occlusion"":0.123702}","[{""issue"":""compression"",""prob"":0.999304},{""issue"":""snow"",""prob"":0.973692},{""issue"":""glare_flare"",""prob"":0.725588}]"
S02_glare_flare_s5,S02,video_017,dev,corrupted,glare_flare,5,s5,0.75,0,-1.0,cloudy,day,freeway,moderate,30,1280x720,128,corrupted/glare_flare/s5/S02_glare_flare_s5.mp4,"{""severity"":0.75,""severity_scaled"":0.649519052838329,""bright_thresh"":0.709581761017484,""bloom_strength"":0.4502258601178476,""streak_enabled"":true,""streak_angle_deg"":4.73030024422409,""ghosts_enabled"":true,""ghost_count"":4,""flare_mean"":0.3566235303878784,""device"":""cuda""}",0.143091,0.154083,compression,0.998449,"{""haze_fog"":0.508018,""rain"":1.3e-05,""snow"":0.922298,""low_light"":1e-06,""motion_blur"":0.0,""defocus_blur"":0.011229,""glare_flare"":0.948562,""vignetting"":0.030171,""sensor_noise"":9e-06,""exposure_shift"":0.123277,""compression"":0.998449,""lens_occlusion"":0.005602}","{""haze_fog"":0.195636,""rain"":0.08647,""snow"":0.027754,""low_light"":0.059213,""motion_blur"":0.017952,""defocus_blur"":0.035444,""glare_flare"":0.706871,""vignetting"":0.256053,""sensor_noise"":0.026952,""exposure_shift"":0.223578,""compression"":0.055784,""lens_occlusion"":0.147746}","[{""issue"":""compression"",""prob"":0.998449},{""issue"":""glare_flare"",""prob"":0.948562},{""issue"":""snow"",""prob"":0.922298},{""issue"":""haze_fog"",""prob"":0.508018}]"
S02_motion_blur_s1,S02,video_017,dev,corrupted,motion_blur,1,s1,0.08,0,-1.0,cloudy,day,freeway,moderate,30,1280x720,128,corrupted/motion_blur/s1/S02_motion_blur_s1.mp4,"{""severity"":0.08,""ksize"":11,""n_points"":11,""accel"":0.05890293661245799,""linear"":true,""psf_smooth_sigma"":0.09370281077304894}",0.896599,0.250990,compression,0.999949,"{""haze_fog"":0.687919,""rain"":9.9e-05,""snow"":0.001277,""low_light"":1e-06,""motion_blur"":0.183871,""defocus_blur"":0.015422,""glare_flare"":0.029152,""vignetting"":0.013805,""sensor_noise"":4e-05,""exposure_shift"":0.144217,""compression"":0.999949,""lens_occlusion"":0.009044}","{""haze_fog"":0.200919,""rain"":0.213878,""snow"":0.142064,""low_light"":0.061996,""motion_blur"":0.126108,""defocus_blur"":0.070859,""glare_flare"":0.214684,""vignetting"":0.051645,""sensor_noise"":0.034257,""exposure_shift"":0.163899,""compression"":0.334734,""lens_occlusion"":0.130941}","[{""issue"":""compression"",""prob"":0.999949},{""issue"":""haze_fog"",""prob"":0.687919}]"
S02_motion_blur_s2,S02,video_017,dev,corrupted,motion_blur,2,s2,0.18,0,-1.0,cloudy,day,freeway,moderate,30,1280x720,128,corrupted/motion_blur/s2/S02_motion_blur_s2.mp4,"{""severity"":0.18,""ksize"":13,""n_points"":14,""accel"":0.15658387946018393,""linear"":false,""psf_smooth_sigma"":0.19918289544267226}",0.771227,0.283862,compression,0.999977,"{""haze_fog"":0.699519,""rain"":8.1e-05,""snow"":0.001232,""low_light"":0.0,""motion_blur"":0.135269,""defocus_blur"":0.014904,""glare_flare"":0.00923,""vignetting"":0.007931,""sensor_noise"":2.3e-05,""exposure_shift"":0.082834,""compression"":0.999977,""lens_occlusion"":0.011664}","{""haze_fog"":0.203029,""rain"":0.25509,""snow"":0.161212,""low_light"":0.0545,""motion_blur"":0.102927,""defocus_blur"":0.071293,""glare_flare"":0.191031,""vignetting"":0.048112,""sensor_noise"":0.028104,""exposure_shift"":0.156392,""compression"":0.326853,""lens_occlusion"":0.12229}","[{""issue"":""compression"",""prob"":0.999977},{""issue"":""haze_fog"",""prob"":0.699519}]"
S02_motion_blur_s3,S02,video_017,dev,corrupted,motion_blur,3,s3,0.35,0,-1.0,cloudy,day,freeway,moderate,30,1280x720,128,corrupted/motion_blur/s3/S02_motion_blur_s3.mp4,"{""severity"":0.35,""ksize"":19,""n_points"":19,""accel"":0.2656396371742631,""linear"":true,""psf_smooth_sigma"":0.42773026270433084}",0.568989,0.141500,compression,0.999909,"{""haze_fog"":0.786728,""rain"":0.000139,""snow"":0.000174,""low_light"":3e-06,""motion_blur"":0.67687,""defocus_blur"":0.020827,""glare_flare"":0.053226,""vignetting"":0.005809,""sensor_noise"":6.7e-05,""exposure_shift"":0.183171,""compression"":0.999909,""lens_occlusion"":0.010389}","{""haze_fog"":0.2075,""rain"":0.234183,""snow"":0.133287,""low_light"":0.077557,""motion_blur"":0.205189,""defocus_blur"":0.085073,""glare_flare"":0.266384,""vignetting"":0.053299,""sensor_noise"":0.039367,""exposure_shift"":0.20256,""compression"":0.418168,""lens_occlusion"":0.151804}","[{""issue"":""compression"",""prob"":0.999909},{""issue"":""haze_fog"",""prob"":0.786728},{""issue"":""motion_blur"",""prob"":0.67687}]"
S02_motion_blur_s4,S02,video_017,dev,corrupted,motion_blur,4,s4,0.55,0,-1.0,cloudy,day,freeway,moderate,30,1280x720,128,corrupted/motion_blur/s4/S02_motion_blur_s4.mp4,"{""severity"":0.55,""ksize"":27,""n_points"":26,""accel"":0.41974776365284566,""linear"":true,""psf_smooth_sigma"":0.6070751160486002}",0.351605,0.062202,compression,0.999670,"{""haze_fog"":0.670356,""rain"":5.8e-05,""snow"":0.000442,""low_light"":2e-06,""motion_blur"":0.985089,""defocus_blur"":0.029194,""glare_flare"":0.067014,""vignetting"":0.001828,""sensor_noise"":4.8e-05,""exposure_shift"":0.287399,""compression"":0.99967,""lens_occlusion"":0.015159}","{""haze_fog"":0.176739,""rain"":0.27213,""snow"":0.149294,""low_light"":0.081712,""motion_blur"":0.343045,""defocus_blur"":0.106062,""glare_flare"":0.280303,""vignetting"":0.054373,""sensor_noise"":0.043752,""exposure_shift"":0.228913,""compression"":0.530087,""lens_occlusion"":0.160854}","[{""issue"":""compression"",""prob"":0.99967},{""issue"":""motion_blur"",""prob"":0.985089},{""issue"":""haze_fog"",""prob"":0.670356},{""issue"":""exposure_shift"",""prob"":0.287399}]"
S02_motion_blur_s5,S02,video_017,dev,corrupted,motion_blur,5,s5,0.75,0,-1.0,cloudy,day,freeway,moderate,30,1280x720,128,corrupted/motion_blur/s5/S02_motion_blur_s5.mp4,"{""severity"":0.75,""ksize"":33,""n_points"":32,""accel"":0.6125947383217257,""linear"":true,""psf_smooth_sigma"":0.8831827358354121}",0.162893,0.031577,compression,0.998921,"{""haze_fog"":0.566762,""rain"":0.000111,""snow"":0.000315,""low_light"":2e-06,""motion_blur"":0.996504,""defocus_blur"":0.036401,""glare_flare"":0.04688,""vignetting"":0.000861,""sensor_noise"":8e-05,""exposure_shift"":0.426639,""compression"":0.998921,""lens_occlusion"":0.018225}","{""haze_fog"":0.155751,""rain"":0.28895,""snow"":0.138732,""low_light"":0.080529,""motion_blur"":0.474978,""defocus_blur"":0.122403,""glare_flare"":0.288413,""vignetting"":0.061441,""sensor_noise"":0.044452,""exposure_shift"":0.260111,""compression"":0.587681,""lens_occlusion"":0.168984}","[{""issue"":""compression"",""prob"":0.998921},{""issue"":""motion_blur"",""prob"":0.996504},{""issue"":""haze_fog"",""prob"":0.566762},{""issue"":""exposure_shift"",""prob"":0.426639}]"
S02_defocus_blur_s1,S02,video_017,dev,corrupted,defocus_blur,1,s1,0.08,0,-1.0,cloudy,day,freeway,moderate,30,1280x720,128,corrupted/defocus_blur/s1/S02_defocus_blur_s1.mp4,"{""severity"":0.08,""sigma_max_eff"":2.4,""d_f"":0.929093599319458,""invert_depth"":true,""n_layers"":16}",0.896599,0.554261,compression,0.999990,"{""haze_fog"":0.786566,""rain"":8.5e-05,""snow"":0.000211,""low_light"":0.0,""motion_blur"":0.0,""defocus_blur"":0.003487,""glare_flare"":0.041932,""vignetting"":0.000659,""sensor_noise"":0.0,""exposure_shift"":0.498699,""compression"":0.99999,""lens_occlusion"":0.004496}","{""haze_fog"":0.147877,""rain"":0.141817,""snow"":0.064124,""low_light"":0.033981,""motion_blur"":0.003368,""defocus_blur"":0.00811,""glare_flare"":0.214681,""vignetting"":0.045984,""sensor_noise"":0.002059,""exposure_shift"":0.139435,""compression"":0.0228,""lens_occlusion"":0.094082}","[{""issue"":""compression"",""prob"":0.99999},{""issue"":""haze_fog"",""prob"":0.786566},{""issue"":""exposure_shift"",""prob"":0.498699}]"
S02_defocus_blur_s2,S02,video_017,dev,corrupted,defocus_blur,2,s2,0.18,0,-1.0,cloudy,day,freeway,moderate,30,1280x720,128,corrupted/defocus_blur/s2/S02_defocus_blur_s2.mp4,"{""severity"":0.18,""sigma_max_eff"":5.3999999999999995,""d_f"":0.929093599319458,""invert_depth"":true,""n_layers"":16}",0.771227,0.554342,compression,0.999990,"{""haze_fog"":0.786269,""rain"":8.5e-05,""snow"":0.00021,""low_light"":0.0,""motion_blur"":0.0,""defocus_blur"":0.003492,""glare_flare"":0.042168,""vignetting"":0.000664,""sensor_noise"":0.0,""exposure_shift"":0.500578,""compression"":0.99999,""lens_occlusion"":0.004496}","{""haze_fog"":0.147859,""rain"":0.141828,""snow"":0.064098,""low_light"":0.034003,""motion_blur"":0.003383,""defocus_blur"":0.008124,""glare_flare"":0.214944,""vignetting"":0.046101,""sensor_noise"":0.002067,""exposure_shift"":0.139737,""compression"":0.022849,""lens_occlusion"":0.094096}","[{""issue"":""compression"",""prob"":0.99999},{""issue"":""haze_fog"",""prob"":0.786269},{""issue"":""exposure_shift"",""prob"":0.500578}]"
S02_defocus_blur_s3,S02,video_017,dev,corrupted,defocus_blur,3,s3,0.35,0,-1.0,cloudy,day,freeway,moderate,30,1280x720,128,corrupted/defocus_blur/s3/S02_defocus_blur_s3.mp4,"{""severity"":0.35,""sigma_max_eff"":10.5,""d_f"":0.929093599319458,""invert_depth"":true,""n_layers"":16}",0.568989,0.549743,compression,0.999990,"{""haze_fog"":0.784613,""rain"":8e-05,""snow"":0.000232,""low_light"":0.0,""motion_blur"":0.0,""defocus_blur"":0.003646,""glare_flare"":0.043756,""vignetting"":0.00063,""sensor_noise"":0.0,""exposure_shift"":0.488734,""compression"":0.99999,""lens_occlusion"":0.004558}","{""haze_fog"":0.149408,""rain"":0.14365,""snow"":0.06458,""low_light"":0.034267,""motion_blur"":0.003656,""defocus_blur"":0.008459,""glare_flare"":0.217319,""vignetting"":0.046008,""sensor_noise"":0.002176,""exposure_shift"":0.140507,""compression"":0.023752,""lens_occlusion"":0.093998}","[{""issue"":""compression"",""prob"":0.99999},{""issue"":""haze_fog"",""prob"":0.784613},{""issue"":""exposure_shift"",""prob"":0.488734}]"
S02_defocus_blur_s4,S02,video_017,dev,corrupted,defocus_blur,4,s4,0.55,0,-1.0,cloudy,day,freeway,moderate,30,1280x720,128,corrupted/defocus_blur/s4/S02_defocus_blur_s4.mp4,"{""severity"":0.55,""sigma_max_eff"":16.5,""d_f"":0.929093599319458,""invert_depth"":true,""n_layers"":16}",0.351605,0.545353,compression,0.999997,"{""haze_fog"":0.774845,""rain"":5.5e-05,""snow"":0.000406,""low_light"":0.0,""motion_blur"":0.0,""defocus_blur"":0.004726,""glare_flare"":0.034718,""vignetting"":0.000507,""sensor_noise"":0.0,""exposure_shift"":0.441469,""compression"":0.999997,""lens_occlusion"":0.004676}","{""haze_fog"":0.16813,""rain"":0.151749,""snow"":0.067432,""low_light"":0.040018,""motion_blur"":0.008414,""defocus_blur"":0.013527,""glare_flare"":0.208134,""vignetting"":0.042833,""sensor_noise"":0.009108,""exposure_shift"":0.156232,""compression"":0.044967,""lens_occlusion"":0.094004}","[{""issue"":""compression"",""prob"":0.999997},{""issue"":""haze_fog"",""prob"":0.774845},{""issue"":""exposure_shift"",""prob"":0.441469}]"
S02_defocus_blur_s5,S02,video_017,dev,corrupted,defocus_blur,5,s5,0.75,0,-1.0,cloudy,day,freeway,moderate,30,1280x720,128,corrupted/defocus_blur/s5/S02_defocus_blur_s5.mp4,"{""severity"":0.75,""sigma_max_eff"":22.5,""d_f"":0.929093599319458,""invert_depth"":true,""n_layers"":16}",0.162893,0.448951,compression,0.999994,"{""haze_fog"":0.671513,""rain"":4.6e-05,""snow"":0.001259,""low_light"":1e-06,""motion_blur"":0.0,""defocus_blur"":0.007408,""glare_flare"":0.029202,""vignetting"":0.00106,""sensor_noise"":7.1e-05,""exposure_shift"":0.362219,""compression"":0.999994,""lens_occlusion"":0.007277}","{""haze_fog"":0.184093,""rain"":0.17346,""snow"":0.075536,""low_light"":0.040229,""motion_blur"":0.027957,""defocus_blur"":0.029996,""glare_flare"":0.193748,""vignetting"":0.042647,""sensor_noise"":0.030605,""exposure_shift"":0.171875,""compression"":0.122284,""lens_occlusion"":0.111021}","[{""issue"":""compression"",""prob"":0.999994},{""issue"":""haze_fog"",""prob"":0.671513},{""issue"":""exposure_shift"",""prob"":0.362219}]"
S02_lens_occlusion_s1,S02,video_017,dev,corrupted,lens_occlusion,1,s1,0.08,0,-1.0,cloudy,day,freeway,moderate,30,1280x720,128,corrupted/lens_occlusion/s1/S02_lens_occlusion_s1.mp4,"{""severity"":0.08,""n_blobs"":9,""target_coverage"":0.08683796394240399,""coverage_reached"":0.09620768229166667,""blobs"":[{""cx"":207.140147303758,""cy"":622.5111331884721,""R_px"":64.17813896429672,""k"":0.3131148948090022,""alpha_strength"":0.46556166391962994},{""cx"":660.175084210929,""cy"":210.09057901757734,""R_px"":60.49855395638947,""k"":0.3486170882430334,""alpha_strength"":0.5016955196811611},{""cx"":488.0068439525312,""cy"":165.8432610752059,""R_px"":53.02288192388758,""k"":0.3432764775451766,""alpha_strength"":0.4846475527140144},{""cx"":835.2909661532534,""cy"":478.3522011572246,""R_px"":57.29116181986672,""k"":0.29922936290005825,""alpha_strength"":0.4923846823665342},{""cx"":381.65445766703897,""cy"":129.0612378919779,""R_px"":58.695905350308664,""k"":0.2844320541721226,""alpha_strength"":0.4516822283578303},{""cx"":399.538458679842,""cy"":467.62135926567413,""R_px"":64.59738461182539,""k"":0.3554660325853013,""alpha_strength"":0.4430994396685758},{""cx"":198.75216638153609,""cy"":339.32027838156955,""R_px"":66.75469533952364,""k"":0.2770808148554267,""alpha_strength"":0.4642249007094235},{""cx"":520.0758060746858,""cy"":169.88857003721986,""R_px"":69.4012875919787,""k"":0.3522729790140469,""alpha_strength"":0.45573380721013784},{""cx"":512.9422283876551,""cy"":486.32505002299087,""R_px"":55.55577655479958,""k"":0.35086595200953624,""alpha_strength"":0.48285370281846135}]}",0.877737,0.518413,compression,0.999990,"{""haze_fog"":0.752735,""rain"":9.4e-05,""snow"":0.000135,""low_light"":0.0,""motion_blur"":0.0,""defocus_blur"":0.00346,""glare_flare"":0.047151,""vignetting"":0.000675,""sensor_noise"":0.0,""exposure_shift"":0.483522,""compression"":0.99999,""lens_occlusion"":0.013668}","{""haze_fog"":0.144898,""rain"":0.144907,""snow"":0.067578,""low_light"":0.035362,""motion_blur"":0.003852,""defocus_blur"":0.008341,""glare_flare"":0.229086,""vignetting"":0.046986,""sensor_noise"":0.00239,""exposure_shift"":0.137043,""compression"":0.025358,""lens_occlusion"":0.11276}","[{""issue"":""compression"",""prob"":0.99999},{""issue"":""haze_fog"",""prob"":0.752735},{""issue"":""exposure_shift"",""prob"":0.483522}]"
S02_lens_occlusion_s2,S02,video_017,dev,corrupted,lens_occlusion,2,s2,0.18,0,-1.0,cloudy,day,freeway,moderate,30,1280x720,128,corrupted/lens_occlusion/s2/S02_lens_occlusion_s2.mp4,"{""severity"":0.18,""n_blobs"":8,""target_coverage"":0.12819608774757496,""coverage_reached"":0.1469021267361111,""blobs"":[{""cx"":546.5468798278224,""cy"":385.45268033775585,""R_px"":81.52522751313498,""k"":0.3440950023612153,""alpha_strength"":0.5262305778391327},{""cx"":272.8283578267534,""cy"":298.2887028331934,""R_px"":88.14918953203824,""k"":0.44294196679930975,""alpha_strength"":0.5393489299922811},{""cx"":499.6463198006078,""cy"":95.34751189212636,""R_px"":71.13385373566204,""k"":0.4279620715481448,""alpha_strength"":0.5265814995573403},{""cx"":1048.2877781497718,""cy"":159.05615979680425,""R_px"":86.32896488387892,""k"":0.3491231974395896,""alpha_strength"":0.5418371354847786},{""cx"":242.8476574593315,""cy"":551.0688282566088,""R_px"":85.1933216580373,""k"":0.4620904510823657,""alpha_strength"":0.5210943014278167},{""cx"":774.2644624826049,""cy"":497.2637513607548,""R_px"":70.94719337578472,""k"":0.4607136630063619,""alpha_strength"":0.5141884348961352},{""cx"":590.2180380095832,""cy"":371.1498842538766,""R_px"":71.8259279046819,""k"":0.4511252301622453,""alpha_strength"":0.5426670728935075},{""cx"":792.360357362978,""cy"":123.26560186670264,""R_px"":83.23993418403654,""k"":0.4089889684495247,""alpha_strength"":0.49980930039681226}]}",0.733170,0.484450,compression,0.999994,"{""haze_fog"":0.781692,""rain"":0.000158,""snow"":9.5e-05,""low_light"":0.0,""motion_blur"":0.0,""defocus_blur"":0.004097,""glare_flare"":0.051352,""vignetting"":0.000747,""sensor_noise"":0.0,""exposure_shift"":0.430349,""compression"":0.999994,""lens_occlusion"":0.130514}","{""haze_fog"":0.156671,""rain"":0.151476,""snow"":0.064112,""low_light"":0.036639,""motion_blur"":0.005101,""defocus_blur"":0.009659,""glare_flare"":0.245786,""vignetting"":0.046954,""sensor_noise"":0.002874,""exposure_shift"":0.139516,""compression"":0.030199,""lens_occlusion"":0.136054}","[{""issue"":""compression"",""prob"":0.999994},{""issue"":""haze_fog"",""prob"":0.781692},{""issue"":""exposure_shift"",""prob"":0.430349}]"
S02_lens_occlusion_s3,S02,video_017,dev,corrupted,lens_occlusion,3,s3,0.35,0,-1.0,cloudy,day,freeway,moderate,30,1280x720,128,corrupted/lens_occlusion/s3/S02_lens_occlusion_s3.mp4,"{""severity"":0.35,""n_blobs"":6,""target_coverage"":0.20651238262623056,""coverage_reached"":0.2352658420138889,""blobs"":[{""cx"":265.8538089956781,""cy"":501.9134755555719,""R_px"":123.07499547956479,""k"":0.6270039634367981,""alpha_strength"":0.6366391173894366},{""cx"":1061.6217016632302,""cy"":298.91160297903633,""R_px"":97.4462019445928,""k"":0.5456667478022781,""alpha_strength"":0.5652472228051767},{""cx"":863.1086690988835,""cy"":124.19775034346247,""R_px"":107.86815306922554,""k"":0.5916231095854435,""alpha_strength"":0.5835507730490057},{""cx"":987.004331036512,""cy"":501.53810122746427,""R_px"":125.70684262505809,""k"":0.5951809487668253,""alpha_strength"":0.6353691994034701},{""cx"":824.213099084916,""cy"":342.0640218602024,""R_px"":106.2402247203606,""k"":0.6075040673065821,""alpha_strength"":0.5841560235426225},{""cx"":591.0130794695907,""cy"":206.28765798699848,""R_px"":111.99554091958575,""k"":0.497793246112967,""alpha_strength"":0.5925536017431319}]}",0.509796,0.478411,compression,0.999994,"{""haze_fog"":0.753614,""rain"":0.000143,""snow"":0.000135,""low_light"":0.0,""motion_blur"":0.0,""defocus_blur"":0.004981,""glare_flare"":0.057994,""vignetting"":0.000476,""sensor_noise"":0.0,""exposure_shift"":0.402858,""compression"":0.999994,""lens_occlusion"":0.011633}","{""haze_fog"":0.165018,""rain"":0.152897,""snow"":0.062788,""low_light"":0.039038,""motion_blur"":0.008198,""defocus_blur"":0.011854,""glare_flare"":0.269302,""vignetting"":0.044728,""sensor_noise"":0.004261,""exposure_shift"":0.148496,""compression"":0.039359,""lens_occlusion"":0.1248}","[{""issue"":""compression"",""prob"":0.999994},{""issue"":""haze_fog"",""prob"":0.753614},{""issue"":""exposure_shift"",""prob"":0.402858}]"
S02_lens_occlusion_s4,S02,video_017,dev,corrupted,lens_occlusion,4,s4,0.55,0,-1.0,cloudy,day,freeway,moderate,30,1280x720,128,corrupted/lens_occlusion/s4/S02_lens_occlusion_s4.mp4,"{""severity"":0.55,""n_blobs"":5,""target_coverage"":0.30638438084827657,""coverage_reached"":0.3393923611111111,""blobs"":[{""cx"":596.4221847109989,""cy"":225.04224978183947,""R_px"":169.36417694229212,""k"":0.8002212188349928,""alpha_strength"":0.7417624010098233},{""cx"":186.27152220315875,""cy"":589.1949949130242,""R_px"":145.85473422238195,""k"":0.637706801940623,""alpha_strength"":0.7005997099761039},{""cx"":738.8644586192114,""cy"":518.1497813945365,""R_px"":159.435038029325,""k"":0.6283317002135036,""alpha_strength"":0.70170369594301},{""cx"":506.3286979438643,""cy"":278.7512804093582,""R_px"":167.48054027061636,""k"":0.6668352236580206,""alpha_strength"":0.6815607975001439},{""cx"":457.3482598976399,""cy"":613.3417831848111,""R_px"":158.6187957369526,""k"":0.61967899456434,""alpha_strength"":0.7595564618895518}]}",0.286830,0.359625,compression,0.999969,"{""haze_fog"":0.817314,""rain"":0.000386,""snow"":0.000528,""low_light"":0.0,""motion_blur"":0.0,""defocus_blur"":0.007881,""glare_flare"":0.040069,""vignetting"":0.000781,""sensor_noise"":0.0,""exposure_shift"":0.495811,""compression"":0.999969,""lens_occlusion"":0.082655}","{""haze_fog"":0.185455,""rain"":0.16323,""snow"":0.07658,""low_light"":0.043753,""motion_blur"":0.013002,""defocus_blur"":0.017894,""glare_flare"":0.263456,""vignetting"":0.048488,""sensor_noise"":0.005078,""exposure_shift"":0.170995,""compression"":0.059324,""lens_occlusion"":0.182724}","[{""issue"":""compression"",""prob"":0.999969},{""issue"":""haze_fog"",""prob"":0.817314},{""issue"":""exposure_shift"",""prob"":0.495811}]"
S02_lens_occlusion_s5,S02,video_017,dev,corrupted,lens_occlusion,5,s5,0.75,0,-1.0,cloudy,day,freeway,moderate,30,1280x720,128,corrupted/lens_occlusion/s5/S02_lens_occlusion_s5.mp4,"{""severity"":0.75,""n_blobs"":3,""target_coverage"":0.41197882156696997,""coverage_reached"":0.42732530381944445,""blobs"":[{""cx"":269.63586834893704,""cy"":590.2967542371276,""R_px"":217.4448935785919,""k"":0.980882099393697,""alpha_strength"":0.8926234997354587},{""cx"":647.8773376067172,""cy"":535.3449819456483,""R_px"":242.70544198221074,""k"":0.9450756490899902,""alpha_strength"":0.8003757804045507},{""cx"":995.7236252086457,""cy"":310.8795744746726,""R_px"":207.0362328633453,""k"":0.9445450044773951,""alpha_strength"":0.7797316956779639}]}",0.114387,0.290785,compression,0.999973,"{""haze_fog"":0.87921,""rain"":0.000837,""snow"":0.000879,""low_light"":4e-06,""motion_blur"":0.0,""defocus_blur"":0.010988,""glare_flare"":0.054641,""vignetting"":0.001251,""sensor_noise"":1e-06,""exposure_shift"":0.441492,""compression"":0.999973,""lens_occlusion"":0.104195}","{""haze_fog"":0.197968,""rain"":0.212631,""snow"":0.123855,""low_light"":0.06435,""motion_blur"":0.028175,""defocus_blur"":0.031566,""glare_flare"":0.27635,""vignetting"":0.048672,""sensor_noise"":0.015175,""exposure_shift"":0.196304,""compression"":0.102365,""lens_occlusion"":0.194553}","[{""issue"":""compression"",""prob"":0.999973},{""issue"":""haze_fog"",""prob"":0.87921},{""issue"":""exposure_shift"",""prob"":0.441492}]"
S02_sensor_noise_s1,S02,video_017,dev,corrupted,sensor_noise,1,s1,0.08,0,-1.0,cloudy,day,freeway,moderate,30,1280x720,128,corrupted/sensor_noise/s1/S02_sensor_noise_s1.mp4,"{""severity"":0.08,""sigma_r"":0.0028023684806422326,""sigma_s"":0.009226541422838441,""per_channel"":true}",0.928613,0.576652,compression,0.999991,"{""haze_fog"":0.798736,""rain"":9.7e-05,""snow"":0.000155,""low_light"":0.0,""motion_blur"":0.0,""defocus_blur"":0.003589,""glare_flare"":0.029874,""vignetting"":0.000587,""sensor_noise"":0.0,""exposure_shift"":0.562445,""compression"":0.999991,""lens_occlusion"":0.004564}","{""haze_fog"":0.132279,""rain"":0.146757,""snow"":0.06891,""low_light"":0.037292,""motion_blur"":0.003129,""defocus_blur"":0.008286,""glare_flare"":0.19226,""vignetting"":0.048584,""sensor_noise"":0.00218,""exposure_shift"":0.14222,""compression"":0.021974,""lens_occlusion"":0.088798}","[{""issue"":""compression"",""prob"":0.999991},{""issue"":""haze_fog"",""prob"":0.798736},{""issue"":""exposure_shift"",""prob"":0.562445}]"
S02_sensor_noise_s2,S02,video_017,dev,corrupted,sensor_noise,2,s2,0.18,0,-1.0,cloudy,day,freeway,moderate,30,1280x720,128,corrupted/sensor_noise/s2/S02_sensor_noise_s2.mp4,"{""severity"":0.18,""sigma_r"":0.005167388409681468,""sigma_s"":0.0174758743135284,""per_channel"":true}",0.838388,0.612593,compression,0.999993,"{""haze_fog"":0.779204,""rain"":4.1e-05,""snow"":0.000221,""low_light"":5e-06,""motion_blur"":0.0,""defocus_blur"":0.003088,""glare_flare"":0.025192,""vignetting"":0.000978,""sensor_noise"":0.0,""exposure_shift"":0.638823,""compression"":0.999993,""lens_occlusion"":0.003982}","{""haze_fog"":0.123601,""rain"":0.135287,""snow"":0.062645,""low_light"":0.042145,""motion_blur"":0.00277,""defocus_blur"":0.007758,""glare_flare"":0.165576,""vignetting"":0.047946,""sensor_noise"":0.003223,""exposure_shift"":0.149035,""compression"":0.01932,""lens_occlusion"":0.08388}","[{""issue"":""compression"",""prob"":0.999993},{""issue"":""haze_fog"",""prob"":0.779204},{""issue"":""exposure_shift"",""prob"":0.638823}]"
S02_sensor_noise_s3,S02,video_017,dev,corrupted,sensor_noise,3,s3,0.35,0,-1.0,cloudy,day,freeway,moderate,30,1280x720,128,corrupted/sensor_noise/s3/S02_sensor_noise_s3.mp4,"{""severity"":0.35,""sigma_r"":0.008908778104426123,""sigma_s"":0.032224274298821236,""per_channel"":true}",0.682056,0.699359,compression,0.999993,"{""haze_fog"":0.728046,""rain"":1.6e-05,""snow"":0.000844,""low_light"":0.199796,""motion_blur"":0.0,""defocus_blur"":0.001795,""glare_flare"":0.005981,""vignetting"":0.001568,""sensor_noise"":0.126006,""exposure_shift"":0.721234,""compression"":0.999993,""lens_occlusion"":0.002407}","{""haze_fog"":0.077424,""rain"":0.09755,""snow"":0.057208,""low_light"":0.066123,""motion_blur"":0.001873,""defocus_blur"":0.005954,""glare_flare"":0.09335,""vignetting"":0.049,""sensor_noise"":0.023204,""exposure_shift"":0.138416,""compression"":0.012834,""lens_occlusion"":0.061401}","[{""issue"":""compression"",""prob"":0.999993},{""issue"":""haze_fog"",""prob"":0.728046},{""issue"":""exposure_shift"",""prob"":0.721234}]"
S02_sensor_noise_s4,S02,video_017,dev,corrupted,sensor_noise,4,s4,0.55,0,-1.0,cloudy,day,freeway,moderate,30,1280x720,128,corrupted/sensor_noise/s4/S02_sensor_noise_s4.mp4,"{""severity"":0.55,""sigma_r"":0.011406362466315326,""sigma_s"":0.04475579631380395,""per_channel"":true}",0.492001,0.641080,compression,0.999992,"{""haze_fog"":0.798887,""rain"":6e-06,""snow"":0.00323,""low_light"":0.560014,""motion_blur"":0.0,""defocus_blur"":0.001101,""glare_flare"":0.005025,""vignetting"":0.000823,""sensor_noise"":0.568704,""exposure_shift"":0.763934,""compression"":0.999992,""lens_occlusion"":0.002471}","{""haze_fog"":0.058212,""rain"":0.103446,""snow"":0.092084,""low_light"":0.102258,""motion_blur"":0.001089,""defocus_blur"":0.00515,""glare_flare"":0.106696,""vignetting"":0.05444,""sensor_noise"":0.078608,""exposure_shift"":0.144856,""compression"":0.008981,""lens_occlusion"":0.05527}","[{""issue"":""compression"",""prob"":0.999992},{""issue"":""haze_fog"",""prob"":0.798887},{""issue"":""exposure_shift"",""prob"":0.763934},{""issue"":""sensor_noise"",""prob"":0.568704},{""issue"":""low_light"",""prob"":0.560014}]"
S02_sensor_noise_s5,S02,video_017,dev,corrupted,sensor_noise,5,s5,0.75,0,-1.0,cloudy,day,freeway,moderate,30,1280x720,128,corrupted/sensor_noise/s5/S02_sensor_noise_s5.mp4,"{""severity"":0.75,""sigma_r"":0.014634930032104775,""sigma_s"":0.0677569363905651,""per_channel"":true}",0.291891,0.525556,compression,0.999991,"{""haze_fog"":0.78277,""rain"":1.4e-05,""snow"":0.01185,""low_light"":0.835093,""motion_blur"":0.0,""defocus_blur"":0.001087,""glare_flare"":0.00714,""vignetting"":0.000488,""sensor_noise"":0.698944,""exposure_shift"":0.800847,""compression"":0.999991,""lens_occlusion"":0.00295}","{""haze_fog"":0.055926,""rain"":0.118542,""snow"":0.132872,""low_light"":0.150993,""motion_blur"":0.000863,""defocus_blur"":0.005789,""glare_flare"":0.140472,""vignetting"":0.057674,""sensor_noise"":0.137627,""exposure_shift"":0.163223,""compression"":0.007011,""lens_occlusion"":0.059275}","[{""issue"":""compression"",""prob"":0.999991},{""issue"":""low_light"",""prob"":0.835093},{""issue"":""exposure_shift"",""prob"":0.800847},{""issue"":""haze_fog"",""prob"":0.78277},{""issue"":""sensor_noise"",""prob"":0.698944}]"
S02_low_light_s1,S02,video_017,dev,corrupted,low_light,1,s1,0.08,0,-1.0,cloudy,day,freeway,moderate,30,1280x720,128,corrupted/low_light/s1/S02_low_light_s1.mp4,"{""severity"":0.08,""gamma"":1.5854243754333885,""sigma_r"":0.0038686393796631513,""sigma_s"":0.01301991053839616,""amp_r"":2.0,""amp_s"":3.0,""desat"":0.02,""per_channel"":true}",0.911980,0.705618,compression,0.999987,"{""haze_fog"":0.248813,""rain"":4.1e-05,""snow"":0.000129,""low_light"":3.2e-05,""motion_blur"":0.0,""defocus_blur"":0.003518,""glare_flare"":0.033644,""vignetting"":0.002474,""sensor_noise"":0.0,""exposure_shift"":0.611251,""compression"":0.999987,""lens_occlusion"":0.003997}","{""haze_fog"":0.066433,""rain"":0.125111,""snow"":0.048591,""low_light"":0.054529,""motion_blur"":0.004544,""defocus_blur"":0.008074,""glare_flare"":0.115665,""vignetting"":0.051879,""sensor_noise"":0.002022,""exposure_shift"":0.118412,""compression"":0.024022,""lens_occlusion"":0.07872}","[{""issue"":""compression"",""prob"":0.999987},{""issue"":""exposure_shift"",""prob"":0.611251}]"
S02_low_light_s2,S02,video_017,dev,corrupted,low_light,2,s2,0.18,0,-1.0,cloudy,day,freeway,moderate,30,1280x720,128,corrupted/low_light/s2/S02_low_light_s2.mp4,"{""severity"":0.18,""gamma"":1.5012041712951947,""sigma_r"":0.006989846031113881,""sigma_s"":0.0302911774317354,""amp_r"":2.0,""amp_s"":3.0,""desat"":0.045,""per_channel"":true}",0.803090,0.754003,compression,0.999963,"{""haze_fog"":0.132927,""rain"":1e-05,""snow"":0.000663,""low_light"":0.6843,""motion_blur"":0.0,""defocus_blur"":0.002765,""glare_flare"":0.016412,""vignetting"":0.005468,""sensor_noise"":0.030173,""exposure_shift"":0.763561,""compression"":0.999963,""lens_occlusion"":0.004304}","{""haze_fog"":0.036494,""rain"":0.095067,""snow"":0.041553,""low_light"":0.090415,""motion_blur"":0.004303,""defocus_blur"":0.008273,""glare_flare"":0.062579,""vignetting"":0.065035,""sensor_noise"":0.010091,""exposure_shift"":0.115814,""compression"":0.023721,""lens_occlusion"":0.071755}","[{""issue"":""compression"",""prob"":0.999963},{""issue"":""exposure_shift"",""prob"":0.763561},{""issue"":""low_light"",""prob"":0.6843}]"
S02_low_light_s3,S02,video_017,dev,corrupted,low_light,3,s3,0.35,0,-1.0,cloudy,day,freeway,moderate,30,1280x720,128,corrupted/low_light/s3/S02_low_light_s3.mp4,"{""severity"":0.35,""gamma"":1.8250553697482064,""sigma_r"":0.01452573980673816,""sigma_s"":0.07232424374312045,""amp_r"":2.0,""amp_s"":3.0,""desat"":0.0875,""per_channel"":true}",0.621254,0.566569,compression,0.999945,"{""haze_fog"":0.042917,""rain"":3.3e-05,""snow"":0.004143,""low_light"":0.999328,""motion_blur"":0.0,""defocus_blur"":0.005132,""glare_flare"":0.013259,""vignetting"":0.000488,""sensor_noise"":0.217653,""exposure_shift"":0.780975,""compression"":0.999945,""lens_occlusion"":0.00765}","{""haze_fog"":0.025004,""rain"":0.108453,""snow"":0.070998,""low_light"":0.237012,""motion_blur"":0.005795,""defocus_blur"":0.015521,""glare_flare"":0.073492,""vignetting"":0.087241,""sensor_noise"":0.067976,""exposure_shift"":0.13248,""compression"":0.028449,""lens_occlusion"":0.080635}","[{""issue"":""compression"",""prob"":0.999945},{""issue"":""low_light"",""prob"":0.999328},{""issue"":""exposure_shift"",""prob"":0.780975}]"
S02_low_light_s4,S02,video_017,dev,corrupted,low_light,4,s4,0.55,0,-1.0,cloudy,day,freeway,moderate,30,1280x720,128,corrupted/low_light/s4/S02_low_light_s4.mp4,"{""severity"":0.55,""gamma"":2.3090110912130593,""sigma_r"":0.02727624126558753,""sigma_s"":0.13248663494490076,""amp_r"":2.0,""amp_s"":3.0,""desat"":0.1375,""per_channel"":true}",0.413809,0.253887,compression,0.999858,"{""haze_fog"":0.005143,""rain"":0.00032,""snow"":0.009219,""low_light"":0.999753,""motion_blur"":0.0,""defocus_blur"":0.017385,""glare_flare"":0.068953,""vignetting"":6.5e-05,""sensor_noise"":0.120827,""exposure_shift"":0.730972,""compression"":0.999858,""lens_occlusion"":0.008363}","{""haze_fog"":0.035882,""rain"":0.14912,""snow"":0.088765,""low_light"":0.374052,""motion_blur"":0.018953,""defocus_blur"":0.045853,""glare_flare"":0.135172,""vignetting"":0.127465,""sensor_noise"":0.067342,""exposure_shift"":0.181269,""compression"":0.065841,""lens_occlusion"":0.113457}","[{""issue"":""compression"",""prob"":0.999858},{""issue"":""low_light"",""prob"":0.999753},{""issue"":""exposure_shift"",""prob"":0.730972}]"
S02_low_light_s5,S02,video_017,dev,corrupted,low_light,5,s5,0.75,0,-1.0,cloudy,day,freeway,moderate,30,1280x720,128,corrupted/low_light/s5/S02_low_light_s5.mp4,"{""severity"":0.75,""gamma"":2.589981090460976,""sigma_r"":0.03593882171284015,""sigma_s"":0.20876171662573056,""amp_r"":2.0,""amp_s"":3.0,""desat"":0.1875,""per_channel"":true}",0.216134,0.105351,compression,0.999559,"{""haze_fog"":0.001386,""rain"":0.001167,""snow"":0.019868,""low_light"":0.999464,""motion_blur"":0.0,""defocus_blur"":0.032527,""glare_flare"":0.236366,""vignetting"":1.8e-05,""sensor_noise"":0.037464,""exposure_shift"":0.675775,""compression"":0.999559,""lens_occlusion"":0.009427}","{""haze_fog"":0.059866,""rain"":0.175541,""snow"":0.079192,""low_light"":0.46003,""motion_blur"":0.03669,""defocus_blur"":0.072968,""glare_flare"":0.196281,""vignetting"":0.14974,""sensor_noise"":0.048008,""exposure_shift"":0.254387,""compression"":0.09585,""lens_occlusion"":0.141611}","[{""issue"":""compression"",""prob"":0.999559},{""issue"":""low_light"",""prob"":0.999464},{""issue"":""exposure_shift"",""prob"":0.675775}]"
S02_overexposure_s1,S02,video_017,dev,corrupted,overexposure,1,s1,0.08,0,-1.0,cloudy,day,freeway,moderate,30,1280x720,128,corrupted/overexposure/s1/S02_overexposure_s1.mp4,"{""severity"":0.08,""delta_ev"":0.16,""scale"":1.11728713807222}",0.934886,0.645752,compression,0.999474,"{""haze_fog"":0.199642,""rain"":1e-06,""snow"":0.600614,""low_light"":0.0,""motion_blur"":0.0,""defocus_blur"":0.004639,""glare_flare"":0.023331,""vignetting"":0.001603,""sensor_noise"":0.0,""exposure_shift"":0.598038,""compression"":0.999474,""lens_occlusion"":0.002377}","{""haze_fog"":0.088632,""rain"":0.074576,""snow"":0.033804,""low_light"":0.03938,""motion_blur"":0.001978,""defocus_blur"":0.010933,""glare_flare"":0.14952,""vignetting"":0.063978,""sensor_noise"":0.003979,""exposure_shift"":0.156222,""compression"":0.018793,""lens_occlusion"":0.072084}","[{""issue"":""compression"",""prob"":0.999474},{""issue"":""snow"",""prob"":0.600614},{""issue"":""exposure_shift"",""prob"":0.598038}]"
S02_overexposure_s2,S02,video_017,dev,corrupted,overexposure,2,s2,0.18,0,-1.0,cloudy,day,freeway,moderate,30,1280x720,128,corrupted/overexposure/s2/S02_overexposure_s2.mp4,"{""severity"":0.18,""delta_ev"":0.36,""scale"":1.2834258975629043}",0.851932,0.626772,compression,0.998125,"{""haze_fog"":0.02205,""rain"":0.0,""snow"":0.996639,""low_light"":4.3e-05,""motion_blur"":0.0,""defocus_blur"":0.007228,""glare_flare"":0.014423,""vignetting"":0.004998,""sensor_noise"":1.5e-05,""exposure_shift"":0.653139,""compression"":0.998125,""lens_occlusion"":0.003293}","{""haze_fog"":0.055503,""rain"":0.039481,""snow"":0.019512,""low_light"":0.057558,""motion_blur"":0.001802,""defocus_blur"":0.022535,""glare_flare"":0.146778,""vignetting"":0.126128,""sensor_noise"":0.012032,""exposure_shift"":0.216129,""compression"":0.021545,""lens_occlusion"":0.069656}","[{""issue"":""compression"",""prob"":0.998125},{""issue"":""snow"",""prob"":0.996639},{""issue"":""exposure_shift"",""prob"":0.653139}]"
S02_overexposure_s3,S02,video_017,dev,corrupted,overexposure,3,s3,0.35,0,-1.0,cloudy,day,freeway,moderate,30,1280x720,128,corrupted/overexposure/s3/S02_overexposure_s3.mp4,"{""severity"":0.35,""delta_ev"":0.7,""scale"":1.624504792712471}",0.706200,0.326987,snow,1.000000,"{""haze_fog"":0.00057,""rain"":0.0,""snow"":1.0,""low_light"":0.037941,""motion_blur"":0.0,""defocus_blur"":0.037814,""glare_flare"":0.025146,""vignetting"":0.00071,""sensor_noise"":3.8e-05,""exposure_shift"":0.312902,""compression"":0.809,""lens_occlusion"":0.013436}","{""haze_fog"":0.078384,""rain"":0.011725,""snow"":0.009314,""low_light"":0.077266,""motion_blur"":0.009299,""defocus_blur"":0.093286,""glare_flare"":0.162385,""vignetting"":0.198484,""sensor_noise"":0.030395,""exposure_shift"":0.262585,""compression"":0.065076,""lens_occlusion"":0.108792}","[{""issue"":""snow"",""prob"":1.0},{""issue"":""compression"",""prob"":0.809},{""issue"":""exposure_shift"",""prob"":0.312902}]"
S02_overexposure_s4,S02,video_017,dev,corrupted,overexposure,4,s4,0.55,0,-1.0,cloudy,day,freeway,moderate,30,1280x720,128,corrupted/overexposure/s4/S02_overexposure_s4.mp4,"{""severity"":0.55,""delta_ev"":1.1,""scale"":2.1435469250725863}",0.524770,0.181896,snow,1.000000,"{""haze_fog"":2e-06,""rain"":0.0,""snow"":1.0,""low_light"":0.045868,""motion_blur"":0.0,""defocus_blur"":0.0732,""glare_flare"":0.014365,""vignetting"":1.5e-05,""sensor_noise"":0.000815,""exposure_shift"":0.023391,""compression"":0.365228,""lens_occlusion"":0.015638}","{""haze_fog"":0.069082,""rain"":0.003164,""snow"":0.002421,""low_light"":0.080322,""motion_blur"":0.016156,""defocus_blur"":0.159609,""glare_flare"":0.174012,""vignetting"":0.169366,""sensor_noise"":0.056932,""exposure_shift"":0.219975,""compression"":0.073192,""lens_occlusion"":0.130272}","[{""issue"":""snow"",""prob"":1.0},{""issue"":""compression"",""prob"":0.365228}]"
S02_overexposure_s5,S02,video_017,dev,corrupted,overexposure,5,s5,0.75,0,-1.0,cloudy,day,freeway,moderate,30,1280x720,128,corrupted/overexposure/s5/S02_overexposure_s5.mp4,"{""severity"":0.75,""delta_ev"":1.5,""scale"":2.8284271247461903}",0.326465,0.183523,snow,1.000000,"{""haze_fog"":1e-06,""rain"":0.0,""snow"":1.0,""low_light"":0.00591,""motion_blur"":1e-06,""defocus_blur"":0.095836,""glare_flare"":0.043755,""vignetting"":2.8e-05,""sensor_noise"":0.000359,""exposure_shift"":0.10005,""compression"":0.344282,""lens_occlusion"":0.006151}","{""haze_fog"":0.109206,""rain"":0.00215,""snow"":0.00164,""low_light"":0.069403,""motion_blur"":0.026257,""defocus_blur"":0.18667,""glare_flare"":0.210235,""vignetting"":0.167297,""sensor_noise"":0.055885,""exposure_shift"":0.358484,""compression"":0.078219,""lens_occlusion"":0.134642}","[{""issue"":""snow"",""prob"":1.0},{""issue"":""compression"",""prob"":0.344282}]"
S02_underexposure_s1,S02,video_017,dev,corrupted,underexposure,1,s1,0.08,0,-1.0,cloudy,day,freeway,moderate,30,1280x720,128,corrupted/underexposure/s1/S02_underexposure_s1.mp4,"{""severity"":0.08,""delta_ev"":-0.16,""scale"":0.8950250709279725}",0.934886,0.543267,compression,0.999990,"{""haze_fog"":0.796418,""rain"":0.000193,""snow"":0.000335,""low_light"":0.0,""motion_blur"":0.0,""defocus_blur"":0.003953,""glare_flare"":0.01094,""vignetting"":0.002347,""sensor_noise"":0.0,""exposure_shift"":0.854757,""compression"":0.99999,""lens_occlusion"":0.005322}","{""haze_fog"":0.133917,""rain"":0.154744,""snow"":0.071175,""low_light"":0.042082,""motion_blur"":0.003305,""defocus_blur"":0.00847,""glare_flare"":0.163984,""vignetting"":0.067382,""sensor_noise"":0.002551,""exposure_shift"":0.210799,""compression"":0.024445,""lens_occlusion"":0.095833}","[{""issue"":""compression"",""prob"":0.99999},{""issue"":""exposure_shift"",""prob"":0.854757},{""issue"":""haze_fog"",""prob"":0.796418}]"
S02_underexposure_s2,S02,video_017,dev,corrupted,underexposure,2,s2,0.18,0,-1.0,cloudy,day,freeway,moderate,30,1280x720,128,corrupted/underexposure/s2/S02_underexposure_s2.mp4,"{""severity"":0.18,""delta_ev"":-0.36,""scale"":0.7791645796604999}",0.851932,0.524453,compression,0.999992,"{""haze_fog"":0.711041,""rain"":0.000418,""snow"":0.000727,""low_light"":2e-06,""motion_blur"":0.0,""defocus_blur"":0.004668,""glare_flare"":0.004027,""vignetting"":0.006366,""sensor_noise"":0.0,""exposure_shift"":0.983795,""compression"":0.999992,""lens_occlusion"":0.005709}","{""haze_fog"":0.116036,""rain"":0.159435,""snow"":0.065869,""low_light"":0.048031,""motion_blur"":0.003816,""defocus_blur"":0.009757,""glare_flare"":0.127279,""vignetting"":0.08762,""sensor_noise"":0.003882,""exposure_shift"":0.298322,""compression"":0.029047,""lens_occlusion"":0.088323}","[{""issue"":""compression"",""prob"":0.999992},{""issue"":""exposure_shift"",""prob"":0.983795},{""issue"":""haze_fog"",""prob"":0.711041}]"
S02_underexposure_s3,S02,video_017,dev,corrupted,underexposure,3,s3,0.35,0,-1.0,cloudy,day,freeway,moderate,30,1280x720,128,corrupted/underexposure/s3/S02_underexposure_s3.mp4,"{""severity"":0.35,""delta_ev"":-0.7,""scale"":0.6155722066724582}",0.706200,0.294377,compression,0.999996,"{""haze_fog"":0.590464,""rain"":0.001005,""snow"":0.000192,""low_light"":0.000112,""motion_blur"":0.0,""defocus_blur"":0.005127,""glare_flare"":0.002141,""vignetting"":0.009729,""sensor_noise"":7e-06,""exposure_shift"":0.999889,""compression"":0.999996,""lens_occlusion"":0.011166}","{""haze_fog"":0.109179,""rain"":0.198315,""snow"":0.058512,""low_light"":0.053385,""motion_blur"":0.005548,""defocus_blur"":0.014272,""glare_flare"":0.115486,""vignetting"":0.190152,""sensor_noise"":0.014311,""exposure_shift"":0.566388,""compression"":0.043077,""lens_occlusion"":0.07877}","[{""issue"":""compression"",""prob"":0.999996},{""issue"":""exposure_shift"",""prob"":0.999889},{""issue"":""haze_fog"",""prob"":0.590464}]"
S02_underexposure_s4,S02,video_017,dev,corrupted,underexposure,4,s4,0.55,0,-1.0,cloudy,day,freeway,moderate,30,1280x720,128,corrupted/underexposure/s4/S02_underexposure_s4.mp4,"{""severity"":0.55,""delta_ev"":-1.1,""scale"":0.4665164957684037}",0.524770,0.126427,exposure_shift,0.999995,"{""haze_fog"":0.544006,""rain"":0.001001,""snow"":4.4e-05,""low_light"":0.000125,""motion_blur"":0.0,""defocus_blur"":0.005637,""glare_flare"":0.000996,""vignetting"":0.026203,""sensor_noise"":1.5e-05,""exposure_shift"":0.999995,""compression"":0.99999,""lens_occlusion"":0.009267}","{""haze_fog"":0.118587,""rain"":0.229313,""snow"":0.047383,""low_light"":0.04656,""motion_blur"":0.007665,""defocus_blur"":0.019061,""glare_flare"":0.107726,""vignetting"":0.50166,""sensor_noise"":0.020341,""exposure_shift"":0.780841,""compression"":0.050355,""lens_occlusion"":0.07638}","[{""issue"":""exposure_shift"",""prob"":0.999995},{""issue"":""compression"",""prob"":0.99999},{""issue"":""haze_fog"",""prob"":0.544006}]"
S02_underexposure_s5,S02,video_017,dev,corrupted,underexposure,5,s5,0.75,0,-1.0,cloudy,day,freeway,moderate,30,1280x720,128,corrupted/underexposure/s5/S02_underexposure_s5.mp4,"{""severity"":0.75,""delta_ev"":-1.5,""scale"":0.3535533905932738}",0.326465,0.058401,exposure_shift,0.999999,"{""haze_fog"":0.42458,""rain"":0.001115,""snow"":1.9e-05,""low_light"":0.000121,""motion_blur"":0.0,""defocus_blur"":0.007652,""glare_flare"":0.00059,""vignetting"":0.022785,""sensor_noise"":4e-06,""exposure_shift"":0.999999,""compression"":0.999938,""lens_occlusion"":0.008969}","{""haze_fog"":0.104919,""rain"":0.233216,""snow"":0.034562,""low_light"":0.044862,""motion_blur"":0.013961,""defocus_blur"":0.026233,""glare_flare"":0.094547,""vignetting"":0.701922,""sensor_noise"":0.020787,""exposure_shift"":0.874579,""compression"":0.05356,""lens_occlusion"":0.076028}","[{""issue"":""exposure_shift"",""prob"":0.999999},{""issue"":""compression"",""prob"":0.999938},{""issue"":""haze_fog"",""prob"":0.42458}]"
S02_jpeg_compression_s1,S02,video_017,dev,corrupted,jpeg_compression,1,s1,0.08,0,-1.0,cloudy,day,freeway,moderate,30,1280x720,128,corrupted/jpeg_compression/s1/S02_jpeg_compression_s1.mp4,"{""severity"":0.08,""quality"":87,""encode_ok"":true}",0.947560,0.544326,compression,0.999988,"{""haze_fog"":0.80174,""rain"":7e-05,""snow"":0.000124,""low_light"":0.0,""motion_blur"":0.0,""defocus_blur"":0.003784,""glare_flare"":0.042294,""vignetting"":0.000493,""sensor_noise"":0.0,""exposure_shift"":0.549672,""compression"":0.999988,""lens_occlusion"":0.004392}","{""haze_fog"":0.150186,""rain"":0.138858,""snow"":0.063838,""low_light"":0.033756,""motion_blur"":0.003396,""defocus_blur"":0.008133,""glare_flare"":0.222793,""vignetting"":0.046237,""sensor_noise"":0.001923,""exposure_shift"":0.148651,""compression"":0.021472,""lens_occlusion"":0.09506}","[{""issue"":""compression"",""prob"":0.999988},{""issue"":""haze_fog"",""prob"":0.80174},{""issue"":""exposure_shift"",""prob"":0.549672}]"
S02_jpeg_compression_s2,S02,video_017,dev,corrupted,jpeg_compression,2,s2,0.18,0,-1.0,cloudy,day,freeway,moderate,30,1280x720,128,corrupted/jpeg_compression/s2/S02_jpeg_compression_s2.mp4,"{""severity"":0.18,""quality"":80,""encode_ok"":true}",0.879678,0.575471,compression,0.999992,"{""haze_fog"":0.787802,""rain"":5e-05,""snow"":7.8e-05,""low_light"":0.0,""motion_blur"":0.0,""defocus_blur"":0.003737,""glare_flare"":0.037486,""vignetting"":0.000552,""sensor_noise"":0.0,""exposure_shift"":0.502962,""compression"":0.999992,""lens_occlusion"":0.003994}","{""haze_fog"":0.142117,""rain"":0.136856,""snow"":0.060618,""low_light"":0.037501,""motion_blur"":0.00325,""defocus_blur"":0.008141,""glare_flare"":0.214232,""vignetting"":0.043386,""sensor_noise"":0.002151,""exposure_shift"":0.140964,""compression"":0.020573,""lens_occlusion"":0.08839}","[{""issue"":""compression"",""prob"":0.999992},{""issue"":""haze_fog"",""prob"":0.787802},{""issue"":""exposure_shift"",""prob"":0.502962}]"
S02_jpeg_compression_s3,S02,video_017,dev,corrupted,jpeg_compression,3,s3,0.35,0,-1.0,cloudy,day,freeway,moderate,30,1280x720,128,corrupted/jpeg_compression/s3/S02_jpeg_compression_s3.mp4,"{""severity"":0.35,""quality"":67,""encode_ok"":true}",0.757080,0.614428,compression,0.999996,"{""haze_fog"":0.75089,""rain"":4.2e-05,""snow"":2.8e-05,""low_light"":0.0,""motion_blur"":0.0,""defocus_blur"":0.003939,""glare_flare"":0.050957,""vignetting"":0.000671,""sensor_noise"":0.0,""exposure_shift"":0.429034,""compression"":0.999996,""lens_occlusion"":0.003245}","{""haze_fog"":0.129973,""rain"":0.138642,""snow"":0.052993,""low_light"":0.049053,""motion_blur"":0.003242,""defocus_blur"":0.008262,""glare_flare"":0.204703,""vignetting"":0.037104,""sensor_noise"":0.002777,""exposure_shift"":0.132191,""compression"":0.020545,""lens_occlusion"":0.077033}","[{""issue"":""compression"",""prob"":0.999996},{""issue"":""haze_fog"",""prob"":0.75089},{""issue"":""exposure_shift"",""prob"":0.429034}]"
S02_jpeg_compression_s4,S02,video_017,dev,corrupted,jpeg_compression,4,s4,0.55,0,-1.0,cloudy,day,freeway,moderate,30,1280x720,128,corrupted/jpeg_compression/s4/S02_jpeg_compression_s4.mp4,"{""severity"":0.55,""quality"":45,""encode_ok"":true}",0.597001,0.603265,compression,0.999999,"{""haze_fog"":0.709626,""rain"":5.9e-05,""snow"":1e-05,""low_light"":1e-06,""motion_blur"":0.0,""defocus_blur"":0.004605,""glare_flare"":0.071151,""vignetting"":0.00106,""sensor_noise"":0.0,""exposure_shift"":0.250365,""compression"":0.999999,""lens_occlusion"":0.005326}","{""haze_fog"":0.125996,""rain"":0.134618,""snow"":0.04474,""low_light"":0.077697,""motion_blur"":0.004378,""defocus_blur"":0.009547,""glare_flare"":0.192305,""vignetting"":0.035532,""sensor_noise"":0.004338,""exposure_shift"":0.122303,""compression"":0.025983,""lens_occlusion"":0.078826}","[{""issue"":""compression"",""prob"":0.999999},{""issue"":""haze_fog"",""prob"":0.709626},{""issue"":""exposure_shift"",""prob"":0.250365}]"
S02_jpeg_compression_s5,S02,video_017,dev,corrupted,jpeg_compression,5,s5,0.75,0,-1.0,cloudy,day,freeway,moderate,30,1280x720,128,corrupted/jpeg_compression/s5/S02_jpeg_compression_s5.mp4,"{""severity"":0.75,""quality"":31,""encode_ok"":true}",0.408384,0.545210,compression,0.999998,"{""haze_fog"":0.646001,""rain"":1.7e-05,""snow"":2.1e-05,""low_light"":1.2e-05,""motion_blur"":0.0,""defocus_blur"":0.007322,""glare_flare"":0.036801,""vignetting"":0.001185,""sensor_noise"":1e-06,""exposure_shift"":0.365208,""compression"":0.999998,""lens_occlusion"":0.004883}","{""haze_fog"":0.133808,""rain"":0.132641,""snow"":0.050158,""low_light"":0.099772,""motion_blur"":0.01029,""defocus_blur"":0.015992,""glare_flare"":0.16886,""vignetting"":0.043408,""sensor_noise"":0.011104,""exposure_shift"":0.16009,""compression"":0.053835,""lens_occlusion"":0.080142}","[{""issue"":""compression"",""prob"":0.999998},{""issue"":""haze_fog"",""prob"":0.646001},{""issue"":""exposure_shift"",""prob"":0.365208}]"
S03_clean,S03,video_013,dev,clean,clean,0,s0,0.0,1,1.0,sunny,day,urban,moderate,30,1280x720,128,clean_clips/S03_clean.mp4,{},1.000000,0.553200,compression,0.999851,"{""haze_fog"":0.255094,""rain"":2.2e-05,""snow"":9e-05,""low_light"":5.2e-05,""motion_blur"":0.0,""defocus_blur"":0.005394,""glare_flare"":0.008862,""vignetting"":0.143438,""sensor_noise"":0.0,""exposure_shift"":0.706587,""compression"":0.999851,""lens_occlusion"":0.004955}","{""haze_fog"":0.075703,""rain"":0.096786,""snow"":0.03996,""low_light"":0.052266,""motion_blur"":0.004235,""defocus_blur"":0.010904,""glare_flare"":0.114012,""vignetting"":0.098693,""sensor_noise"":0.000713,""exposure_shift"":0.125802,""compression"":0.041057,""lens_occlusion"":0.091564}","[{""issue"":""compression"",""prob"":0.999851},{""issue"":""exposure_shift"",""prob"":0.706587},{""issue"":""haze_fog"",""prob"":0.255094}]"
S03_fog_s1,S03,video_013,dev,corrupted,fog,1,s1,0.08,0,-1.0,sunny,day,urban,moderate,30,1280x720,128,corrupted/fog/s1/S03_fog_s1.mp4,"{""mask_mean"":0.22899200022220612,""severity"":0.08,""k"":0.896,""gamma"":0.7,""depth_shift"":0.3,""distance_exp"":1.5,""t_min"":0.25,""contrast_scale"":0.95,""darken_factor"":0.88,""blur_kernel"":5,""A"":[0.4306350648403168,0.4533000588417053,0.47596508264541626],""depth_min"":0.0,""depth_max"":1.0}",0.911980,0.059242,compression,0.999741,"{""haze_fog"":0.202033,""rain"":0.000797,""snow"":0.004676,""low_light"":0.0,""motion_blur"":0.067605,""defocus_blur"":0.036184,""glare_flare"":0.004201,""vignetting"":0.120824,""sensor_noise"":0.000116,""exposure_shift"":0.992306,""compression"":0.999741,""lens_occlusion"":0.013107}","{""haze_fog"":0.165162,""rain"":0.361227,""snow"":0.197817,""low_light"":0.03709,""motion_blur"":0.121478,""defocus_blur"":0.178059,""glare_flare"":0.185424,""vignetting"":0.078193,""sensor_noise"":0.053815,""exposure_shift"":0.525801,""compression"":0.586723,""lens_occlusion"":0.117003}","[{""issue"":""compression"",""prob"":0.999741},{""issue"":""exposure_shift"",""prob"":0.992306}]"
S03_fog_s2,S03,video_013,dev,corrupted,fog,2,s2,0.18,0,-1.0,sunny,day,urban,moderate,30,1280x720,128,corrupted/fog/s2/S03_fog_s2.mp4,"{""mask_mean"":0.2533106207847595,""severity"":0.18,""k"":1.016,""gamma"":0.7,""depth_shift"":0.3,""distance_exp"":1.5,""t_min"":0.25,""contrast_scale"":0.95,""darken_factor"":0.88,""blur_kernel"":5,""A"":[0.3907395601272583,0.4113048017024994,0.4318700432777405],""depth_min"":0.0,""depth_max"":1.0}",0.803090,0.052071,compression,0.999697,"{""haze_fog"":0.256317,""rain"":0.000398,""snow"":0.002425,""low_light"":0.0,""motion_blur"":0.069421,""defocus_blur"":0.041398,""glare_flare"":0.004509,""vignetting"":0.118261,""sensor_noise"":0.000121,""exposure_shift"":0.990873,""compression"":0.999697,""lens_occlusion"":0.012723}","{""haze_fog"":0.165887,""rain"":0.363736,""snow"":0.194249,""low_light"":0.039854,""motion_blur"":0.128965,""defocus_blur"":0.185724,""glare_flare"":0.191364,""vignetting"":0.078712,""sensor_noise"":0.056752,""exposure_shift"":0.555683,""compression"":0.581312,""lens_occlusion"":0.116509}","[{""issue"":""compression"",""prob"":0.999697},{""issue"":""exposure_shift"",""prob"":0.990873},{""issue"":""haze_fog"",""prob"":0.256317}]"
S03_fog_s3,S03,video_013,dev,corrupted,fog,3,s3,0.35,0,-1.0,sunny,day,urban,moderate,30,1280x720,128,corrupted/fog/s3/S03_fog_s3.mp4,"{""mask_mean"":0.29184794425964355,""severity"":0.35,""k"":1.22,""gamma"":0.7,""depth_shift"":0.3,""distance_exp"":1.5,""t_min"":0.25,""contrast_scale"":0.95,""darken_factor"":0.88,""blur_kernel"":5,""A"":[0.38089442253112793,0.40094149112701416,0.4209885597229004],""depth_min"":0.0,""depth_max"":1.0}",0.621254,0.043283,compression,0.999543,"{""haze_fog"":0.191764,""rain"":0.000491,""snow"":0.002292,""low_light"":0.0,""motion_blur"":0.042556,""defocus_blur"":0.04181,""glare_flare"":0.006997,""vignetting"":0.111131,""sensor_noise"":0.000244,""exposure_shift"":0.991233,""compression"":0.999543,""lens_occlusion"":0.020899}","{""haze_fog"":0.145969,""rain"":0.365247,""snow"":0.175704,""low_light"":0.040524,""motion_blur"":0.129645,""defocus_blur"":0.177799,""glare_flare"":0.198971,""vignetting"":0.085919,""sensor_noise"":0.063457,""exposure_shift"":0.592352,""compression"":0.55635,""lens_occlusion"":0.121041}","[{""issue"":""compression"",""prob"":0.999543},{""issue"":""exposure_shift"",""prob"":0.991233}]"
S03_fog_s4,S03,video_013,dev,corrupted,fog,4,s4,0.55,0,-1.0,sunny,day,urban,moderate,30,1280x720,128,corrupted/fog/s4/S03_fog_s4.mp4,"{""mask_mean"":0.3330570161342621,""severity"":0.55,""k"":1.46,""gamma"":0.7,""depth_shift"":0.3,""distance_exp"":1.5,""t_min"":0.25,""contrast_scale"":0.95,""darken_factor"":0.88,""blur_kernel"":5,""A"":[0.5122386813163757,0.539198637008667,0.5661585927009583],""depth_min"":0.0,""depth_max"":1.0}",0.413809,0.036432,compression,0.999458,"{""haze_fog"":0.315973,""rain"":0.000476,""snow"":0.00174,""low_light"":0.0,""motion_blur"":0.039418,""defocus_blur"":0.043555,""glare_flare"":0.010414,""vignetting"":0.103287,""sensor_noise"":0.000186,""exposure_shift"":0.993177,""compression"":0.999458,""lens_occlusion"":0.038539}","{""haze_fog"":0.168047,""rain"":0.380195,""snow"":0.184438,""low_light"":0.045569,""motion_blur"":0.133919,""defocus_blur"":0.178658,""glare_flare"":0.217277,""vignetting"":0.082362,""sensor_noise"":0.06858,""exposure_shift"":0.602182,""compression"":0.553132,""lens_occlusion"":0.128528}","[{""issue"":""compression"",""prob"":0.999458},{""issue"":""exposure_shift"",""prob"":0.993177},{""issue"":""haze_fog"",""prob"":0.315973}]"
S03_fog_s5,S03,video_013,dev,corrupted,fog,5,s5,0.75,0,-1.0,sunny,day,urban,moderate,30,1280x720,128,corrupted/fog/s5/S03_fog_s5.mp4,"{""mask_mean"":0.3702668845653534,""severity"":0.75,""k"":1.7,""gamma"":0.7,""depth_shift"":0.3,""distance_exp"":1.5,""t_min"":0.25,""contrast_scale"":0.95,""darken_factor"":0.88,""blur_kernel"":5,""A"":[0.43726861476898193,0.46028274297714233,0.4832969009876251],""depth_min"":0.0,""depth_max"":1.0}",0.216134,0.033507,compression,0.999494,"{""haze_fog"":0.367373,""rain"":0.000455,""snow"":0.00072,""low_light"":0.0,""motion_blur"":0.023891,""defocus_blur"":0.040447,""glare_flare"":0.012805,""vignetting"":0.098582,""sensor_noise"":0.000336,""exposure_shift"":0.989792,""compression"":0.999494,""lens_occlusion"":0.0156}","{""haze_fog"":0.170851,""rain"":0.388349,""snow"":0.165701,""low_light"":0.046513,""motion_blur"":0.124396,""defocus_blur"":0.171608,""glare_flare"":0.213366,""vignetting"":0.083731,""sensor_noise"":0.074183,""exposure_shift"":0.621347,""compression"":0.52362,""lens_occlusion"":0.117225}","[{""issue"":""compression"",""prob"":0.999494},{""issue"":""exposure_shift"",""prob"":0.989792},{""issue"":""haze_fog"",""prob"":0.367373}]"
S03_rain_s1,S03,video_013,dev,corrupted,rain,1,s1,0.08,0,-1.0,sunny,day,urban,moderate,30,1280x720,128,corrupted/rain/s1/S03_rain_s1.mp4,"{""mask_mean"":0.009056360460817814,""severity"":0.08,""alpha"":0.09127143360718151,""eta"":0.7306971386017814,""depth_separation_exp"":1.6,""density"":0.0014367854198794456,""density_far"":0.0009339105229216396,""density_near"":0.0005028748969578059,""base_angle_deg"":77.26602011953358,""far_angle_deg"":72.68738535587512,""near_angle_deg"":75.96600949184014,""blur_sigma"":0.3163007410251447,""invert_depth"":false,""multilayer"":true,""rainy_tone"":true,""apply_rain_haze"":true,""rain_haze_strength"":0.041999999999999996,""apply_overcast_sky"":true,""overcast_mask_mean"":0.05461136996746063,""extra_desat"":0.0048,""patchiness"":true,""brightness_randomness"":false,""apply_visibility_blur"":false,""visibility_blur_sigma"":0.0,""device"":""cuda""}",0.925000,0.419962,compression,0.999820,"{""haze_fog"":0.272534,""rain"":2.7e-05,""snow"":0.765137,""low_light"":0.000338,""motion_blur"":0.0,""defocus_blur"":0.002852,""glare_flare"":0.001119,""vignetting"":0.07296,""sensor_noise"":0.0,""exposure_shift"":0.72782,""compression"":0.99982,""lens_occlusion"":0.00412}","{""haze_fog"":0.088038,""rain"":0.099606,""snow"":0.085847,""low_light"":0.071316,""motion_blur"":0.00228,""defocus_blur"":0.00857,""glare_flare"":0.100691,""vignetting"":0.10223,""sensor_noise"":0.001149,""exposure_shift"":0.15304,""compression"":0.035682,""lens_occlusion"":0.102682}","[{""issue"":""compression"",""prob"":0.99982},{""issue"":""snow"",""prob"":0.765137},{""issue"":""exposure_shift"",""prob"":0.72782},{""issue"":""haze_fog"",""prob"":0.272534}]"
S03_rain_s2,S03,video_013,dev,corrupted,rain,2,s2,0.18,0,-1.0,sunny,day,urban,moderate,30,1280x720,128,corrupted/rain/s2/S03_rain_s2.mp4,"{""mask_mean"":0.014226115308701992,""severity"":0.18,""alpha"":0.1174819730773967,""eta"":0.8111797233602042,""depth_separation_exp"":1.6,""density"":0.0021201796026101244,""density_far"":0.0013781167416965809,""density_near"":0.0007420628609135435,""base_angle_deg"":89.19493473636318,""far_angle_deg"":89.481624674188,""near_angle_deg"":81.57304210260054,""blur_sigma"":0.33264758703975605,""invert_depth"":false,""multilayer"":true,""rainy_tone"":true,""apply_rain_haze"":true,""rain_haze_strength"":0.056999999999999995,""apply_overcast_sky"":true,""overcast_mask_mean"":0.05461136996746063,""extra_desat"":0.010799999999999999,""patchiness"":true,""brightness_randomness"":false,""apply_visibility_blur"":false,""visibility_blur_sigma"":0.0,""device"":""cuda""}",0.830646,0.320805,compression,0.999931,"{""haze_fog"":0.27236,""rain"":6.4e-05,""snow"":0.930826,""low_light"":0.005188,""motion_blur"":0.0,""defocus_blur"":0.002035,""glare_flare"":0.001522,""vignetting"":0.073568,""sensor_noise"":0.0,""exposure_shift"":0.730155,""compression"":0.999931,""lens_occlusion"":0.006802}","{""haze_fog"":0.08696,""rain"":0.107916,""snow"":0.147777,""low_light"":0.08564,""motion_blur"":0.001821,""defocus_blur"":0.007527,""glare_flare"":0.116263,""vignetting"":0.105893,""sensor_noise"":0.001969,""exposure_shift"":0.160136,""compression"":0.032404,""lens_occlusion"":0.099596}","[{""issue"":""compression"",""prob"":0.999931},{""issue"":""snow"",""prob"":0.930826},{""issue"":""exposure_shift"",""prob"":0.730155},{""issue"":""haze_fog"",""prob"":0.27236}]"
S03_rain_s3,S03,video_013,dev,corrupted,rain,3,s3,0.35,0,-1.0,sunny,day,urban,moderate,30,1280x720,128,corrupted/rain/s3/S03_rain_s3.mp4,"{""mask_mean"":0.02625598944723606,""severity"":0.35,""alpha"":0.1532524738844889,""eta"":0.9831081583034558,""depth_separation_exp"":1.6,""density"":0.003562828518872879,""density_far"":0.0023158385372673714,""density_near"":0.0012469899816055076,""base_angle_deg"":75.22469800990939,""far_angle_deg"":71.323327454182,""near_angle_deg"":71.86474512735745,""blur_sigma"":0.47702121996939717,""invert_depth"":false,""multilayer"":true,""rainy_tone"":true,""apply_rain_haze"":true,""rain_haze_strength"":0.08249999999999999,""apply_overcast_sky"":true,""overcast_mask_mean"":0.05461136996746063,""extra_desat"":0.020999999999999998,""patchiness"":true,""brightness_randomness"":false,""apply_visibility_blur"":false,""visibility_blur_sigma"":0.0,""device"":""cuda""}",0.668458,0.261201,compression,0.999974,"{""haze_fog"":0.413159,""rain"":0.000965,""snow"":0.577169,""low_light"":0.014795,""motion_blur"":0.0,""defocus_blur"":0.001846,""glare_flare"":0.00197,""vignetting"":0.123259,""sensor_noise"":0.0,""exposure_shift"":0.724238,""compression"":0.999974,""lens_occlusion"":0.012629}","{""haze_fog"":0.088684,""rain"":0.149691,""snow"":0.211124,""low_light"":0.115755,""motion_blur"":0.001448,""defocus_blur"":0.007726,""glare_flare"":0.126797,""vignetting"":0.110016,""sensor_noise"":0.00313,""exposure_shift"":0.177862,""compression"":0.027092,""lens_occlusion"":0.086641}","[{""issue"":""compression"",""prob"":0.999974},{""issue"":""exposure_shift"",""prob"":0.724238},{""issue"":""snow"",""prob"":0.577169},{""issue"":""haze_fog"",""prob"":0.413159}]"
S03_rain_s4,S03,video_013,dev,corrupted,rain,4,s4,0.55,0,-1.0,sunny,day,urban,moderate,30,1280x720,128,corrupted/rain/s4/S03_rain_s4.mp4,"{""mask_mean"":0.049738239496946335,""severity"":0.55,""alpha"":0.18632776915490054,""eta"":1.18212169428165,""depth_separation_exp"":1.6,""density"":0.005055374803429449,""density_far"":0.003285993622229142,""density_near"":0.0017693811812003071,""base_angle_deg"":73.94028250574027,""far_angle_deg"":72.89064623452639,""near_angle_deg"":70.63868786497001,""blur_sigma"":0.5700598146772807,""invert_depth"":false,""multilayer"":true,""rainy_tone"":true,""apply_rain_haze"":true,""rain_haze_strength"":0.1125,""apply_overcast_sky"":true,""overcast_mask_mean"":0.05461136996746063,""extra_desat"":0.033,""patchiness"":true,""brightness_randomness"":false,""apply_visibility_blur"":false,""visibility_blur_sigma"":0.0,""device"":""cuda""}",0.473973,0.193813,compression,0.999993,"{""haze_fog"":0.63038,""rain"":0.010931,""snow"":0.26717,""low_light"":0.065402,""motion_blur"":0.0,""defocus_blur"":0.001207,""glare_flare"":0.001065,""vignetting"":0.113387,""sensor_noise"":0.0,""exposure_shift"":0.657185,""compression"":0.999993,""lens_occlusion"":0.014727}","{""haze_fog"":0.076243,""rain"":0.275443,""snow"":0.34649,""low_light"":0.152909,""motion_blur"":0.000829,""defocus_blur"":0.006778,""glare_flare"":0.129505,""vignetting"":0.099868,""sensor_noise"":0.004311,""exposure_shift"":0.165022,""compression"":0.016528,""lens_occlusion"":0.059448}","[{""issue"":""compression"",""prob"":0.999993},{""issue"":""exposure_shift"",""prob"":0.657185},{""issue"":""haze_fog"",""prob"":0.63038},{""issue"":""snow"",""prob"":0.26717}]"
S03_rain_s5,S03,video_013,dev,corrupted,rain,5,s5,0.75,0,-1.0,sunny,day,urban,moderate,30,1280x720,128,corrupted/rain/s5/S03_rain_s5.mp4,"{""mask_mean"":0.06233937665820122,""severity"":0.75,""alpha"":0.2377118035379452,""eta"":1.5392672538307277,""depth_separation_exp"":1.6,""density"":0.006085801426126061,""density_far"":0.00395577092698194,""density_near"":0.002130030499144121,""base_angle_deg"":76.86904156482379,""far_angle_deg"":75.05415717205396,""near_angle_deg"":71.02609135056241,""blur_sigma"":0.6517117084864086,""invert_depth"":false,""multilayer"":true,""rainy_tone"":true,""apply_rain_haze"":true,""rain_haze_strength"":0.1425,""apply_overcast_sky"":true,""overcast_mask_mean"":0.05461136996746063,""extra_desat"":0.045,""patchiness"":true,""brightness_randomness"":false,""apply_visibility_blur"":false,""visibility_blur_sigma"":0.0,""device"":""cuda""}",0.273573,0.140318,compression,0.999996,"{""haze_fog"":0.734174,""rain"":0.266717,""snow"":0.182178,""low_light"":0.11845,""motion_blur"":0.0,""defocus_blur"":0.00092,""glare_flare"":0.001443,""vignetting"":0.079861,""sensor_noise"":5e-06,""exposure_shift"":0.497905,""compression"":0.999996,""lens_occlusion"":0.012681}","{""haze_fog"":0.07488,""rain"":0.418354,""snow"":0.353689,""low_light"":0.190129,""motion_blur"":0.000647,""defocus_blur"":0.007136,""glare_flare"":0.120479,""vignetting"":0.089161,""sensor_noise"":0.005188,""exposure_shift"":0.16581,""compression"":0.013958,""lens_occlusion"":0.046459}","[{""issue"":""compression"",""prob"":0.999996},{""issue"":""haze_fog"",""prob"":0.734174},{""issue"":""exposure_shift"",""prob"":0.497905},{""issue"":""rain"",""prob"":0.266717}]"
S03_snow_s1,S03,video_013,dev,corrupted,snow,1,s1,0.08,0,-1.0,sunny,day,urban,moderate,30,1280x720,128,corrupted/snow/s1/S03_snow_s1.mp4,"{""mask_mean"":0.008314864709973335,""severity"":0.08,""severity_scaled"":0.010606252855487957,""alpha"":0.10300678329374328,""eta"":0.7271831384900305,""depth_separation_exp"":1.4,""density"":0.0012560499485331157,""small_fraction"":0.5973484367861279,""medium_fraction"":0.3,""large_fraction"":0.10265156321387199,""small_density"":0.0007502994732815531,""medium_density"":0.0003768149845599347,""large_density"":0.0001289354906916278,""small_sigma"":0.6095456275699391,""medium_sigma"":1.4169700045687807,""large_sigma"":2.547728137849696,""invert_depth"":false,""apply_snow_haze"":true,""snow_haze_strength"":0.023818251027975666,""apply_overcast_sky"":true,""overcast_mask_mean"":0.05461136996746063,""patchiness"":true,""apply_visibility_blur"":false,""visibility_blur_sigma"":0.0,""device"":""cuda""}",0.918467,0.522008,compression,0.999904,"{""haze_fog"":0.324605,""rain"":7.2e-05,""snow"":0.000246,""low_light"":0.000154,""motion_blur"":0.0,""defocus_blur"":0.005014,""glare_flare"":0.001964,""vignetting"":0.128315,""sensor_noise"":0.0,""exposure_shift"":0.742245,""compression"":0.999904,""lens_occlusion"":0.005934}","{""haze_fog"":0.088122,""rain"":0.11043,""snow"":0.051089,""low_light"":0.060643,""motion_blur"":0.003679,""defocus_blur"":0.010651,""glare_flare"":0.103745,""vignetting"":0.099887,""sensor_noise"":0.000907,""exposure_shift"":0.173777,""compression"":0.037578,""lens_occlusion"":0.091919}","[{""issue"":""compression"",""prob"":0.999904},{""issue"":""exposure_shift"",""prob"":0.742245},{""issue"":""haze_fog"",""prob"":0.324605}]"
S03_snow_s2,S03,video_013,dev,corrupted,snow,2,s2,0.18,0,-1.0,sunny,day,urban,moderate,30,1280x720,128,corrupted/snow/s2/S03_snow_s2.mp4,"{""mask_mean"":0.011630137450993061,""severity"":0.18,""severity_scaled"":0.04565522728706038,""alpha"":0.12171267217689186,""eta"":0.7514501238880286,""depth_separation_exp"":1.4,""density"":0.0017835161139658536,""small_fraction"":0.5885861931782348,""medium_fraction"":0.3,""large_fraction"":0.1114138068217651,""small_density"":0.0010497529599912006,""medium_density"":0.0005350548341897561,""large_density"":0.00019870831978489683,""small_sigma"":0.6410897045583543,""medium_sigma"":1.4730483636592966,""large_sigma"":2.7054485227917717,""invert_depth"":false,""apply_snow_haze"":true,""snow_haze_strength"":0.03643588182334174,""apply_overcast_sky"":true,""overcast_mask_mean"":0.05461136996746063,""patchiness"":true,""apply_visibility_blur"":false,""visibility_blur_sigma"":0.0,""device"":""cuda""}",0.816752,0.518656,compression,0.999910,"{""haze_fog"":0.336101,""rain"":7e-05,""snow"":0.000912,""low_light"":0.000139,""motion_blur"":0.0,""defocus_blur"":0.004777,""glare_flare"":0.001977,""vignetting"":0.134388,""sensor_noise"":0.0,""exposure_shift"":0.74076,""compression"":0.99991,""lens_occlusion"":0.005412}","{""haze_fog"":0.089511,""rain"":0.112216,""snow"":0.055567,""low_light"":0.062025,""motion_blur"":0.003287,""defocus_blur"":0.010396,""glare_flare"":0.101833,""vignetting"":0.098197,""sensor_noise"":0.000952,""exposure_shift"":0.174239,""compression"":0.037211,""lens_occlusion"":0.088981}","[{""issue"":""compression"",""prob"":0.99991},{""issue"":""exposure_shift"",""prob"":0.74076},{""issue"":""haze_fog"",""prob"":0.336101}]"
S03_snow_s3,S03,video_013,dev,corrupted,snow,3,s3,0.35,0,-1.0,sunny,day,urban,moderate,30,1280x720,128,corrupted/snow/s3/S03_snow_s3.mp4,"{""mask_mean"":0.028041351586580276,""severity"":0.35,""severity_scaled"":0.15112018613329828,""alpha"":0.16827119185302847,""eta"":0.8447399070072364,""depth_separation_exp"":1.4,""density"":0.0037027345838892634,""small_fraction"":0.5622199534666754,""medium_fraction"":0.3,""large_fraction"":0.13778004653332457,""small_density"":0.0020817512654536714,""medium_density"":0.001110820375166779,""large_density"":0.0005101629432688129,""small_sigma"":0.7360081675199684,""medium_sigma"":1.6417922978132773,""large_sigma"":3.1800408375998424,""invert_depth"":false,""apply_snow_haze"":true,""snow_haze_strength"":0.07440326700798738,""apply_overcast_sky"":true,""overcast_mask_mean"":0.05461136996746063,""patchiness"":true,""apply_visibility_blur"":false,""visibility_blur_sigma"":0.0,""device"":""cuda""}",0.644424,0.490670,compression,0.999926,"{""haze_fog"":0.354916,""rain"":9.2e-05,""snow"":0.010365,""low_light"":0.000437,""motion_blur"":0.0,""defocus_blur"":0.003885,""glare_flare"":0.000946,""vignetting"":0.128775,""sensor_noise"":0.0,""exposure_shift"":0.742252,""compression"":0.999926,""lens_occlusion"":0.007091}","{""haze_fog"":0.093091,""rain"":0.118885,""snow"":0.07492,""low_light"":0.067032,""motion_blur"":0.002608,""defocus_blur"":0.009619,""glare_flare"":0.100811,""vignetting"":0.094375,""sensor_noise"":0.001142,""exposure_shift"":0.177712,""compression"":0.032201,""lens_occlusion"":0.089879}","[{""issue"":""compression"",""prob"":0.999926},{""issue"":""exposure_shift"",""prob"":0.742252},{""issue"":""haze_fog"",""prob"":0.354916}]"
S03_snow_s4,S03,video_013,dev,corrupted,snow,4,s4,0.55,0,-1.0,sunny,day,urban,moderate,30,1280x720,128,corrupted/snow/s4/S03_snow_s4.mp4,"{""mask_mean"":0.07117152959108353,""severity"":0.55,""severity_scaled"":0.34092028363462246,""alpha"":0.2515306431624164,""eta"":1.021988433131825,""depth_separation_exp"":1.4,""density"":0.007742094356421253,""small_fraction"":0.5147699290913443,""medium_fraction"":0.3,""large_fraction"":0.18523007090865562,""small_density"":0.0039853973628734655,""medium_density"":0.002322628306926376,""large_density"":0.0014340686866214114,""small_sigma"":0.9068282552711602,""medium_sigma"":1.945472453815396,""large_sigma"":4.034141276355801,""invert_depth"":false,""apply_snow_haze"":true,""snow_haze_strength"":0.14273130210846408,""apply_overcast_sky"":true,""overcast_mask_mean"":0.05461136996746063,""patchiness"":true,""apply_visibility_blur"":false,""visibility_blur_sigma"":0.0,""device"":""cuda""}",0.442871,0.460035,compression,0.999980,"{""haze_fog"":0.430072,""rain"":0.000127,""snow"":0.08383,""low_light"":0.001375,""motion_blur"":0.0,""defocus_blur"":0.002549,""glare_flare"":0.001066,""vignetting"":0.152117,""sensor_noise"":0.0,""exposure_shift"":0.745269,""compression"":0.99998,""lens_occlusion"":0.005326}","{""haze_fog"":0.090218,""rain"":0.139468,""snow"":0.121592,""low_light"":0.07936,""motion_blur"":0.001534,""defocus_blur"":0.008042,""glare_flare"":0.096781,""vignetting"":0.091351,""sensor_noise"":0.002241,""exposure_shift"":0.190305,""compression"":0.023307,""lens_occlusion"":0.072407}","[{""issue"":""compression"",""prob"":0.99998},{""issue"":""exposure_shift"",""prob"":0.745269},{""issue"":""haze_fog"",""prob"":0.430072}]"
S03_snow_s5,S03,video_013,dev,corrupted,snow,5,s5,0.75,0,-1.0,sunny,day,urban,moderate,30,1280x720,128,corrupted/snow/s5/S03_snow_s5.mp4,"{""mask_mean"":0.12810154259204865,""severity"":0.75,""severity_scaled"":0.5958134105899568,""alpha"":0.38375490631686865,""eta"":1.3221298792318397,""depth_separation_exp"":1.4,""density"":0.012806339902474173,""small_fraction"":0.45104664735251077,""medium_fraction"":0.3,""large_fraction"":0.2489533526474892,""small_density"":0.005776256677867656,""medium_density"":0.0038419019707422518,""large_density"":0.003188181253864265,""small_sigma"":1.1362320695309611,""medium_sigma"":2.353301456943931,""large_sigma"":5.181160347654806,""invert_depth"":false,""apply_snow_haze"":true,""snow_haze_strength"":0.23449282781238445,""apply_overcast_sky"":true,""overcast_mask_mean"":0.05461136996746063,""patchiness"":true,""apply_visibility_blur"":false,""visibility_blur_sigma"":0.0,""device"":""cuda""}",0.243164,0.350386,compression,0.999987,"{""haze_fog"":0.603281,""rain"":0.000138,""snow"":0.351687,""low_light"":0.011675,""motion_blur"":0.0,""defocus_blur"":0.00177,""glare_flare"":0.000396,""vignetting"":0.112728,""sensor_noise"":0.0,""exposure_shift"":0.751737,""compression"":0.999987,""lens_occlusion"":0.006155}","{""haze_fog"":0.09883,""rain"":0.163097,""snow"":0.230446,""low_light"":0.088541,""motion_blur"":0.001048,""defocus_blur"":0.00745,""glare_flare"":0.104973,""vignetting"":0.092342,""sensor_noise"":0.004123,""exposure_shift"":0.221338,""compression"":0.018761,""lens_occlusion"":0.066269}","[{""issue"":""compression"",""prob"":0.999987},{""issue"":""exposure_shift"",""prob"":0.751737},{""issue"":""haze_fog"",""prob"":0.603281},{""issue"":""snow"",""prob"":0.351687}]"
S03_glare_flare_s1,S03,video_013,dev,corrupted,glare_flare,1,s1,0.08,0,-1.0,sunny,day,urban,moderate,30,1280x720,128,corrupted/glare_flare/s1/S03_glare_flare_s1.mp4,"{""severity"":0.08,""severity_scaled"":0.02262741699796952,""bright_thresh"":0.8161533391103452,""bloom_strength"":0.09289762768884263,""streak_enabled"":true,""streak_angle_deg"":7.920377799476675,""ghosts_enabled"":true,""ghost_count"":1,""flare_mean"":0.026973651722073555,""device"":""cuda""}",0.889636,0.473214,compression,0.999967,"{""haze_fog"":0.257428,""rain"":3.1e-05,""snow"":4.4e-05,""low_light"":0.0,""motion_blur"":0.0,""defocus_blur"":0.005277,""glare_flare"":0.430907,""vignetting"":0.169827,""sensor_noise"":0.0,""exposure_shift"":0.459419,""compression"":0.999967,""lens_occlusion"":0.012077}","{""haze_fog"":0.0794,""rain"":0.104778,""snow"":0.039991,""low_light"":0.052189,""motion_blur"":0.007269,""defocus_blur"":0.010705,""glare_flare"":0.214893,""vignetting"":0.090652,""sensor_noise"":0.001581,""exposure_shift"":0.090262,""compression"":0.051125,""lens_occlusion"":0.115217}","[{""issue"":""compression"",""prob"":0.999967},{""issue"":""exposure_shift"",""prob"":0.459419},{""issue"":""glare_flare"",""prob"":0.430907},{""issue"":""haze_fog"",""prob"":0.257428}]"
S03_glare_flare_s2,S03,video_013,dev,corrupted,glare_flare,2,s2,0.18,0,-1.0,sunny,day,urban,moderate,30,1280x720,128,corrupted/glare_flare/s2/S03_glare_flare_s2.mp4,"{""severity"":0.18,""severity_scaled"":0.07636753236814713,""bright_thresh"":0.807017519497415,""bloom_strength"":0.12352949344984387,""streak_enabled"":true,""streak_angle_deg"":7.39386429364264,""ghosts_enabled"":true,""ghost_count"":1,""flare_mean"":0.037469424307346344,""device"":""cuda""}",0.757049,0.449723,compression,0.999974,"{""haze_fog"":0.232701,""rain"":1.4e-05,""snow"":0.00866,""low_light"":0.0,""motion_blur"":0.0,""defocus_blur"":0.005131,""glare_flare"":0.538434,""vignetting"":0.177059,""sensor_noise"":0.0,""exposure_shift"":0.385519,""compression"":0.999974,""lens_occlusion"":0.008359}","{""haze_fog"":0.080251,""rain"":0.104294,""snow"":0.042225,""low_light"":0.052586,""motion_blur"":0.007711,""defocus_blur"":0.010888,""glare_flare"":0.251353,""vignetting"":0.09691,""sensor_noise"":0.002035,""exposure_shift"":0.090011,""compression"":0.049925,""lens_occlusion"":0.112316}","[{""issue"":""compression"",""prob"":0.999974},{""issue"":""glare_flare"",""prob"":0.538434},{""issue"":""exposure_shift"",""prob"":0.385519}]"
S03_glare_flare_s3,S03,video_013,dev,corrupted,glare_flare,3,s3,0.35,0,-1.0,sunny,day,urban,moderate,30,1280x720,128,corrupted/glare_flare/s3/S03_glare_flare_s3.mp4,"{""severity"":0.35,""severity_scaled"":0.20706279240848655,""bright_thresh"":0.7847993252905573,""bloom_strength"":0.19802579167283735,""streak_enabled"":true,""streak_angle_deg"":3.22233361559487,""ghosts_enabled"":true,""ghost_count"":2,""flare_mean"":0.06921171396970749,""device"":""cuda""}",0.546526,0.369069,compression,0.999978,"{""haze_fog"":0.3083,""rain"":1.9e-05,""snow"":0.121326,""low_light"":0.0,""motion_blur"":0.0,""defocus_blur"":0.004965,""glare_flare"":0.787478,""vignetting"":0.162018,""sensor_noise"":0.0,""exposure_shift"":0.38789,""compression"":0.999978,""lens_occlusion"":0.007935}","{""haze_fog"":0.089897,""rain"":0.112965,""snow"":0.042073,""low_light"":0.050671,""motion_blur"":0.008941,""defocus_blur"":0.01231,""glare_flare"":0.370838,""vignetting"":0.105702,""sensor_noise"":0.003865,""exposure_shift"":0.108692,""compression"":0.047661,""lens_occlusion"":0.110554}","[{""issue"":""compression"",""prob"":0.999978},{""issue"":""glare_flare"",""prob"":0.787478},{""issue"":""exposure_shift"",""prob"":0.38789},{""issue"":""haze_fog"",""prob"":0.3083}]"
S03_glare_flare_s4,S03,video_013,dev,corrupted,glare_flare,4,s4,0.55,0,-1.0,sunny,day,urban,moderate,30,1280x720,128,corrupted/glare_flare/s4/S03_glare_flare_s4.mp4,"{""severity"":0.55,""severity_scaled"":0.4078909167902615,""bright_thresh"":0.7506585441456555,""bloom_strength"":0.3124978225704491,""streak_enabled"":true,""streak_angle_deg"":-7.226000474920108,""ghosts_enabled"":true,""ghost_count"":3,""flare_mean"":0.13899509608745575,""device"":""cuda""}",0.326310,0.247272,compression,0.999969,"{""haze_fog"":0.587885,""rain"":9.2e-05,""snow"":0.124405,""low_light"":2e-06,""motion_blur"":0.0,""defocus_blur"":0.005377,""glare_flare"":0.930189,""vignetting"":0.082534,""sensor_noise"":0.0,""exposure_shift"":0.393864,""compression"":0.999969,""lens_occlusion"":0.006554}","{""haze_fog"":0.13048,""rain"":0.140615,""snow"":0.0486,""low_light"":0.05207,""motion_blur"":0.012657,""defocus_blur"":0.016206,""glare_flare"":0.578485,""vignetting"":0.103629,""sensor_noise"":0.009771,""exposure_shift"":0.156806,""compression"":0.048456,""lens_occlusion"":0.116715}","[{""issue"":""compression"",""prob"":0.999969},{""issue"":""glare_flare"",""prob"":0.930189},{""issue"":""haze_fog"",""prob"":0.587885},{""issue"":""exposure_shift"",""prob"":0.393864}]"
S03_glare_flare_s5,S03,video_013,dev,corrupted,glare_flare,5,s5,0.75,0,-1.0,sunny,day,urban,moderate,30,1280x720,128,corrupted/glare_flare/s5/S03_glare_flare_s5.mp4,"{""severity"":0.75,""severity_scaled"":0.649519052838329,""bright_thresh"":0.709581761017484,""bloom_strength"":0.4502258601178476,""streak_enabled"":true,""streak_angle_deg"":16.5139519404199,""ghosts_enabled"":true,""ghost_count"":4,""flare_mean"":0.263288289308548,""device"":""cuda""}",0.143091,0.143499,compression,0.999825,"{""haze_fog"":0.79686,""rain"":0.00011,""snow"":0.187419,""low_light"":2e-06,""motion_blur"":0.0,""defocus_blur"":0.006482,""glare_flare"":0.98241,""vignetting"":0.145374,""sensor_noise"":1e-06,""exposure_shift"":0.405942,""compression"":0.999825,""lens_occlusion"":0.004801}","{""haze_fog"":0.215922,""rain"":0.141744,""snow"":0.050354,""low_light"":0.058253,""motion_blur"":0.021404,""defocus_blur"":0.0245,""glare_flare"":0.769114,""vignetting"":0.130355,""sensor_noise"":0.02362,""exposure_shift"":0.26109,""compression"":0.050394,""lens_occlusion"":0.132108}","[{""issue"":""compression"",""prob"":0.999825},{""issue"":""glare_flare"",""prob"":0.98241},{""issue"":""haze_fog"",""prob"":0.79686},{""issue"":""exposure_shift"",""prob"":0.405942}]"
S03_motion_blur_s1,S03,video_013,dev,corrupted,motion_blur,1,s1,0.08,0,-1.0,sunny,day,urban,moderate,30,1280x720,128,corrupted/motion_blur/s1/S03_motion_blur_s1.mp4,"{""severity"":0.08,""ksize"":11,""n_points"":11,""accel"":0.06702110985013766,""linear"":false,""psf_smooth_sigma"":0.09089169408519854}",0.896599,0.357476,compression,0.999934,"{""haze_fog"":0.46776,""rain"":9.8e-05,""snow"":8.2e-05,""low_light"":0.0,""motion_blur"":0.218253,""defocus_blur"":0.018981,""glare_flare"":0.002083,""vignetting"":0.387446,""sensor_noise"":1e-06,""exposure_shift"":0.525254,""compression"":0.999934,""lens_occlusion"":0.008545}","{""haze_fog"":0.187969,""rain"":0.189297,""snow"":0.110688,""low_light"":0.042424,""motion_blur"":0.080122,""defocus_blur"":0.085841,""glare_flare"":0.09249,""vignetting"":0.083167,""sensor_noise"":0.014381,""exposure_shift"":0.174673,""compression"":0.376641,""lens_occlusion"":0.109457}","[{""issue"":""compression"",""prob"":0.999934},{""issue"":""exposure_shift"",""prob"":0.525254},{""issue"":""haze_fog"",""prob"":0.46776},{""issue"":""vignetting"",""prob"":0.387446}]"
S03_motion_blur_s2,S03,video_013,dev,corrupted,motion_blur,2,s2,0.18,0,-1.0,sunny,day,urban,moderate,30,1280x720,128,corrupted/motion_blur/s2/S03_motion_blur_s2.mp4,"{""severity"":0.18,""ksize"":13,""n_points"":14,""accel"":0.1309153105422155,""linear"":false,""psf_smooth_sigma"":0.22707675509516573}",0.771227,0.294217,compression,0.999928,"{""haze_fog"":0.487383,""rain"":0.000233,""snow"":0.00037,""low_light"":0.0,""motion_blur"":0.368967,""defocus_blur"":0.019709,""glare_flare"":0.002802,""vignetting"":0.250221,""sensor_noise"":1e-06,""exposure_shift"":0.418524,""compression"":0.999928,""lens_occlusion"":0.011077}","{""haze_fog"":0.210719,""rain"":0.230333,""snow"":0.137846,""low_light"":0.047416,""motion_blur"":0.090578,""defocus_blur"":0.092595,""glare_flare"":0.123588,""vignetting"":0.083589,""sensor_noise"":0.018753,""exposure_shift"":0.181118,""compression"":0.398049,""lens_occlusion"":0.121265}","[{""issue"":""compression"",""prob"":0.999928},{""issue"":""haze_fog"",""prob"":0.487383},{""issue"":""exposure_shift"",""prob"":0.418524},{""issue"":""motion_blur"",""prob"":0.368967},{""issue"":""vignetting"",""prob"":0.250221}]"
S03_motion_blur_s3,S03,video_013,dev,corrupted,motion_blur,3,s3,0.35,0,-1.0,sunny,day,urban,moderate,30,1280x720,128,corrupted/motion_blur/s3/S03_motion_blur_s3.mp4,"{""severity"":0.35,""ksize"":19,""n_points"":19,""accel"":0.2966628567825729,""linear"":true,""psf_smooth_sigma"":0.44757059497788093}",0.568989,0.180338,compression,0.999857,"{""haze_fog"":0.431799,""rain"":3.4e-05,""snow"":0.000218,""low_light"":1e-06,""motion_blur"":0.622168,""defocus_blur"":0.023223,""glare_flare"":0.007824,""vignetting"":0.478898,""sensor_noise"":8e-06,""exposure_shift"":0.544368,""compression"":0.999857,""lens_occlusion"":0.016291}","{""haze_fog"":0.229962,""rain"":0.200144,""snow"":0.116538,""low_light"":0.062269,""motion_blur"":0.192975,""defocus_blur"":0.098743,""glare_flare"":0.149083,""vignetting"":0.105583,""sensor_noise"":0.026538,""exposure_shift"":0.220802,""compression"":0.499338,""lens_occlusion"":0.138408}","[{""issue"":""compression"",""prob"":0.999857},{""issue"":""motion_blur"",""prob"":0.622168},{""issue"":""exposure_shift"",""prob"":0.544368},{""issue"":""vignetting"",""prob"":0.478898},{""issue"":""haze_fog"",""prob"":0.431799}]"
S03_motion_blur_s4,S03,video_013,dev,corrupted,motion_blur,4,s4,0.55,0,-1.0,sunny,day,urban,moderate,30,1280x720,128,corrupted/motion_blur/s4/S03_motion_blur_s4.mp4,"{""severity"":0.55,""ksize"":27,""n_points"":26,""accel"":0.4809474005259609,""linear"":true,""psf_smooth_sigma"":0.6602630583271543}",0.351605,0.081177,compression,0.999201,"{""haze_fog"":0.381677,""rain"":3.1e-05,""snow"":0.000336,""low_light"":0.0,""motion_blur"":0.998009,""defocus_blur"":0.036959,""glare_flare"":0.02771,""vignetting"":0.351462,""sensor_noise"":1.5e-05,""exposure_shift"":0.392591,""compression"":0.999201,""lens_occlusion"":0.028829}","{""haze_fog"":0.227627,""rain"":0.216679,""snow"":0.123745,""low_light"":0.069997,""motion_blur"":0.385178,""defocus_blur"":0.131515,""glare_flare"":0.215171,""vignetting"":0.1058,""sensor_noise"":0.030668,""exposure_shift"":0.233108,""compression"":0.584616,""lens_occlusion"":0.168955}","[{""issue"":""compression"",""prob"":0.999201},{""issue"":""motion_blur"",""prob"":0.998009},{""issue"":""exposure_shift"",""prob"":0.392591},{""issue"":""haze_fog"",""prob"":0.381677},{""issue"":""vignetting"",""prob"":0.351462}]"
S03_motion_blur_s5,S03,video_013,dev,corrupted,motion_blur,5,s5,0.75,0,-1.0,sunny,day,urban,moderate,30,1280x720,128,corrupted/motion_blur/s5/S03_motion_blur_s5.mp4,"{""severity"":0.75,""ksize"":33,""n_points"":32,""accel"":0.6302855583126356,""linear"":false,""psf_smooth_sigma"":0.8597679926905907}",0.162893,0.052842,motion_blur,0.999665,"{""haze_fog"":0.439199,""rain"":2.4e-05,""snow"":0.000254,""low_light"":1e-06,""motion_blur"":0.999665,""defocus_blur"":0.044763,""glare_flare"":0.04111,""vignetting"":0.411758,""sensor_noise"":1.7e-05,""exposure_shift"":0.327331,""compression"":0.997953,""lens_occlusion"":0.026369}","{""haze_fog"":0.232872,""rain"":0.216434,""snow"":0.109081,""low_light"":0.085977,""motion_blur"":0.514794,""defocus_blur"":0.14811,""glare_flare"":0.223114,""vignetting"":0.119882,""sensor_noise"":0.030694,""exposure_shift"":0.242224,""compression"":0.607683,""lens_occlusion"":0.16772}","[{""issue"":""motion_blur"",""prob"":0.999665},{""issue"":""compression"",""prob"":0.997953},{""issue"":""haze_fog"",""prob"":0.439199},{""issue"":""vignetting"",""prob"":0.411758},{""issue"":""exposure_shift"",""prob"":0.327331}]"
S03_defocus_blur_s1,S03,video_013,dev,corrupted,defocus_blur,1,s1,0.08,0,-1.0,sunny,day,urban,moderate,30,1280x720,128,corrupted/defocus_blur/s1/S03_defocus_blur_s1.mp4,"{""severity"":0.08,""sigma_max_eff"":2.4,""d_f"":0.6720387935638428,""invert_depth"":true,""n_layers"":16}",0.896599,0.553145,compression,0.999851,"{""haze_fog"":0.255084,""rain"":2.2e-05,""snow"":9e-05,""low_light"":5.2e-05,""motion_blur"":0.0,""defocus_blur"":0.005393,""glare_flare"":0.008871,""vignetting"":0.14333,""sensor_noise"":0.0,""exposure_shift"":0.706595,""compression"":0.999851,""lens_occlusion"":0.004955}","{""haze_fog"":0.075712,""rain"":0.096824,""snow"":0.039945,""low_light"":0.052265,""motion_blur"":0.004233,""defocus_blur"":0.010904,""glare_flare"":0.114007,""vignetting"":0.098676,""sensor_noise"":0.000713,""exposure_shift"":0.125802,""compression"":0.041052,""lens_occlusion"":0.091554}","[{""issue"":""compression"",""prob"":0.999851},{""issue"":""exposure_shift"",""prob"":0.706595},{""issue"":""haze_fog"",""prob"":0.255084}]"
S03_defocus_blur_s2,S03,video_013,dev,corrupted,defocus_blur,2,s2,0.18,0,-1.0,sunny,day,urban,moderate,30,1280x720,128,corrupted/defocus_blur/s2/S03_defocus_blur_s2.mp4,"{""severity"":0.18,""sigma_max_eff"":5.3999999999999995,""d_f"":0.6720387935638428,""invert_depth"":true,""n_layers"":16}",0.771227,0.553169,compression,0.999851,"{""haze_fog"":0.255029,""rain"":2.2e-05,""snow"":9e-05,""low_light"":5.2e-05,""motion_blur"":0.0,""defocus_blur"":0.005393,""glare_flare"":0.008887,""vignetting"":0.143231,""sensor_noise"":0.0,""exposure_shift"":0.706557,""compression"":0.999851,""lens_occlusion"":0.004953}","{""haze_fog"":0.075719,""rain"":0.096865,""snow"":0.039938,""low_light"":0.052283,""motion_blur"":0.004233,""defocus_blur"":0.010904,""glare_flare"":0.11401,""vignetting"":0.098715,""sensor_noise"":0.000714,""exposure_shift"":0.125854,""compression"":0.041068,""lens_occlusion"":0.091561}","[{""issue"":""compression"",""prob"":0.999851},{""issue"":""exposure_shift"",""prob"":0.706557},{""issue"":""haze_fog"",""prob"":0.255029}]"
S03_defocus_blur_s3,S03,video_013,dev,corrupted,defocus_blur,3,s3,0.35,0,-1.0,sunny,day,urban,moderate,30,1280x720,128,corrupted/defocus_blur/s3/S03_defocus_blur_s3.mp4,"{""severity"":0.35,""sigma_max_eff"":10.5,""d_f"":0.6720387935638428,""invert_depth"":true,""n_layers"":16}",0.568989,0.549909,compression,0.999858,"{""haze_fog"":0.254233,""rain"":2e-05,""snow"":9.8e-05,""low_light"":5e-05,""motion_blur"":0.0,""defocus_blur"":0.005471,""glare_flare"":0.010266,""vignetting"":0.146643,""sensor_noise"":0.0,""exposure_shift"":0.705022,""compression"":0.999858,""lens_occlusion"":0.006111}","{""haze_fog"":0.076133,""rain"":0.096023,""snow"":0.039649,""low_light"":0.052133,""motion_blur"":0.004518,""defocus_blur"":0.011031,""glare_flare"":0.117045,""vignetting"":0.098028,""sensor_noise"":0.000775,""exposure_shift"":0.12378,""compression"":0.043422,""lens_occlusion"":0.094431}","[{""issue"":""compression"",""prob"":0.999858},{""issue"":""exposure_shift"",""prob"":0.705022},{""issue"":""haze_fog"",""prob"":0.254233}]"
S03_defocus_blur_s4,S03,video_013,dev,corrupted,defocus_blur,4,s4,0.55,0,-1.0,sunny,day,urban,moderate,30,1280x720,128,corrupted/defocus_blur/s4/S03_defocus_blur_s4.mp4,"{""severity"":0.55,""sigma_max_eff"":16.5,""d_f"":0.6720387935638428,""invert_depth"":true,""n_layers"":16}",0.351605,0.502693,compression,0.999976,"{""haze_fog"":0.346472,""rain"":4.2e-05,""snow"":0.000173,""low_light"":0.000115,""motion_blur"":0.0,""defocus_blur"":0.006779,""glare_flare"":0.007652,""vignetting"":0.134253,""sensor_noise"":0.0,""exposure_shift"":0.645174,""compression"":0.999976,""lens_occlusion"":0.009597}","{""haze_fog"":0.109985,""rain"":0.124168,""snow"":0.051211,""low_light"":0.05365,""motion_blur"":0.007584,""defocus_blur"":0.017117,""glare_flare"":0.121117,""vignetting"":0.090138,""sensor_noise"":0.002733,""exposure_shift"":0.142342,""compression"":0.071486,""lens_occlusion"":0.097812}","[{""issue"":""compression"",""prob"":0.999976},{""issue"":""exposure_shift"",""prob"":0.645174},{""issue"":""haze_fog"",""prob"":0.346472}]"
S03_defocus_blur_s5,S03,video_013,dev,corrupted,defocus_blur,5,s5,0.75,0,-1.0,sunny,day,urban,moderate,30,1280x720,128,corrupted/defocus_blur/s5/S03_defocus_blur_s5.mp4,"{""severity"":0.75,""sigma_max_eff"":22.5,""d_f"":0.6720387935638428,""invert_depth"":true,""n_layers"":16}",0.162893,0.450832,compression,0.999986,"{""haze_fog"":0.438471,""rain"":7.5e-05,""snow"":0.000384,""low_light"":7.8e-05,""motion_blur"":0.0,""defocus_blur"":0.010462,""glare_flare"":0.002321,""vignetting"":0.230991,""sensor_noise"":0.0,""exposure_shift"":0.58082,""compression"":0.999986,""lens_occlusion"":0.01551}","{""haze_fog"":0.142419,""rain"":0.169215,""snow"":0.079596,""low_light"":0.046041,""motion_blur"":0.020184,""defocus_blur"":0.038465,""glare_flare"":0.10197,""vignetting"":0.084227,""sensor_noise"":0.011079,""exposure_shift"":0.152066,""compression"":0.187397,""lens_occlusion"":0.103892}","[{""issue"":""compression"",""prob"":0.999986},{""issue"":""exposure_shift"",""prob"":0.58082},{""issue"":""haze_fog"",""prob"":0.438471}]"
S03_lens_occlusion_s1,S03,video_013,dev,corrupted,lens_occlusion,1,s1,0.08,0,-1.0,sunny,day,urban,moderate,30,1280x720,128,corrupted/lens_occlusion/s1/S03_lens_occlusion_s1.mp4,"{""severity"":0.08,""n_blobs"":9,""target_coverage"":0.08683796394240399,""coverage_reached"":0.09149305555555555,""blobs"":[{""cx"":827.9746839364062,""cy"":184.27488960929023,""R_px"":52.15035200715115,""k"":0.3524788252531911,""alpha_strength"":0.4551642137202295},{""cx"":751.3219083449412,""cy"":522.0889440166293,""R_px"":66.61471688342047,""k"":0.3298532413122408,""alpha_strength"":0.47928421757077905},{""cx"":456.7043664243156,""cy"":356.7622117544246,""R_px"":55.16593643307182,""k"":0.3525164559421648,""alpha_strength"":0.4541343270080425},{""cx"":464.1897313730825,""cy"":193.46041290650703,""R_px"":58.3079981081538,""k"":0.27733832610145615,""alpha_strength"":0.44929520638400267},{""cx"":325.62200726586616,""cy"":570.0125537003315,""R_px"":52.08501475622816,""k"":0.32552490846752097,""alpha_strength"":0.4515091173079413},{""cx"":512.7311001173247,""cy"":582.5097551269306,""R_px"":63.06763874510989,""k"":0.35748300812413686,""alpha_strength"":0.46022577088880817},{""cx"":893.3810484631127,""cy"":598.6206919871951,""R_px"":65.46607644932382,""k"":0.291121147531728,""alpha_strength"":0.4694433543781579},{""cx"":970.0650536388281,""cy"":605.721367144477,""R_px"":52.53215146412711,""k"":0.3649196564246102,""alpha_strength"":0.44848361241126034},{""cx"":373.58774722235535,""cy"":350.6862792999084,""R_px"":61.68958123532729,""k"":0.31711187282115316,""alpha_strength"":0.5078927584440276}]}",0.877737,0.487315,compression,0.999854,"{""haze_fog"":0.254324,""rain"":3.2e-05,""snow"":6.4e-05,""low_light"":1e-05,""motion_blur"":0.0,""defocus_blur"":0.005562,""glare_flare"":0.010239,""vignetting"":0.150565,""sensor_noise"":0.0,""exposure_shift"":0.696815,""compression"":0.999854,""lens_occlusion"":0.14789}","{""haze_fog"":0.081972,""rain"":0.099327,""snow"":0.040815,""low_light"":0.046749,""motion_blur"":0.005434,""defocus_blur"":0.01109,""glare_flare"":0.130915,""vignetting"":0.098188,""sensor_noise"":0.000709,""exposure_shift"":0.132146,""compression"":0.045587,""lens_occlusion"":0.137304}","[{""issue"":""compression"",""prob"":0.999854},{""issue"":""exposure_shift"",""prob"":0.696815},{""issue"":""haze_fog"",""prob"":0.254324}]"
S03_lens_occlusion_s2,S03,video_013,dev,corrupted,lens_occlusion,2,s2,0.18,0,-1.0,sunny,day,urban,moderate,30,1280x720,128,corrupted/lens_occlusion/s2/S03_lens_occlusion_s2.mp4,"{""severity"":0.18,""n_blobs"":8,""target_coverage"":0.12819608774757496,""coverage_reached"":0.1446462673611111,""blobs"":[{""cx"":802.6299011392836,""cy"":165.95556932766064,""R_px"":79.96980284909564,""k"":0.3607540600622296,""alpha_strength"":0.5327559140073467},{""cx"":582.9189647575975,""cy"":487.18876120481985,""R_px"":67.74139147373437,""k"":0.3495632373722228,""alpha_strength"":0.518113849064134},{""cx"":432.0529604537371,""cy"":106.128460948103,""R_px"":71.23667186124835,""k"":0.3606350389585671,""alpha_strength"":0.5287662491497599},{""cx"":520.997783156997,""cy"":609.911376665812,""R_px"":88.22217518301832,""k"":0.442211754343729,""alpha_strength"":0.5486522629916932},{""cx"":588.459836955055,""cy"":273.25859551216973,""R_px"":77.06080644833162,""k"":0.3996888143968448,""alpha_strength"":0.49472040136528195},{""cx"":717.4088874188388,""cy"":498.9864610404325,""R_px"":81.12636520241743,""k"":0.45773743512317727,""alpha_strength"":0.48692453671547975},{""cx"":934.8458737446764,""cy"":425.0973791542487,""R_px"":68.6462380850088,""k"":0.4519131460718085,""alpha_strength"":0.5523477474420233},{""cx"":397.7354416582099,""cy"":464.5133991184423,""R_px"":78.81108444127167,""k"":0.45882861090896826,""alpha_strength"":0.4837600307386899}]}",0.733170,0.499466,compression,0.999838,"{""haze_fog"":0.222514,""rain"":5.2e-05,""snow"":3.2e-05,""low_light"":2e-06,""motion_blur"":0.0,""defocus_blur"":0.005749,""glare_flare"":0.010618,""vignetting"":0.137877,""sensor_noise"":0.0,""exposure_shift"":0.716994,""compression"":0.999838,""lens_occlusion"":0.071533}","{""haze_fog"":0.083898,""rain"":0.101219,""snow"":0.036579,""low_light"":0.041454,""motion_blur"":0.006689,""defocus_blur"":0.011833,""glare_flare"":0.149078,""vignetting"":0.097728,""sensor_noise"":0.000671,""exposure_shift"":0.132484,""compression"":0.051253,""lens_occlusion"":0.148176}","[{""issue"":""compression"",""prob"":0.999838},{""issue"":""exposure_shift"",""prob"":0.716994}]"
S03_lens_occlusion_s3,S03,video_013,dev,corrupted,lens_occlusion,3,s3,0.35,0,-1.0,sunny,day,urban,moderate,30,1280x720,128,corrupted/lens_occlusion/s3/S03_lens_occlusion_s3.mp4,"{""severity"":0.35,""n_blobs"":6,""target_coverage"":0.20651238262623056,""coverage_reached"":0.22572591145833334,""blobs"":[{""cx"":611.6310679276683,""cy"":416.5938989725198,""R_px"":104.7842240164794,""k"":0.603832501681813,""alpha_strength"":0.5630712618883092},{""cx"":1033.9815396712709,""cy"":348.99317483222296,""R_px"":116.88889422266193,""k"":0.5861674925263546,""alpha_strength"":0.6010950916667803},{""cx"":822.6515441548485,""cy"":521.7515890630114,""R_px"":115.61357655602676,""k"":0.5459326292845,""alpha_strength"":0.5751078786151648},{""cx"":415.2090830713229,""cy"":368.0144389239143,""R_px"":109.26982430532499,""k"":0.5750563417253093,""alpha_strength"":0.6133987064640362},{""cx"":380.0486018345805,""cy"":563.7985472925526,""R_px"":114.65321450198813,""k"":0.5210202343273208,""alpha_strength"":0.6284700241905379},{""cx"":297.0550553719989,""cy"":196.41810372747273,""R_px"":100.19939475518028,""k"":0.5467771007034425,""alpha_strength"":0.6090226158453004}]}",0.509796,0.430961,compression,0.999912,"{""haze_fog"":0.340641,""rain"":0.000203,""snow"":1.3e-05,""low_light"":2e-06,""motion_blur"":0.0,""defocus_blur"":0.007549,""glare_flare"":0.006586,""vignetting"":0.118757,""sensor_noise"":0.0,""exposure_shift"":0.683451,""compression"":0.999912,""lens_occlusion"":0.211491}","{""haze_fog"":0.099942,""rain"":0.117861,""snow"":0.039667,""low_light"":0.037761,""motion_blur"":0.009823,""defocus_blur"":0.016036,""glare_flare"":0.154368,""vignetting"":0.102626,""sensor_noise"":0.00102,""exposure_shift"":0.1474,""compression"":0.07038,""lens_occlusion"":0.171401}","[{""issue"":""compression"",""prob"":0.999912},{""issue"":""exposure_shift"",""prob"":0.683451},{""issue"":""haze_fog"",""prob"":0.340641}]"
S03_lens_occlusion_s4,S03,video_013,dev,corrupted,lens_occlusion,4,s4,0.55,0,-1.0,sunny,day,urban,moderate,30,1280x720,128,corrupted/lens_occlusion/s4/S03_lens_occlusion_s4.mp4,"{""severity"":0.55,""n_blobs"":5,""target_coverage"":0.30638438084827657,""coverage_reached"":0.32355143229166666,""blobs"":[{""cx"":780.6385790455175,""cy"":603.5734216719301,""R_px"":138.96558417370596,""k"":0.6751721961289375,""alpha_strength"":0.70151294525285},{""cx"":652.8395168459185,""cy"":102.5653396532942,""R_px"":166.90929387403264,""k"":0.6146925408537781,""alpha_strength"":0.7260225760438552},{""cx"":502.8310359173802,""cy"":70.46833686903227,""R_px"":185.32631785222725,""k"":0.7183173959573277,""alpha_strength"":0.6654678201699689},{""cx"":267.78856396827325,""cy"":274.78825768783787,""R_px"":159.60197790194812,""k"":0.741349687416131,""alpha_strength"":0.7143540684166291},{""cx"":582.6745487106352,""cy"":301.97398424258796,""R_px"":176.7600268197185,""k"":0.750614568274246,""alpha_strength"":0.6855892276957417}]}",0.286830,0.261007,compression,0.999732,"{""haze_fog"":0.541195,""rain"":0.001765,""snow"":3.1e-05,""low_light"":0.0,""motion_blur"":0.0,""defocus_blur"":0.010438,""glare_flare"":0.005046,""vignetting"":0.079737,""sensor_noise"":0.0,""exposure_shift"":0.699883,""compression"":0.999732,""lens_occlusion"":0.384126}","{""haze_fog"":0.137204,""rain"":0.151687,""snow"":0.053953,""low_light"":0.034105,""motion_blur"":0.018698,""defocus_blur"":0.024951,""glare_flare"":0.18931,""vignetting"":0.098676,""sensor_noise"":0.001553,""exposure_shift"":0.172584,""compression"":0.106587,""lens_occlusion"":0.311676}","[{""issue"":""compression"",""prob"":0.999732},{""issue"":""exposure_shift"",""prob"":0.699883},{""issue"":""haze_fog"",""prob"":0.541195},{""issue"":""lens_occlusion"",""prob"":0.384126}]"
S03_lens_occlusion_s5,S03,video_013,dev,corrupted,lens_occlusion,5,s5,0.75,0,-1.0,sunny,day,urban,moderate,30,1280x720,128,corrupted/lens_occlusion/s5/S03_lens_occlusion_s5.mp4,"{""severity"":0.75,""n_blobs"":4,""target_coverage"":0.41197882156696997,""coverage_reached"":0.43609700520833333,""blobs"":[{""cx"":985.0170862081986,""cy"":371.4984326303319,""R_px"":210.84226078660495,""k"":0.941383614510668,""alpha_strength"":0.8798742359691399},{""cx"":368.85825850061866,""cy"":294.88153898919194,""R_px"":188.3778093853149,""k"":0.8906738301469047,""alpha_strength"":0.823295278494556},{""cx"":856.9890804271397,""cy"":122.4749657460612,""R_px"":216.85528751243214,""k"":0.9190692487931751,""alpha_strength"":0.8597207943286426},{""cx"":812.7928052447395,""cy"":484.6169476123184,""R_px"":213.53021545913356,""k"":0.8642304062330648,""alpha_strength"":0.8674362649156822}]}",0.114387,0.212129,compression,0.999543,"{""haze_fog"":0.713813,""rain"":0.00168,""snow"":5.9e-05,""low_light"":0.0,""motion_blur"":1.7e-05,""defocus_blur"":0.020575,""glare_flare"":0.002511,""vignetting"":0.055938,""sensor_noise"":0.0,""exposure_shift"":0.779169,""compression"":0.999543,""lens_occlusion"":0.433545}","{""haze_fog"":0.200742,""rain"":0.171407,""snow"":0.074342,""low_light"":0.047317,""motion_blur"":0.038429,""defocus_blur"":0.045422,""glare_flare"":0.188734,""vignetting"":0.103357,""sensor_noise"":0.003559,""exposure_shift"":0.210323,""compression"":0.158339,""lens_occlusion"":0.295171}","[{""issue"":""compression"",""prob"":0.999543},{""issue"":""exposure_shift"",""prob"":0.779169},{""issue"":""haze_fog"",""prob"":0.713813},{""issue"":""lens_occlusion"",""prob"":0.433545}]"
S03_sensor_noise_s1,S03,video_013,dev,corrupted,sensor_noise,1,s1,0.08,0,-1.0,sunny,day,urban,moderate,30,1280x720,128,corrupted/sensor_noise/s1/S03_sensor_noise_s1.mp4,"{""severity"":0.08,""sigma_r"":0.0030278609748292896,""sigma_s"":0.008575336663364571,""per_channel"":true}",0.928613,0.554381,compression,0.999823,"{""haze_fog"":0.257122,""rain"":1.8e-05,""snow"":0.000192,""low_light"":6.8e-05,""motion_blur"":0.0,""defocus_blur"":0.00542,""glare_flare"":0.010008,""vignetting"":0.153959,""sensor_noise"":0.0,""exposure_shift"":0.700925,""compression"":0.999823,""lens_occlusion"":0.005081}","{""haze_fog"":0.075463,""rain"":0.097357,""snow"":0.04176,""low_light"":0.055589,""motion_blur"":0.004477,""defocus_blur"":0.010883,""glare_flare"":0.112588,""vignetting"":0.099841,""sensor_noise"":0.000825,""exposure_shift"":0.126456,""compression"":0.041315,""lens_occlusion"":0.091732}","[{""issue"":""compression"",""prob"":0.999823},{""issue"":""exposure_shift"",""prob"":0.700925},{""issue"":""haze_fog"",""prob"":0.257122}]"
S03_sensor_noise_s2,S03,video_013,dev,corrupted,sensor_noise,2,s2,0.18,0,-1.0,sunny,day,urban,moderate,30,1280x720,128,corrupted/sensor_noise/s2/S03_sensor_noise_s2.mp4,"{""severity"":0.18,""sigma_r"":0.004718154763907926,""sigma_s"":0.016653693423275096,""per_channel"":true}",0.838388,0.583260,compression,0.999922,"{""haze_fog"":0.287234,""rain"":1.9e-05,""snow"":0.000131,""low_light"":0.001011,""motion_blur"":0.0,""defocus_blur"":0.004481,""glare_flare"":0.002927,""vignetting"":0.137609,""sensor_noise"":0.0,""exposure_shift"":0.729,""compression"":0.999922,""lens_occlusion"":0.005783}","{""haze_fog"":0.075357,""rain"":0.097719,""snow"":0.042682,""low_light"":0.064262,""motion_blur"":0.003632,""defocus_blur"":0.009746,""glare_flare"":0.095684,""vignetting"":0.099954,""sensor_noise"":0.001465,""exposure_shift"":0.140848,""compression"":0.035693,""lens_occlusion"":0.086753}","[{""issue"":""compression"",""prob"":0.999922},{""issue"":""exposure_shift"",""prob"":0.729},{""issue"":""haze_fog"",""prob"":0.287234}]"
S03_sensor_noise_s3,S03,video_013,dev,corrupted,sensor_noise,3,s3,0.35,0,-1.0,sunny,day,urban,moderate,30,1280x720,128,corrupted/sensor_noise/s3/S03_sensor_noise_s3.mp4,"{""severity"":0.35,""sigma_r"":0.008485798040450736,""sigma_s"":0.02971510728996856,""per_channel"":true}",0.682056,0.716166,compression,0.999981,"{""haze_fog"":0.357176,""rain"":8e-06,""snow"":0.000854,""low_light"":0.523226,""motion_blur"":0.0,""defocus_blur"":0.001634,""glare_flare"":0.000623,""vignetting"":0.077472,""sensor_noise"":0.003194,""exposure_shift"":0.750506,""compression"":0.999981,""lens_occlusion"":0.00384}","{""haze_fog"":0.050383,""rain"":0.090246,""snow"":0.052204,""low_light"":0.092924,""motion_blur"":0.001595,""defocus_blur"":0.004979,""glare_flare"":0.04309,""vignetting"":0.085574,""sensor_noise"":0.018442,""exposure_shift"":0.158513,""compression"":0.016605,""lens_occlusion"":0.046791}","[{""issue"":""compression"",""prob"":0.999981},{""issue"":""exposure_shift"",""prob"":0.750506},{""issue"":""low_light"",""prob"":0.523226},{""issue"":""haze_fog"",""prob"":0.357176}]"
S03_sensor_noise_s4,S03,video_013,dev,corrupted,sensor_noise,4,s4,0.55,0,-1.0,sunny,day,urban,moderate,30,1280x720,128,corrupted/sensor_noise/s4/S03_sensor_noise_s4.mp4,"{""severity"":0.55,""sigma_r"":0.011364936475015892,""sigma_s"":0.04976083134198093,""per_channel"":true}",0.492001,0.670109,compression,0.999983,"{""haze_fog"":0.392481,""rain"":8e-06,""snow"":0.004408,""low_light"":0.866842,""motion_blur"":0.0,""defocus_blur"":0.000998,""glare_flare"":0.001571,""vignetting"":0.029209,""sensor_noise"":0.208165,""exposure_shift"":0.764552,""compression"":0.999983,""lens_occlusion"":0.017859}","{""haze_fog"":0.042154,""rain"":0.092665,""snow"":0.070506,""low_light"":0.11962,""motion_blur"":0.000425,""defocus_blur"":0.004266,""glare_flare"":0.043947,""vignetting"":0.087716,""sensor_noise"":0.052485,""exposure_shift"":0.161023,""compression"":0.00917,""lens_occlusion"":0.045504}","[{""issue"":""compression"",""prob"":0.999983},{""issue"":""low_light"",""prob"":0.866842},{""issue"":""exposure_shift"",""prob"":0.764552},{""issue"":""haze_fog"",""prob"":0.392481}]"
S03_sensor_noise_s5,S03,video_013,dev,corrupted,sensor_noise,5,s5,0.75,0,-1.0,sunny,day,urban,moderate,30,1280x720,128,corrupted/sensor_noise/s5/S03_sensor_noise_s5.mp4,"{""severity"":0.75,""sigma_r"":0.01457658090441458,""sigma_s"":0.0647593514664503,""per_channel"":true}",0.291891,0.609344,compression,0.999973,"{""haze_fog"":0.426553,""rain"":1.8e-05,""snow"":0.008984,""low_light"":0.911792,""motion_blur"":0.0,""defocus_blur"":0.000926,""glare_flare"":0.000666,""vignetting"":0.01019,""sensor_noise"":0.367497,""exposure_shift"":0.777817,""compression"":0.999973,""lens_occlusion"":0.003699}","{""haze_fog"":0.040662,""rain"":0.097171,""snow"":0.09493,""low_light"":0.148663,""motion_blur"":0.000272,""defocus_blur"":0.004266,""glare_flare"":0.052068,""vignetting"":0.091648,""sensor_noise"":0.079708,""exposure_shift"":0.174838,""compression"":0.00629,""lens_occlusion"":0.041906}","[{""issue"":""compression"",""prob"":0.999973},{""issue"":""low_light"",""prob"":0.911792},{""issue"":""exposure_shift"",""prob"":0.777817},{""issue"":""haze_fog"",""prob"":0.426553},{""issue"":""sensor_noise"",""prob"":0.367497}]"
S03_low_light_s1,S03,video_013,dev,corrupted,low_light,1,s1,0.08,0,-1.0,sunny,day,urban,moderate,30,1280x720,128,corrupted/low_light/s1/S03_low_light_s1.mp4,"{""severity"":0.08,""gamma"":1.5609418056717608,""sigma_r"":0.003707080852802352,""sigma_s"":0.014034096523386922,""amp_r"":2.0,""amp_s"":3.0,""desat"":0.02,""per_channel"":true}",0.911980,0.588689,compression,0.999456,"{""haze_fog"":0.113619,""rain"":8e-06,""snow"":4.5e-05,""low_light"":0.147733,""motion_blur"":0.0,""defocus_blur"":0.008397,""glare_flare"":0.004256,""vignetting"":0.385724,""sensor_noise"":0.0,""exposure_shift"":0.70877,""compression"":0.999456,""lens_occlusion"":0.007004}","{""haze_fog"":0.046303,""rain"":0.072846,""snow"":0.030229,""low_light"":0.095355,""motion_blur"":0.006154,""defocus_blur"":0.015199,""glare_flare"":0.064036,""vignetting"":0.128243,""sensor_noise"":0.000576,""exposure_shift"":0.102783,""compression"":0.055352,""lens_occlusion"":0.099079}","[{""issue"":""compression"",""prob"":0.999456},{""issue"":""exposure_shift"",""prob"":0.70877},{""issue"":""vignetting"",""prob"":0.385724}]"
S03_low_light_s2,S03,video_013,dev,corrupted,low_light,2,s2,0.18,0,-1.0,sunny,day,urban,moderate,30,1280x720,128,corrupted/low_light/s2/S03_low_light_s2.mp4,"{""severity"":0.18,""gamma"":1.653702700490752,""sigma_r"":0.007537459971502943,""sigma_s"":0.028092633320225484,""amp_r"":2.0,""amp_s"":3.0,""desat"":0.045,""per_channel"":true}",0.803090,0.725142,compression,0.999720,"{""haze_fog"":0.089758,""rain"":3e-06,""snow"":0.000282,""low_light"":0.656828,""motion_blur"":0.0,""defocus_blur"":0.004421,""glare_flare"":0.000154,""vignetting"":0.381808,""sensor_noise"":4.5e-05,""exposure_shift"":0.74299,""compression"":0.99972,""lens_occlusion"":0.006258}","{""haze_fog"":0.027967,""rain"":0.074558,""snow"":0.036011,""low_light"":0.172251,""motion_blur"":0.002654,""defocus_blur"":0.010575,""glare_flare"":0.024159,""vignetting"":0.136441,""sensor_noise"":0.005033,""exposure_shift"":0.115967,""compression"":0.032641,""lens_occlusion"":0.062577}","[{""issue"":""compression"",""prob"":0.99972},{""issue"":""exposure_shift"",""prob"":0.74299},{""issue"":""low_light"",""prob"":0.656828},{""issue"":""vignetting"",""prob"":0.381808}]"
S03_low_light_s3,S03,video_013,dev,corrupted,low_light,3,s3,0.35,0,-1.0,sunny,day,urban,moderate,30,1280x720,128,corrupted/low_light/s3/S03_low_light_s3.mp4,"{""severity"":0.35,""gamma"":2.0238975323130415,""sigma_r"":0.01375820185943662,""sigma_s"":0.06999777803749084,""amp_r"":2.0,""amp_s"":3.0,""desat"":0.0875,""per_channel"":true}",0.621254,0.608114,compression,0.999895,"{""haze_fog"":0.04143,""rain"":7e-06,""snow"":0.00137,""low_light"":0.999865,""motion_blur"":0.0,""defocus_blur"":0.006248,""glare_flare"":9.2e-05,""vignetting"":0.166319,""sensor_noise"":0.085334,""exposure_shift"":0.755213,""compression"":0.999895,""lens_occlusion"":0.006011}","{""haze_fog"":0.025269,""rain"":0.083981,""snow"":0.05638,""low_light"":0.292966,""motion_blur"":0.001331,""defocus_blur"":0.014936,""glare_flare"":0.024956,""vignetting"":0.172933,""sensor_noise"":0.031045,""exposure_shift"":0.139254,""compression"":0.028764,""lens_occlusion"":0.060201}","[{""issue"":""compression"",""prob"":0.999895},{""issue"":""low_light"",""prob"":0.999865},{""issue"":""exposure_shift"",""prob"":0.755213}]"
S03_low_light_s4,S03,video_013,dev,corrupted,low_light,4,s4,0.55,0,-1.0,sunny,day,urban,moderate,30,1280x720,128,corrupted/low_light/s4/S03_low_light_s4.mp4,"{""severity"":0.55,""gamma"":2.461830381667595,""sigma_r"":0.02729089707011051,""sigma_s"":0.13155343714169448,""amp_r"":2.0,""amp_s"":3.0,""desat"":0.1375,""per_channel"":true}",0.413809,0.320229,low_light,0.999987,"{""haze_fog"":0.006446,""rain"":3.5e-05,""snow"":0.006126,""low_light"":0.999987,""motion_blur"":0.0,""defocus_blur"":0.017981,""glare_flare"":0.002722,""vignetting"":0.041894,""sensor_noise"":0.050316,""exposure_shift"":0.774742,""compression"":0.999801,""lens_occlusion"":0.00953}","{""haze_fog"":0.039646,""rain"":0.11386,""snow"":0.082156,""low_light"":0.410207,""motion_blur"":0.006917,""defocus_blur"":0.035134,""glare_flare"":0.063328,""vignetting"":0.229406,""sensor_noise"":0.0514,""exposure_shift"":0.198877,""compression"":0.064579,""lens_occlusion"":0.098784}","[{""issue"":""low_light"",""prob"":0.999987},{""issue"":""compression"",""prob"":0.999801},{""issue"":""exposure_shift"",""prob"":0.774742}]"
S03_low_light_s5,S03,video_013,dev,corrupted,low_light,5,s5,0.75,0,-1.0,sunny,day,urban,moderate,30,1280x720,128,corrupted/low_light/s5/S03_low_light_s5.mp4,"{""severity"":0.75,""gamma"":2.796589127577267,""sigma_r"":0.03710262774630076,""sigma_s"":0.20371240848039623,""amp_r"":2.0,""amp_s"":3.0,""desat"":0.1875,""per_channel"":true}",0.216134,0.160100,low_light,0.999977,"{""haze_fog"":0.000836,""rain"":0.000143,""snow"":0.004113,""low_light"":0.999977,""motion_blur"":0.0,""defocus_blur"":0.038542,""glare_flare"":0.019845,""vignetting"":0.016569,""sensor_noise"":0.006975,""exposure_shift"":0.575597,""compression"":0.999941,""lens_occlusion"":0.013149}","{""haze_fog"":0.059595,""rain"":0.148979,""snow"":0.098308,""low_light"":0.534961,""motion_blur"":0.028286,""defocus_blur"":0.06679,""glare_flare"":0.109716,""vignetting"":0.222658,""sensor_noise"":0.040265,""exposure_shift"":0.19366,""compression"":0.140008,""lens_occlusion"":0.141101}","[{""issue"":""low_light"",""prob"":0.999977},{""issue"":""compression"",""prob"":0.999941},{""issue"":""exposure_shift"",""prob"":0.575597}]"
S03_overexposure_s1,S03,video_013,dev,corrupted,overexposure,1,s1,0.08,0,-1.0,sunny,day,urban,moderate,30,1280x720,128,corrupted/overexposure/s1/S03_overexposure_s1.mp4,"{""severity"":0.08,""delta_ev"":0.16,""scale"":1.11728713807222}",0.934886,0.614316,compression,0.999890,"{""haze_fog"":0.234895,""rain"":1.9e-05,""snow"":9.4e-05,""low_light"":7e-06,""motion_blur"":0.0,""defocus_blur"":0.004556,""glare_flare"":0.004816,""vignetting"":0.0144,""sensor_noise"":0.0,""exposure_shift"":0.719504,""compression"":0.99989,""lens_occlusion"":0.003447}","{""haze_fog"":0.076844,""rain"":0.096012,""snow"":0.039251,""low_light"":0.042481,""motion_blur"":0.003445,""defocus_blur"":0.010506,""glare_flare"":0.098931,""vignetting"":0.067563,""sensor_noise"":0.000939,""exposure_shift"":0.146893,""compression"":0.039922,""lens_occlusion"":0.074971}","[{""issue"":""compression"",""prob"":0.99989},{""issue"":""exposure_shift"",""prob"":0.719504}]"
S03_overexposure_s2,S03,video_013,dev,corrupted,overexposure,2,s2,0.18,0,-1.0,sunny,day,urban,moderate,30,1280x720,128,corrupted/overexposure/s2/S03_overexposure_s2.mp4,"{""severity"":0.18,""delta_ev"":0.36,""scale"":1.2834258975629043}",0.851932,0.584867,compression,0.999961,"{""haze_fog"":0.140598,""rain"":3e-06,""snow"":0.123424,""low_light"":0.000263,""motion_blur"":0.0,""defocus_blur"":0.005779,""glare_flare"":0.007481,""vignetting"":0.001723,""sensor_noise"":0.0,""exposure_shift"":0.831234,""compression"":0.999961,""lens_occlusion"":0.002863}","{""haze_fog"":0.085622,""rain"":0.095028,""snow"":0.033119,""low_light"":0.050729,""motion_blur"":0.004475,""defocus_blur"":0.015809,""glare_flare"":0.109918,""vignetting"":0.065409,""sensor_noise"":0.005847,""exposure_shift"":0.310179,""compression"":0.049628,""lens_occlusion"":0.068377}","[{""issue"":""compression"",""prob"":0.999961},{""issue"":""exposure_shift"",""prob"":0.831234}]"
S03_overexposure_s3,S03,video_013,dev,corrupted,overexposure,3,s3,0.35,0,-1.0,sunny,day,urban,moderate,30,1280x720,128,corrupted/overexposure/s3/S03_overexposure_s3.mp4,"{""severity"":0.35,""delta_ev"":0.7,""scale"":1.624504792712471}",0.706200,0.355132,compression,0.998474,"{""haze_fog"":0.062653,""rain"":0.0,""snow"":0.295152,""low_light"":0.002274,""motion_blur"":0.0,""defocus_blur"":0.02392,""glare_flare"":0.018217,""vignetting"":0.000212,""sensor_noise"":0.000697,""exposure_shift"":0.815444,""compression"":0.998474,""lens_occlusion"":0.003305}","{""haze_fog"":0.116765,""rain"":0.0637,""snow"":0.012774,""low_light"":0.098322,""motion_blur"":0.016257,""defocus_blur"":0.059604,""glare_flare"":0.114634,""vignetting"":0.080769,""sensor_noise"":0.031913,""exposure_shift"":0.594549,""compression"":0.087363,""lens_occlusion"":0.086013}","[{""issue"":""compression"",""prob"":0.998474},{""issue"":""exposure_shift"",""prob"":0.815444},{""issue"":""snow"",""prob"":0.295152}]"
S03_overexposure_s4,S03,video_013,dev,corrupted,overexposure,4,s4,0.55,0,-1.0,sunny,day,urban,moderate,30,1280x720,128,corrupted/overexposure/s4/S03_overexposure_s4.mp4,"{""severity"":0.55,""delta_ev"":1.1,""scale"":2.1435469250725863}",0.524770,0.340334,snow,0.997733,"{""haze_fog"":3.1e-05,""rain"":0.0,""snow"":0.997733,""low_light"":0.040855,""motion_blur"":0.0,""defocus_blur"":0.070205,""glare_flare"":0.001662,""vignetting"":2.2e-05,""sensor_noise"":0.000522,""exposure_shift"":0.625654,""compression"":0.619553,""lens_occlusion"":0.005803}","{""haze_fog"":0.059829,""rain"":0.006518,""snow"":0.00234,""low_light"":0.080977,""motion_blur"":0.021975,""defocus_blur"":0.145995,""glare_flare"":0.105757,""vignetting"":0.135259,""sensor_noise"":0.050866,""exposure_shift"":0.414966,""compression"":0.107293,""lens_occlusion"":0.119103}","[{""issue"":""snow"",""prob"":0.997733},{""issue"":""exposure_shift"",""prob"":0.625654},{""issue"":""compression"",""prob"":0.619553}]"
S03_overexposure_s5,S03,video_013,dev,corrupted,overexposure,5,s5,0.75,0,-1.0,sunny,day,urban,moderate,30,1280x720,128,corrupted/overexposure/s5/S03_overexposure_s5.mp4,"{""severity"":0.75,""delta_ev"":1.5,""scale"":2.8284271247461903}",0.326465,0.174750,snow,1.000000,"{""haze_fog"":0.0,""rain"":0.0,""snow"":1.0,""low_light"":0.085721,""motion_blur"":0.0,""defocus_blur"":0.091712,""glare_flare"":0.000202,""vignetting"":4e-06,""sensor_noise"":0.000265,""exposure_shift"":0.039401,""compression"":0.065082,""lens_occlusion"":0.009174}","{""haze_fog"":0.040044,""rain"":0.001023,""snow"":0.001215,""low_light"":0.066593,""motion_blur"":0.015812,""defocus_blur"":0.176151,""glare_flare"":0.074633,""vignetting"":0.114265,""sensor_noise"":0.05038,""exposure_shift"":0.163378,""compression"":0.082716,""lens_occlusion"":0.122032}","[{""issue"":""snow"",""prob"":1.0}]"
S03_underexposure_s1,S03,video_013,dev,corrupted,underexposure,1,s1,0.08,0,-1.0,sunny,day,urban,moderate,30,1280x720,128,corrupted/underexposure/s1/S03_underexposure_s1.mp4,"{""severity"":0.08,""delta_ev"":-0.16,""scale"":0.8950250709279725}",0.934886,0.514152,compression,0.999763,"{""haze_fog"":0.29138,""rain"":0.000176,""snow"":0.000189,""low_light"":0.000752,""motion_blur"":0.0,""defocus_blur"":0.006349,""glare_flare"":0.003613,""vignetting"":0.139355,""sensor_noise"":0.0,""exposure_shift"":0.75583,""compression"":0.999763,""lens_occlusion"":0.00828}","{""haze_fog"":0.079488,""rain"":0.105826,""snow"":0.043193,""low_light"":0.060647,""motion_blur"":0.004056,""defocus_blur"":0.012308,""glare_flare"":0.098157,""vignetting"":0.11347,""sensor_noise"":0.000835,""exposure_shift"":0.199377,""compression"":0.043852,""lens_occlusion"":0.096855}","[{""issue"":""compression"",""prob"":0.999763},{""issue"":""exposure_shift"",""prob"":0.75583},{""issue"":""haze_fog"",""prob"":0.29138}]"
S03_underexposure_s2,S03,video_013,dev,corrupted,underexposure,2,s2,0.18,0,-1.0,sunny,day,urban,moderate,30,1280x720,128,corrupted/underexposure/s2/S03_underexposure_s2.mp4,"{""severity"":0.18,""delta_ev"":-0.36,""scale"":0.7791645796604999}",0.851932,0.452878,compression,0.999854,"{""haze_fog"":0.298982,""rain"":0.000397,""snow"":0.000202,""low_light"":0.01074,""motion_blur"":0.0,""defocus_blur"":0.007518,""glare_flare"":0.000748,""vignetting"":0.104103,""sensor_noise"":0.0,""exposure_shift"":0.943002,""compression"":0.999854,""lens_occlusion"":0.011374}","{""haze_fog"":0.074663,""rain"":0.113685,""snow"":0.043395,""low_light"":0.067531,""motion_blur"":0.003283,""defocus_blur"":0.014342,""glare_flare"":0.077308,""vignetting"":0.142551,""sensor_noise"":0.001153,""exposure_shift"":0.311008,""compression"":0.045158,""lens_occlusion"":0.096429}","[{""issue"":""compression"",""prob"":0.999854},{""issue"":""exposure_shift"",""prob"":0.943002},{""issue"":""haze_fog"",""prob"":0.298982}]"
S03_underexposure_s3,S03,video_013,dev,corrupted,underexposure,3,s3,0.35,0,-1.0,sunny,day,urban,moderate,30,1280x720,128,corrupted/underexposure/s3/S03_underexposure_s3.mp4,"{""severity"":0.35,""delta_ev"":-0.7,""scale"":0.6155722066724582}",0.706200,0.278290,compression,0.999857,"{""haze_fog"":0.33119,""rain"":0.000371,""snow"":7.8e-05,""low_light"":0.006224,""motion_blur"":0.0,""defocus_blur"":0.00963,""glare_flare"":7.4e-05,""vignetting"":0.090969,""sensor_noise"":0.0,""exposure_shift"":0.999493,""compression"":0.999857,""lens_occlusion"":0.035748}","{""haze_fog"":0.067104,""rain"":0.142236,""snow"":0.041364,""low_light"":0.051409,""motion_blur"":0.003367,""defocus_blur"":0.019366,""glare_flare"":0.057837,""vignetting"":0.274925,""sensor_noise"":0.001754,""exposure_shift"":0.563933,""compression"":0.04753,""lens_occlusion"":0.089069}","[{""issue"":""compression"",""prob"":0.999857},{""issue"":""exposure_shift"",""prob"":0.999493},{""issue"":""haze_fog"",""prob"":0.33119}]"
S03_underexposure_s4,S03,video_013,dev,corrupted,underexposure,4,s4,0.55,0,-1.0,sunny,day,urban,moderate,30,1280x720,128,corrupted/underexposure/s4/S03_underexposure_s4.mp4,"{""severity"":0.55,""delta_ev"":-1.1,""scale"":0.4665164957684037}",0.524770,0.129623,exposure_shift,0.999994,"{""haze_fog"":0.345495,""rain"":0.000736,""snow"":3.4e-05,""low_light"":0.000622,""motion_blur"":0.0,""defocus_blur"":0.012533,""glare_flare"":2.7e-05,""vignetting"":0.048538,""sensor_noise"":0.0,""exposure_shift"":0.999994,""compression"":0.999856,""lens_occlusion"":0.012512}","{""haze_fog"":0.056691,""rain"":0.16577,""snow"":0.03264,""low_light"":0.032155,""motion_blur"":0.00444,""defocus_blur"":0.026203,""glare_flare"":0.044093,""vignetting"":0.546948,""sensor_noise"":0.00269,""exposure_shift"":0.768727,""compression"":0.048525,""lens_occlusion"":0.075048}","[{""issue"":""exposure_shift"",""prob"":0.999994},{""issue"":""compression"",""prob"":0.999856},{""issue"":""haze_fog"",""prob"":0.345495}]"
S03_underexposure_s5,S03,video_013,dev,corrupted,underexposure,5,s5,0.75,0,-1.0,sunny,day,urban,moderate,30,1280x720,128,corrupted/underexposure/s5/S03_underexposure_s5.mp4,"{""severity"":0.75,""delta_ev"":-1.5,""scale"":0.3535533905932738}",0.326465,0.054368,exposure_shift,1.000000,"{""haze_fog"":0.287812,""rain"":0.001501,""snow"":2.3e-05,""low_light"":0.000347,""motion_blur"":0.0,""defocus_blur"":0.015988,""glare_flare"":1.7e-05,""vignetting"":0.025322,""sensor_noise"":0.0,""exposure_shift"":1.0,""compression"":0.999708,""lens_occlusion"":0.007172}","{""haze_fog"":0.051715,""rain"":0.184212,""snow"":0.030787,""low_light"":0.02949,""motion_blur"":0.007217,""defocus_blur"":0.033672,""glare_flare"":0.040053,""vignetting"":0.731676,""sensor_noise"":0.00366,""exposure_shift"":0.866341,""compression"":0.055545,""lens_occlusion"":0.073711}","[{""issue"":""exposure_shift"",""prob"":1.0},{""issue"":""compression"",""prob"":0.999708},{""issue"":""haze_fog"",""prob"":0.287812}]"
S03_jpeg_compression_s1,S03,video_013,dev,corrupted,jpeg_compression,1,s1,0.08,0,-1.0,sunny,day,urban,moderate,30,1280x720,128,corrupted/jpeg_compression/s1/S03_jpeg_compression_s1.mp4,"{""severity"":0.08,""quality"":91,""encode_ok"":true}",0.947560,0.533970,compression,0.999781,"{""haze_fog"":0.269808,""rain"":2.3e-05,""snow"":0.000156,""low_light"":3.7e-05,""motion_blur"":0.0,""defocus_blur"":0.005629,""glare_flare"":0.014913,""vignetting"":0.121984,""sensor_noise"":0.0,""exposure_shift"":0.712635,""compression"":0.999781,""lens_occlusion"":0.005311}","{""haze_fog"":0.077289,""rain"":0.094715,""snow"":0.04231,""low_light"":0.05087,""motion_blur"":0.004297,""defocus_blur"":0.011067,""glare_flare"":0.119881,""vignetting"":0.102535,""sensor_noise"":0.000756,""exposure_shift"":0.130988,""compression"":0.041871,""lens_occlusion"":0.094546}","[{""issue"":""compression"",""prob"":0.999781},{""issue"":""exposure_shift"",""prob"":0.712635},{""issue"":""haze_fog"",""prob"":0.269808}]"
S03_jpeg_compression_s2,S03,video_013,dev,corrupted,jpeg_compression,2,s2,0.18,0,-1.0,sunny,day,urban,moderate,30,1280x720,128,corrupted/jpeg_compression/s2/S03_jpeg_compression_s2.mp4,"{""severity"":0.18,""quality"":80,""encode_ok"":true}",0.879678,0.514326,compression,0.999862,"{""haze_fog"":0.283279,""rain"":1.5e-05,""snow"":0.000223,""low_light"":9.1e-05,""motion_blur"":0.0,""defocus_blur"":0.006003,""glare_flare"":0.022344,""vignetting"":0.130708,""sensor_noise"":0.0,""exposure_shift"":0.672319,""compression"":0.999862,""lens_occlusion"":0.006521}","{""haze_fog"":0.080932,""rain"":0.0937,""snow"":0.040884,""low_light"":0.063031,""motion_blur"":0.004647,""defocus_blur"":0.011543,""glare_flare"":0.120807,""vignetting"":0.096027,""sensor_noise"":0.000894,""exposure_shift"":0.124435,""compression"":0.042651,""lens_occlusion"":0.095901}","[{""issue"":""compression"",""prob"":0.999862},{""issue"":""exposure_shift"",""prob"":0.672319},{""issue"":""haze_fog"",""prob"":0.283279}]"
S03_jpeg_compression_s3,S03,video_013,dev,corrupted,jpeg_compression,3,s3,0.35,0,-1.0,sunny,day,urban,moderate,30,1280x720,128,corrupted/jpeg_compression/s3/S03_jpeg_compression_s3.mp4,"{""severity"":0.35,""quality"":65,""encode_ok"":true}",0.757080,0.499329,compression,0.999960,"{""haze_fog"":0.294213,""rain"":9e-06,""snow"":6.1e-05,""low_light"":0.000337,""motion_blur"":0.0,""defocus_blur"":0.006153,""glare_flare"":0.009802,""vignetting"":0.208656,""sensor_noise"":0.0,""exposure_shift"":0.592905,""compression"":0.99996,""lens_occlusion"":0.014122}","{""haze_fog"":0.088259,""rain"":0.091186,""snow"":0.035543,""low_light"":0.088703,""motion_blur"":0.005352,""defocus_blur"":0.011835,""glare_flare"":0.117916,""vignetting"":0.089397,""sensor_noise"":0.001222,""exposure_shift"":0.113717,""compression"":0.043152,""lens_occlusion"":0.099738}","[{""issue"":""compression"",""prob"":0.99996},{""issue"":""exposure_shift"",""prob"":0.592905},{""issue"":""haze_fog"",""prob"":0.294213}]"
S03_jpeg_compression_s4,S03,video_013,dev,corrupted,jpeg_compression,4,s4,0.55,0,-1.0,sunny,day,urban,moderate,30,1280x720,128,corrupted/jpeg_compression/s4/S03_jpeg_compression_s4.mp4,"{""severity"":0.55,""quality"":46,""encode_ok"":true}",0.597001,0.479554,compression,0.999989,"{""haze_fog"":0.292802,""rain"":7e-06,""snow"":1.9e-05,""low_light"":0.000927,""motion_blur"":0.0,""defocus_blur"":0.007299,""glare_flare"":0.028706,""vignetting"":0.313279,""sensor_noise"":0.0,""exposure_shift"":0.521324,""compression"":0.999989,""lens_occlusion"":0.008548}","{""haze_fog"":0.09868,""rain"":0.097821,""snow"":0.03182,""low_light"":0.117816,""motion_blur"":0.006846,""defocus_blur"":0.013723,""glare_flare"":0.123482,""vignetting"":0.092533,""sensor_noise"":0.001655,""exposure_shift"":0.115434,""compression"":0.055553,""lens_occlusion"":0.100425}","[{""issue"":""compression"",""prob"":0.999989},{""issue"":""exposure_shift"",""prob"":0.521324},{""issue"":""vignetting"",""prob"":0.313279},{""issue"":""haze_fog"",""prob"":0.292802}]"
S03_jpeg_compression_s5,S03,video_013,dev,corrupted,jpeg_compression,5,s5,0.75,0,-1.0,sunny,day,urban,moderate,30,1280x720,128,corrupted/jpeg_compression/s5/S03_jpeg_compression_s5.mp4,"{""severity"":0.75,""quality"":32,""encode_ok"":true}",0.408384,0.448957,compression,0.999995,"{""haze_fog"":0.30486,""rain"":1.2e-05,""snow"":0.000129,""low_light"":0.02046,""motion_blur"":0.0,""defocus_blur"":0.008782,""glare_flare"":0.012115,""vignetting"":0.446942,""sensor_noise"":0.0,""exposure_shift"":0.425638,""compression"":0.999995,""lens_occlusion"":0.012529}","{""haze_fog"":0.115284,""rain"":0.105915,""snow"":0.038091,""low_light"":0.161526,""motion_blur"":0.009,""defocus_blur"":0.016709,""glare_flare"":0.115809,""vignetting"":0.09613,""sensor_noise"":0.003008,""exposure_shift"":0.115773,""compression"":0.075863,""lens_occlusion"":0.10496}","[{""issue"":""compression"",""prob"":0.999995},{""issue"":""vignetting"",""prob"":0.446942},{""issue"":""exposure_shift"",""prob"":0.425638},{""issue"":""haze_fog"",""prob"":0.30486}]"
S04_clean,S04,video_016,dev,clean,clean,0,s0,0.0,1,1.0,cloudy,day,rural,moderate,30,1280x720,128,clean_clips/S04_clean.mp4,{},1.000000,0.495660,compression,0.999989,"{""haze_fog"":0.282334,""rain"":0.000971,""snow"":0.000142,""low_light"":1.2e-05,""motion_blur"":0.0,""defocus_blur"":0.003561,""glare_flare"":0.25365,""vignetting"":0.039136,""sensor_noise"":0.0,""exposure_shift"":0.159616,""compression"":0.999989,""lens_occlusion"":0.012397}","{""haze_fog"":0.09408,""rain"":0.159427,""snow"":0.05768,""low_light"":0.045321,""motion_blur"":0.003817,""defocus_blur"":0.009752,""glare_flare"":0.288254,""vignetting"":0.079601,""sensor_noise"":0.001281,""exposure_shift"":0.077953,""compression"":0.022221,""lens_occlusion"":0.113533}","[{""issue"":""compression"",""prob"":0.999989},{""issue"":""haze_fog"",""prob"":0.282334},{""issue"":""glare_flare"",""prob"":0.25365}]"
S04_fog_s1,S04,video_016,dev,corrupted,fog,1,s1,0.08,0,-1.0,cloudy,day,rural,moderate,30,1280x720,128,corrupted/fog/s1/S04_fog_s1.mp4,"{""mask_mean"":0.25745508074760437,""severity"":0.08,""k"":0.896,""gamma"":0.7,""depth_shift"":0.3,""distance_exp"":1.5,""t_min"":0.25,""contrast_scale"":0.95,""darken_factor"":0.88,""blur_kernel"":5,""A"":[0.46500974893569946,0.48948392271995544,0.5139581561088562],""depth_min"":0.0,""depth_max"":1.0}",0.911980,0.036064,compression,0.999921,"{""haze_fog"":0.467766,""rain"":0.00458,""snow"":0.0562,""low_light"":3e-06,""motion_blur"":0.40492,""defocus_blur"":0.019726,""glare_flare"":0.008684,""vignetting"":0.00044,""sensor_noise"":0.001311,""exposure_shift"":0.734071,""compression"":0.999921,""lens_occlusion"":0.010733}","{""haze_fog"":0.178882,""rain"":0.474241,""snow"":0.306501,""low_light"":0.067369,""motion_blur"":0.156688,""defocus_blur"":0.138508,""glare_flare"":0.264975,""vignetting"":0.048771,""sensor_noise"":0.04805,""exposure_shift"":0.374454,""compression"":0.637762,""lens_occlusion"":0.134313}","[{""issue"":""compression"",""prob"":0.999921},{""issue"":""exposure_shift"",""prob"":0.734071},{""issue"":""haze_fog"",""prob"":0.467766},{""issue"":""motion_blur"",""prob"":0.40492}]"
S04_fog_s2,S04,video_016,dev,corrupted,fog,2,s2,0.18,0,-1.0,cloudy,day,rural,moderate,30,1280x720,128,corrupted/fog/s2/S04_fog_s2.mp4,"{""mask_mean"":0.28433114290237427,""severity"":0.18,""k"":1.016,""gamma"":0.7,""depth_shift"":0.3,""distance_exp"":1.5,""t_min"":0.25,""contrast_scale"":0.95,""darken_factor"":0.88,""blur_kernel"":5,""A"":[0.42221176624298096,0.44443345069885254,0.46665510535240173],""depth_min"":0.0,""depth_max"":1.0}",0.803090,0.031855,compression,0.999913,"{""haze_fog"":0.559218,""rain"":0.017445,""snow"":0.042463,""low_light"":2e-06,""motion_blur"":0.373677,""defocus_blur"":0.0211,""glare_flare"":0.00962,""vignetting"":0.000136,""sensor_noise"":0.000904,""exposure_shift"":0.754536,""compression"":0.999913,""lens_occlusion"":0.00916}","{""haze_fog"":0.190248,""rain"":0.489444,""snow"":0.31136,""low_light"":0.070519,""motion_blur"":0.14977,""defocus_blur"":0.146487,""glare_flare"":0.269026,""vignetting"":0.04733,""sensor_noise"":0.045614,""exposure_shift"":0.41693,""compression"":0.652797,""lens_occlusion"":0.128194}","[{""issue"":""compression"",""prob"":0.999913},{""issue"":""exposure_shift"",""prob"":0.754536},{""issue"":""haze_fog"",""prob"":0.559218},{""issue"":""motion_blur"",""prob"":0.373677}]"
S04_fog_s3,S04,video_016,dev,corrupted,fog,3,s3,0.35,0,-1.0,cloudy,day,rural,moderate,30,1280x720,128,corrupted/fog/s3/S04_fog_s3.mp4,"{""mask_mean"":0.3266923725605011,""severity"":0.35,""k"":1.22,""gamma"":0.7,""depth_shift"":0.3,""distance_exp"":1.5,""t_min"":0.25,""contrast_scale"":0.95,""darken_factor"":0.88,""blur_kernel"":5,""A"":[0.46120086312294006,0.4854745864868164,0.5097483396530151],""depth_min"":0.0,""depth_max"":1.0}",0.621254,0.024886,compression,0.999909,"{""haze_fog"":0.568662,""rain"":0.02033,""snow"":0.044405,""low_light"":1e-06,""motion_blur"":0.236703,""defocus_blur"":0.021684,""glare_flare"":0.009989,""vignetting"":0.000103,""sensor_noise"":0.000181,""exposure_shift"":0.894683,""compression"":0.999909,""lens_occlusion"":0.008821}","{""haze_fog"":0.196261,""rain"":0.525064,""snow"":0.300755,""low_light"":0.074808,""motion_blur"":0.138468,""defocus_blur"":0.148585,""glare_flare"":0.264757,""vignetting"":0.052182,""sensor_noise"":0.044914,""exposure_shift"":0.505422,""compression"":0.64347,""lens_occlusion"":0.117161}","[{""issue"":""compression"",""prob"":0.999909},{""issue"":""exposure_shift"",""prob"":0.894683},{""issue"":""haze_fog"",""prob"":0.568662}]"
S04_fog_s4,S04,video_016,dev,corrupted,fog,4,s4,0.55,0,-1.0,cloudy,day,rural,moderate,30,1280x720,128,corrupted/fog/s4/S04_fog_s4.mp4,"{""mask_mean"":0.37164923548698425,""severity"":0.55,""k"":1.46,""gamma"":0.7,""depth_shift"":0.3,""distance_exp"":1.5,""t_min"":0.25,""contrast_scale"":0.95,""darken_factor"":0.88,""blur_kernel"":5,""A"":[0.49289435148239136,0.5188361406326294,0.5447779893875122],""depth_min"":0.0,""depth_max"":1.0}",0.413809,0.020057,compression,0.999923,"{""haze_fog"":0.796004,""rain"":0.04612,""snow"":0.007171,""low_light"":2e-06,""motion_blur"":0.141188,""defocus_blur"":0.022935,""glare_flare"":0.006651,""vignetting"":0.000187,""sensor_noise"":0.000128,""exposure_shift"":0.952793,""compression"":0.999923,""lens_occlusion"":0.007109}","{""haze_fog"":0.211776,""rain"":0.567991,""snow"":0.267231,""low_light"":0.080996,""motion_blur"":0.127107,""defocus_blur"":0.146166,""glare_flare"":0.256305,""vignetting"":0.062405,""sensor_noise"":0.04422,""exposure_shift"":0.591649,""compression"":0.634765,""lens_occlusion"":0.111602}","[{""issue"":""compression"",""prob"":0.999923},{""issue"":""exposure_shift"",""prob"":0.952793},{""issue"":""haze_fog"",""prob"":0.796004}]"
S04_fog_s5,S04,video_016,dev,corrupted,fog,5,s5,0.75,0,-1.0,cloudy,day,rural,moderate,30,1280x720,128,corrupted/fog/s5/S04_fog_s5.mp4,"{""mask_mean"":0.41190361976623535,""severity"":0.75,""k"":1.7,""gamma"":0.7,""depth_shift"":0.3,""distance_exp"":1.5,""t_min"":0.25,""contrast_scale"":0.95,""darken_factor"":0.88,""blur_kernel"":5,""A"":[0.43022769689559937,0.45287126302719116,0.47551482915878296],""depth_min"":0.0,""depth_max"":1.0}",0.216134,0.017111,compression,0.999866,"{""haze_fog"":0.922282,""rain"":0.057469,""snow"":0.005664,""low_light"":2e-06,""motion_blur"":0.125475,""defocus_blur"":0.02677,""glare_flare"":0.003563,""vignetting"":0.000132,""sensor_noise"":5.5e-05,""exposure_shift"":0.949185,""compression"":0.999866,""lens_occlusion"":0.006769}","{""haze_fog"":0.241017,""rain"":0.586066,""snow"":0.272932,""low_light"":0.090888,""motion_blur"":0.127936,""defocus_blur"":0.162833,""glare_flare"":0.249188,""vignetting"":0.072541,""sensor_noise"":0.040817,""exposure_shift"":0.632245,""compression"":0.640506,""lens_occlusion"":0.10494}","[{""issue"":""compression"",""prob"":0.999866},{""issue"":""exposure_shift"",""prob"":0.949185},{""issue"":""haze_fog"",""prob"":0.922282}]"
S04_rain_s1,S04,video_016,dev,corrupted,rain,1,s1,0.08,0,-1.0,cloudy,day,rural,moderate,30,1280x720,128,corrupted/rain/s1/S04_rain_s1.mp4,"{""mask_mean"":0.008593648672103882,""severity"":0.08,""alpha"":0.08846772886943353,""eta"":0.7415781335235605,""depth_separation_exp"":1.6,""density"":0.0014510962664131253,""density_far"":0.0009432125731685314,""density_near"":0.0005078836932445939,""base_angle_deg"":87.5553401514133,""far_angle_deg"":93.92566947773264,""near_angle_deg"":81.89898791231093,""blur_sigma"":0.2900383216895235,""invert_depth"":false,""multilayer"":true,""rainy_tone"":true,""apply_rain_haze"":true,""rain_haze_strength"":0.041999999999999996,""apply_overcast_sky"":true,""overcast_mask_mean"":0.13732798397541046,""extra_desat"":0.0048,""patchiness"":true,""brightness_randomness"":false,""apply_visibility_blur"":false,""visibility_blur_sigma"":0.0,""device"":""cuda""}",0.925000,0.392044,compression,0.999988,"{""haze_fog"":0.374059,""rain"":0.002509,""snow"":0.486571,""low_light"":9.2e-05,""motion_blur"":0.0,""defocus_blur"":0.002632,""glare_flare"":0.130963,""vignetting"":0.220755,""sensor_noise"":0.0,""exposure_shift"":0.458687,""compression"":0.999988,""lens_occlusion"":0.007574}","{""haze_fog"":0.0873,""rain"":0.18678,""snow"":0.139625,""low_light"":0.096998,""motion_blur"":0.002809,""defocus_blur"":0.009105,""glare_flare"":0.244805,""vignetting"":0.121623,""sensor_noise"":0.00324,""exposure_shift"":0.108725,""compression"":0.025073,""lens_occlusion"":0.108175}","[{""issue"":""compression"",""prob"":0.999988},{""issue"":""snow"",""prob"":0.486571},{""issue"":""exposure_shift"",""prob"":0.458687},{""issue"":""haze_fog"",""prob"":0.374059}]"
S04_rain_s2,S04,video_016,dev,corrupted,rain,2,s2,0.18,0,-1.0,cloudy,day,rural,moderate,30,1280x720,128,corrupted/rain/s2/S04_rain_s2.mp4,"{""mask_mean"":0.01325162686407566,""severity"":0.18,""alpha"":0.10854985408935164,""eta"":0.8364396605354045,""depth_separation_exp"":1.6,""density"":0.0022101551902452125,""density_far"":0.0014366008736593882,""density_near"":0.0007735543165858244,""base_angle_deg"":80.41528894783477,""far_angle_deg"":81.64157414270616,""near_angle_deg"":75.32124671412123,""blur_sigma"":0.36705284983131126,""invert_depth"":false,""multilayer"":true,""rainy_tone"":true,""apply_rain_haze"":true,""rain_haze_strength"":0.056999999999999995,""apply_overcast_sky"":true,""overcast_mask_mean"":0.13732798397541046,""extra_desat"":0.010799999999999999,""patchiness"":true,""brightness_randomness"":false,""apply_visibility_blur"":false,""visibility_blur_sigma"":0.0,""device"":""cuda""}",0.830646,0.348460,compression,0.999991,"{""haze_fog"":0.364671,""rain"":0.003689,""snow"":0.475233,""low_light"":0.00085,""motion_blur"":0.0,""defocus_blur"":0.002113,""glare_flare"":0.119876,""vignetting"":0.352876,""sensor_noise"":0.0,""exposure_shift"":0.332178,""compression"":0.999991,""lens_occlusion"":0.006931}","{""haze_fog"":0.081003,""rain"":0.193527,""snow"":0.182227,""low_light"":0.130659,""motion_blur"":0.002498,""defocus_blur"":0.008715,""glare_flare"":0.232182,""vignetting"":0.127171,""sensor_noise"":0.004667,""exposure_shift"":0.097983,""compression"":0.025462,""lens_occlusion"":0.099344}","[{""issue"":""compression"",""prob"":0.999991},{""issue"":""snow"",""prob"":0.475233},{""issue"":""haze_fog"",""prob"":0.364671},{""issue"":""vignetting"",""prob"":0.352876},{""issue"":""exposure_shift"",""prob"":0.332178}]"
S04_rain_s3,S04,video_016,dev,corrupted,rain,3,s3,0.35,0,-1.0,cloudy,day,rural,moderate,30,1280x720,128,corrupted/rain/s3/S04_rain_s3.mp4,"{""mask_mean"":0.029725654050707817,""severity"":0.35,""alpha"":0.15794134904200946,""eta"":1.052859356418153,""depth_separation_exp"":1.6,""density"":0.00328767122297319,""density_far"":0.0021369862949325736,""density_near"":0.0011506849280406165,""base_angle_deg"":82.34314997255055,""far_angle_deg"":90.27415161387599,""near_angle_deg"":86.12600798637651,""blur_sigma"":0.4494268986361843,""invert_depth"":false,""multilayer"":true,""rainy_tone"":true,""apply_rain_haze"":true,""rain_haze_strength"":0.08249999999999999,""apply_overcast_sky"":true,""overcast_mask_mean"":0.13732798397541046,""extra_desat"":0.020999999999999998,""patchiness"":true,""brightness_randomness"":false,""apply_visibility_blur"":false,""visibility_blur_sigma"":0.0,""device"":""cuda""}",0.668458,0.296138,compression,0.999997,"{""haze_fog"":0.500504,""rain"":0.030879,""snow"":0.35771,""low_light"":0.014989,""motion_blur"":0.0,""defocus_blur"":0.001659,""glare_flare"":0.097345,""vignetting"":0.469781,""sensor_noise"":4e-06,""exposure_shift"":0.471836,""compression"":0.999997,""lens_occlusion"":0.008139}","{""haze_fog"":0.075199,""rain"":0.223383,""snow"":0.250391,""low_light"":0.170243,""motion_blur"":0.001775,""defocus_blur"":0.00804,""glare_flare"":0.230138,""vignetting"":0.128775,""sensor_noise"":0.007511,""exposure_shift"":0.104374,""compression"":0.022199,""lens_occlusion"":0.091371}","[{""issue"":""compression"",""prob"":0.999997},{""issue"":""haze_fog"",""prob"":0.500504},{""issue"":""exposure_shift"",""prob"":0.471836},{""issue"":""vignetting"",""prob"":0.469781},{""issue"":""snow"",""prob"":0.35771}]"
S04_rain_s4,S04,video_016,dev,corrupted,rain,4,s4,0.55,0,-1.0,cloudy,day,rural,moderate,30,1280x720,128,corrupted/rain/s4/S04_rain_s4.mp4,"{""mask_mean"":0.06579120457172394,""severity"":0.55,""alpha"":0.19627713648154707,""eta"":1.2629215961004252,""depth_separation_exp"":1.6,""density"":0.0051556909562254505,""density_far"":0.003351199121546543,""density_near"":0.0018044918346789075,""base_angle_deg"":73.27579348044995,""far_angle_deg"":78.52697588419565,""near_angle_deg"":80.66157363940107,""blur_sigma"":0.5375221196961957,""invert_depth"":false,""multilayer"":true,""rainy_tone"":true,""apply_rain_haze"":true,""rain_haze_strength"":0.1125,""apply_overcast_sky"":true,""overcast_mask_mean"":0.13732798397541046,""extra_desat"":0.033,""patchiness"":true,""brightness_randomness"":false,""apply_visibility_blur"":false,""visibility_blur_sigma"":0.0,""device"":""cuda""}",0.473973,0.216581,compression,0.999998,"{""haze_fog"":0.443034,""rain"":0.051815,""snow"":0.561277,""low_light"":0.054232,""motion_blur"":0.0,""defocus_blur"":0.001478,""glare_flare"":0.047716,""vignetting"":0.499933,""sensor_noise"":3.9e-05,""exposure_shift"":0.267322,""compression"":0.999998,""lens_occlusion"":0.011089}","{""haze_fog"":0.060233,""rain"":0.311961,""snow"":0.438532,""low_light"":0.229854,""motion_blur"":0.001894,""defocus_blur"":0.010559,""glare_flare"":0.214254,""vignetting"":0.126021,""sensor_noise"":0.009016,""exposure_shift"":0.084461,""compression"":0.023084,""lens_occlusion"":0.070805}","[{""issue"":""compression"",""prob"":0.999998},{""issue"":""snow"",""prob"":0.561277},{""issue"":""vignetting"",""prob"":0.499933},{""issue"":""haze_fog"",""prob"":0.443034},{""issue"":""exposure_shift"",""prob"":0.267322}]"
S04_rain_s5,S04,video_016,dev,corrupted,rain,5,s5,0.75,0,-1.0,cloudy,day,rural,moderate,30,1280x720,128,corrupted/rain/s5/S04_rain_s5.mp4,"{""mask_mean"":0.07909386605024338,""severity"":0.75,""alpha"":0.23149205020600494,""eta"":1.423466054060537,""depth_separation_exp"":1.6,""density"":0.005949180281381699,""density_far"":0.003866967182898105,""density_near"":0.0020822130984835944,""base_angle_deg"":73.98350930920485,""far_angle_deg"":70.95253284473205,""near_angle_deg"":66.48317647433595,""blur_sigma"":0.7063645814841651,""invert_depth"":false,""multilayer"":true,""rainy_tone"":true,""apply_rain_haze"":true,""rain_haze_strength"":0.1425,""apply_overcast_sky"":true,""overcast_mask_mean"":0.13732798397541046,""extra_desat"":0.045,""patchiness"":true,""brightness_randomness"":false,""apply_visibility_blur"":false,""visibility_blur_sigma"":0.0,""device"":""cuda""}",0.273573,0.168090,compression,0.999999,"{""haze_fog"":0.535799,""rain"":0.526431,""snow"":0.343342,""low_light"":0.133556,""motion_blur"":0.0,""defocus_blur"":0.001201,""glare_flare"":0.023609,""vignetting"":0.451247,""sensor_noise"":9.8e-05,""exposure_shift"":0.14282,""compression"":0.999999,""lens_occlusion"":0.015267}","{""haze_fog"":0.057689,""rain"":0.458357,""snow"":0.45683,""low_light"":0.270667,""motion_blur"":0.001621,""defocus_blur"":0.010758,""glare_flare"":0.201489,""vignetting"":0.116181,""sensor_noise"":0.007905,""exposure_shift"":0.076772,""compression"":0.020494,""lens_occlusion"":0.06767}","[{""issue"":""compression"",""prob"":0.999999},{""issue"":""haze_fog"",""prob"":0.535799},{""issue"":""rain"",""prob"":0.526431},{""issue"":""vignetting"",""prob"":0.451247},{""issue"":""snow"",""prob"":0.343342}]"
S04_snow_s1,S04,video_016,dev,corrupted,snow,1,s1,0.08,0,-1.0,cloudy,day,rural,moderate,30,1280x720,128,corrupted/snow/s1/S04_snow_s1.mp4,"{""mask_mean"":0.008723067119717598,""severity"":0.08,""severity_scaled"":0.010606252855487957,""alpha"":0.1082441013755879,""eta"":0.6933975041243521,""depth_separation_exp"":1.4,""density"":0.0012401628456543041,""small_fraction"":0.5973484367861279,""medium_fraction"":0.3,""large_fraction"":0.10265156321387199,""small_density"":0.0007408093372118346,""medium_density"":0.0003720488536962912,""large_density"":0.00012730465474617819,""small_sigma"":0.6095456275699391,""medium_sigma"":1.4169700045687807,""large_sigma"":2.547728137849696,""invert_depth"":false,""apply_snow_haze"":true,""snow_haze_strength"":0.023818251027975666,""apply_overcast_sky"":true,""overcast_mask_mean"":0.13732798397541046,""patchiness"":true,""apply_visibility_blur"":false,""visibility_blur_sigma"":0.0,""device"":""cuda""}",0.918467,0.465966,compression,0.999992,"{""haze_fog"":0.418358,""rain"":0.003559,""snow"":0.000784,""low_light"":3.1e-05,""motion_blur"":0.0,""defocus_blur"":0.00342,""glare_flare"":0.094226,""vignetting"":0.232538,""sensor_noise"":0.0,""exposure_shift"":0.462057,""compression"":0.999992,""lens_occlusion"":0.014017}","{""haze_fog"":0.09199,""rain"":0.178728,""snow"":0.086782,""low_light"":0.072045,""motion_blur"":0.003261,""defocus_blur"":0.009792,""glare_flare"":0.237638,""vignetting"":0.115608,""sensor_noise"":0.002044,""exposure_shift"":0.104876,""compression"":0.023325,""lens_occlusion"":0.113797}","[{""issue"":""compression"",""prob"":0.999992},{""issue"":""exposure_shift"",""prob"":0.462057},{""issue"":""haze_fog"",""prob"":0.418358}]"
S04_snow_s2,S04,video_016,dev,corrupted,snow,2,s2,0.18,0,-1.0,cloudy,day,rural,moderate,30,1280x720,128,corrupted/snow/s2/S04_snow_s2.mp4,"{""mask_mean"":0.013371980749070644,""severity"":0.18,""severity_scaled"":0.04565522728706038,""alpha"":0.12516436729478456,""eta"":0.7354599263225688,""depth_separation_exp"":1.4,""density"":0.0017897083586921054,""small_fraction"":0.5885861931782348,""medium_fraction"":0.3,""large_fraction"":0.1114138068217651,""small_density"":0.001053397629741853,""medium_density"":0.0005369125076076316,""large_density"":0.00019939822134262052,""small_sigma"":0.6410897045583543,""medium_sigma"":1.4730483636592966,""large_sigma"":2.7054485227917717,""invert_depth"":false,""apply_snow_haze"":true,""snow_haze_strength"":0.03643588182334174,""apply_overcast_sky"":true,""overcast_mask_mean"":0.13732798397541046,""patchiness"":true,""apply_visibility_blur"":false,""visibility_blur_sigma"":0.0,""device"":""cuda""}",0.816752,0.453503,compression,0.999992,"{""haze_fog"":0.435422,""rain"":0.004837,""snow"":0.001255,""low_light"":5.4e-05,""motion_blur"":0.0,""defocus_blur"":0.003512,""glare_flare"":0.098592,""vignetting"":0.201147,""sensor_noise"":0.0,""exposure_shift"":0.493749,""compression"":0.999992,""lens_occlusion"":0.016301}","{""haze_fog"":0.094503,""rain"":0.182094,""snow"":0.089195,""low_light"":0.071954,""motion_blur"":0.003253,""defocus_blur"":0.009832,""glare_flare"":0.244083,""vignetting"":0.116947,""sensor_noise"":0.002209,""exposure_shift"":0.111455,""compression"":0.023365,""lens_occlusion"":0.115525}","[{""issue"":""compression"",""prob"":0.999992},{""issue"":""exposure_shift"",""prob"":0.493749},{""issue"":""haze_fog"",""prob"":0.435422}]"
S04_snow_s3,S04,video_016,dev,corrupted,snow,3,s3,0.35,0,-1.0,cloudy,day,rural,moderate,30,1280x720,128,corrupted/snow/s3/S04_snow_s3.mp4,"{""mask_mean"":0.027689728885889053,""severity"":0.35,""severity_scaled"":0.15112018613329828,""alpha"":0.16316024796353237,""eta"":0.8956594961941173,""depth_separation_exp"":1.4,""density"":0.003971794899346274,""small_fraction"":0.5622199534666754,""medium_fraction"":0.3,""large_fraction"":0.13778004653332457,""small_density"":0.002233022343489641,""medium_density"":0.0011915384698038822,""large_density"":0.0005472340860527508,""small_sigma"":0.7360081675199684,""medium_sigma"":1.6417922978132773,""large_sigma"":3.1800408375998424,""invert_depth"":false,""apply_snow_haze"":true,""snow_haze_strength"":0.07440326700798738,""apply_overcast_sky"":true,""overcast_mask_mean"":0.13732798397541046,""patchiness"":true,""apply_visibility_blur"":false,""visibility_blur_sigma"":0.0,""device"":""cuda""}",0.644424,0.458484,compression,0.999995,"{""haze_fog"":0.505635,""rain"":0.002422,""snow"":0.002232,""low_light"":0.000163,""motion_blur"":0.0,""defocus_blur"":0.003137,""glare_flare"":0.076541,""vignetting"":0.368407,""sensor_noise"":0.0,""exposure_shift"":0.510984,""compression"":0.999995,""lens_occlusion"":0.008228}","{""haze_fog"":0.090585,""rain"":0.180349,""snow"":0.115764,""low_light"":0.090602,""motion_blur"":0.00267,""defocus_blur"":0.009307,""glare_flare"":0.215896,""vignetting"":0.114761,""sensor_noise"":0.002961,""exposure_shift"":0.110043,""compression"":0.022146,""lens_occlusion"":0.10027}","[{""issue"":""compression"",""prob"":0.999995},{""issue"":""exposure_shift"",""prob"":0.510984},{""issue"":""haze_fog"",""prob"":0.505635},{""issue"":""vignetting"",""prob"":0.368407}]"
S04_snow_s4,S04,video_016,dev,corrupted,snow,4,s4,0.55,0,-1.0,cloudy,day,rural,moderate,30,1280x720,128,corrupted/snow/s4/S04_snow_s4.mp4,"{""mask_mean"":0.07346011698246002,""severity"":0.55,""severity_scaled"":0.34092028363462246,""alpha"":0.2442847145384293,""eta"":1.0563723475540994,""depth_separation_exp"":1.4,""density"":0.0072085274914269705,""small_fraction"":0.5147699290913443,""medium_fraction"":0.3,""large_fraction"":0.18523007090865562,""small_density"":0.003710733185614868,""medium_density"":0.0021625582474280912,""large_density"":0.0013352360583840112,""small_sigma"":0.9068282552711602,""medium_sigma"":1.945472453815396,""large_sigma"":4.034141276355801,""invert_depth"":false,""apply_snow_haze"":true,""snow_haze_strength"":0.14273130210846408,""apply_overcast_sky"":true,""overcast_mask_mean"":0.13732798397541046,""patchiness"":true,""apply_visibility_blur"":false,""visibility_blur_sigma"":0.0,""device"":""cuda""}",0.442871,0.417886,compression,0.999998,"{""haze_fog"":0.622641,""rain"":0.001111,""snow"":0.094483,""low_light"":0.000999,""motion_blur"":0.0,""defocus_blur"":0.002169,""glare_flare"":0.030921,""vignetting"":0.519861,""sensor_noise"":0.0,""exposure_shift"":0.55073,""compression"":0.999998,""lens_occlusion"":0.006969}","{""haze_fog"":0.083652,""rain"":0.185627,""snow"":0.210002,""low_light"":0.140131,""motion_blur"":0.001516,""defocus_blur"":0.007579,""glare_flare"":0.183,""vignetting"":0.113015,""sensor_noise"":0.004,""exposure_shift"":0.107905,""compression"":0.01764,""lens_occlusion"":0.088526}","[{""issue"":""compression"",""prob"":0.999998},{""issue"":""haze_fog"",""prob"":0.622641},{""issue"":""exposure_shift"",""prob"":0.55073},{""issue"":""vignetting"",""prob"":0.519861}]"
S04_snow_s5,S04,video_016,dev,corrupted,snow,5,s5,0.75,0,-1.0,cloudy,day,rural,moderate,30,1280x720,128,corrupted/snow/s5/S04_snow_s5.mp4,"{""mask_mean"":0.14382480084896088,""severity"":0.75,""severity_scaled"":0.5958134105899568,""alpha"":0.3531475921273035,""eta"":1.3503913505035525,""depth_separation_exp"":1.4,""density"":0.012632003865424547,""small_fraction"":0.45104664735251077,""medium_fraction"":0.3,""large_fraction"":0.2489533526474892,""small_density"":0.005697622992843699,""medium_density"":0.003789601159627364,""large_density"":0.003144779712953484,""small_sigma"":1.1362320695309611,""medium_sigma"":2.353301456943931,""large_sigma"":5.181160347654806,""invert_depth"":false,""apply_snow_haze"":true,""snow_haze_strength"":0.23449282781238445,""apply_overcast_sky"":true,""overcast_mask_mean"":0.13732798397541046,""patchiness"":true,""apply_visibility_blur"":false,""visibility_blur_sigma"":0.0,""device"":""cuda""}",0.243164,0.307799,compression,0.999999,"{""haze_fog"":0.820931,""rain"":0.000254,""snow"":0.688145,""low_light"":0.010956,""motion_blur"":0.0,""defocus_blur"":0.001467,""glare_flare"":0.009138,""vignetting"":0.583481,""sensor_noise"":4e-06,""exposure_shift"":0.559904,""compression"":0.999999,""lens_occlusion"":0.005632}","{""haze_fog"":0.089767,""rain"":0.194138,""snow"":0.362991,""low_light"":0.215036,""motion_blur"":0.00099,""defocus_blur"":0.006929,""glare_flare"":0.172218,""vignetting"":0.115505,""sensor_noise"":0.006566,""exposure_shift"":0.118267,""compression"":0.014707,""lens_occlusion"":0.081788}","[{""issue"":""compression"",""prob"":0.999999},{""issue"":""haze_fog"",""prob"":0.820931},{""issue"":""snow"",""prob"":0.688145},{""issue"":""vignetting"",""prob"":0.583481},{""issue"":""exposure_shift"",""prob"":0.559904}]"
S04_glare_flare_s1,S04,video_016,dev,corrupted,glare_flare,1,s1,0.08,0,-1.0,cloudy,day,rural,moderate,30,1280x720,128,corrupted/glare_flare/s1/S04_glare_flare_s1.mp4,"{""severity"":0.08,""severity_scaled"":0.02262741699796952,""bright_thresh"":0.8161533391103452,""bloom_strength"":0.09289762768884263,""streak_enabled"":true,""streak_angle_deg"":12.779371566797344,""ghosts_enabled"":true,""ghost_count"":1,""flare_mean"":0.06260401010513306,""device"":""cuda""}",0.889636,0.500628,compression,0.999985,"{""haze_fog"":0.120317,""rain"":0.002729,""snow"":0.011429,""low_light"":2e-06,""motion_blur"":0.0,""defocus_blur"":0.004865,""glare_flare"":0.866791,""vignetting"":0.002359,""sensor_noise"":0.0,""exposure_shift"":0.027518,""compression"":0.999985,""lens_occlusion"":0.005789}","{""haze_fog"":0.079099,""rain"":0.147433,""snow"":0.045006,""low_light"":0.061937,""motion_blur"":0.005689,""defocus_blur"":0.013075,""glare_flare"":0.352739,""vignetting"":0.062499,""sensor_noise"":0.002521,""exposure_shift"":0.060278,""compression"":0.027724,""lens_occlusion"":0.090245}","[{""issue"":""compression"",""prob"":0.999985},{""issue"":""glare_flare"",""prob"":0.866791}]"
S04_glare_flare_s2,S04,video_016,dev,corrupted,glare_flare,2,s2,0.18,0,-1.0,cloudy,day,rural,moderate,30,1280x720,128,corrupted/glare_flare/s2/S04_glare_flare_s2.mp4,"{""severity"":0.18,""severity_scaled"":0.07636753236814713,""bright_thresh"":0.807017519497415,""bloom_strength"":0.12352949344984387,""streak_enabled"":true,""streak_angle_deg"":16.852161954572153,""ghosts_enabled"":true,""ghost_count"":1,""flare_mean"":0.08149531483650208,""device"":""cuda""}",0.757049,0.492295,compression,0.999971,"{""haze_fog"":0.088137,""rain"":0.001024,""snow"":0.068945,""low_light"":2e-06,""motion_blur"":0.0,""defocus_blur"":0.005139,""glare_flare"":0.936586,""vignetting"":0.003405,""sensor_noise"":0.0,""exposure_shift"":0.012255,""compression"":0.999971,""lens_occlusion"":0.004344}","{""haze_fog"":0.06682,""rain"":0.144853,""snow"":0.043545,""low_light"":0.072651,""motion_blur"":0.006027,""defocus_blur"":0.014049,""glare_flare"":0.367758,""vignetting"":0.060668,""sensor_noise"":0.003331,""exposure_shift"":0.052711,""compression"":0.028615,""lens_occlusion"":0.080393}","[{""issue"":""compression"",""prob"":0.999971},{""issue"":""glare_flare"",""prob"":0.936586}]"
S04_glare_flare_s3,S04,video_016,dev,corrupted,glare_flare,3,s3,0.35,0,-1.0,cloudy,day,rural,moderate,30,1280x720,128,corrupted/glare_flare/s3/S04_glare_flare_s3.mp4,"{""severity"":0.35,""severity_scaled"":0.20706279240848655,""bright_thresh"":0.7847993252905573,""bloom_strength"":0.19802579167283735,""streak_enabled"":true,""streak_angle_deg"":16.407360023684163,""ghosts_enabled"":true,""ghost_count"":2,""flare_mean"":0.12768957018852234,""device"":""cuda""}",0.546526,0.419223,compression,0.999977,"{""haze_fog"":0.063827,""rain"":0.000496,""snow"":0.187196,""low_light"":1.2e-05,""motion_blur"":0.0,""defocus_blur"":0.005696,""glare_flare"":0.983346,""vignetting"":0.020326,""sensor_noise"":0.0,""exposure_shift"":0.0029,""compression"":0.999977,""lens_occlusion"":0.002562}","{""haze_fog"":0.050401,""rain"":0.140954,""snow"":0.039412,""low_light"":0.092558,""motion_blur"":0.007074,""defocus_blur"":0.018074,""glare_flare"":0.426527,""vignetting"":0.101916,""sensor_noise"":0.005908,""exposure_shift"":0.051147,""compression"":0.033416,""lens_occlusion"":0.073235}","[{""issue"":""compression"",""prob"":0.999977},{""issue"":""glare_flare"",""prob"":0.983346}]"
S04_glare_flare_s4,S04,video_016,dev,corrupted,glare_flare,4,s4,0.55,0,-1.0,cloudy,day,rural,moderate,30,1280x720,128,corrupted/glare_flare/s4/S04_glare_flare_s4.mp4,"{""severity"":0.55,""severity_scaled"":0.4078909167902615,""bright_thresh"":0.7506585441456555,""bloom_strength"":0.3124978225704491,""streak_enabled"":true,""streak_angle_deg"":-17.64204325049371,""ghosts_enabled"":true,""ghost_count"":3,""flare_mean"":0.19707554578781128,""device"":""cuda""}",0.326310,0.319658,compression,0.999980,"{""haze_fog"":0.21553,""rain"":0.0006,""snow"":0.22799,""low_light"":1.9e-05,""motion_blur"":0.0,""defocus_blur"":0.006829,""glare_flare"":0.993802,""vignetting"":0.048037,""sensor_noise"":1e-06,""exposure_shift"":0.003156,""compression"":0.99998,""lens_occlusion"":0.002803}","{""haze_fog"":0.066091,""rain"":0.158767,""snow"":0.049278,""low_light"":0.098021,""motion_blur"":0.011698,""defocus_blur"":0.023224,""glare_flare"":0.541097,""vignetting"":0.134441,""sensor_noise"":0.011321,""exposure_shift"":0.065389,""compression"":0.044193,""lens_occlusion"":0.081888}","[{""issue"":""compression"",""prob"":0.99998},{""issue"":""glare_flare"",""prob"":0.993802}]"
S04_glare_flare_s5,S04,video_016,dev,corrupted,glare_flare,5,s5,0.75,0,-1.0,cloudy,day,rural,moderate,30,1280x720,128,corrupted/glare_flare/s5/S04_glare_flare_s5.mp4,"{""severity"":0.75,""severity_scaled"":0.649519052838329,""bright_thresh"":0.709581761017484,""bloom_strength"":0.4502258601178476,""streak_enabled"":true,""streak_angle_deg"":-12.445685880244607,""ghosts_enabled"":true,""ghost_count"":4,""flare_mean"":0.27865323424339294,""device"":""cuda""}",0.143091,0.227021,compression,0.999982,"{""haze_fog"":0.60629,""rain"":0.003384,""snow"":0.004636,""low_light"":1.4e-05,""motion_blur"":0.0,""defocus_blur"":0.007539,""glare_flare"":0.997557,""vignetting"":0.002775,""sensor_noise"":3e-06,""exposure_shift"":0.018143,""compression"":0.999982,""lens_occlusion"":0.003862}","{""haze_fog"":0.100336,""rain"":0.18631,""snow"":0.054981,""low_light"":0.091026,""motion_blur"":0.020988,""defocus_blur"":0.026247,""glare_flare"":0.696923,""vignetting"":0.099555,""sensor_noise"":0.01781,""exposure_shift"":0.098614,""compression"":0.052951,""lens_occlusion"":0.096987}","[{""issue"":""compression"",""prob"":0.999982},{""issue"":""glare_flare"",""prob"":0.997557},{""issue"":""haze_fog"",""prob"":0.60629}]"
S04_motion_blur_s1,S04,video_016,dev,corrupted,motion_blur,1,s1,0.08,0,-1.0,cloudy,day,rural,moderate,30,1280x720,128,corrupted/motion_blur/s1/S04_motion_blur_s1.mp4,"{""severity"":0.08,""ksize"":11,""n_points"":11,""accel"":0.06934761216011852,""linear"":true,""psf_smooth_sigma"":0.08664670814198881}",0.896599,0.239466,compression,0.999985,"{""haze_fog"":0.183395,""rain"":0.000144,""snow"":0.014064,""low_light"":1e-06,""motion_blur"":0.144937,""defocus_blur"":0.012619,""glare_flare"":0.043596,""vignetting"":0.045627,""sensor_noise"":2.3e-05,""exposure_shift"":0.017989,""compression"":0.999985,""lens_occlusion"":0.00837}","{""haze_fog"":0.090949,""rain"":0.252234,""snow"":0.241294,""low_light"":0.074156,""motion_blur"":0.124923,""defocus_blur"":0.070713,""glare_flare"":0.232068,""vignetting"":0.065842,""sensor_noise"":0.024466,""exposure_shift"":0.080403,""compression"":0.362517,""lens_occlusion"":0.124507}","[{""issue"":""compression"",""prob"":0.999985}]"
S04_motion_blur_s2,S04,video_016,dev,corrupted,motion_blur,2,s2,0.18,0,-1.0,cloudy,day,rural,moderate,30,1280x720,128,corrupted/motion_blur/s2/S04_motion_blur_s2.mp4,"{""severity"":0.18,""ksize"":13,""n_points"":14,""accel"":0.15222371276792046,""linear"":false,""psf_smooth_sigma"":0.20933727059653368}",0.771227,0.239790,compression,0.999991,"{""haze_fog"":0.236959,""rain"":6.9e-05,""snow"":0.005236,""low_light"":2e-06,""motion_blur"":0.207534,""defocus_blur"":0.013594,""glare_flare"":0.076775,""vignetting"":0.102489,""sensor_noise"":1.6e-05,""exposure_shift"":0.002612,""compression"":0.999991,""lens_occlusion"":0.007933}","{""haze_fog"":0.091717,""rain"":0.260859,""snow"":0.247039,""low_light"":0.073595,""motion_blur"":0.128444,""defocus_blur"":0.073075,""glare_flare"":0.218626,""vignetting"":0.066763,""sensor_noise"":0.02097,""exposure_shift"":0.07517,""compression"":0.381751,""lens_occlusion"":0.120356}","[{""issue"":""compression"",""prob"":0.999991}]"
S04_motion_blur_s3,S04,video_016,dev,corrupted,motion_blur,3,s3,0.35,0,-1.0,cloudy,day,rural,moderate,30,1280x720,128,corrupted/motion_blur/s3/S04_motion_blur_s3.mp4,"{""severity"":0.35,""ksize"":19,""n_points"":19,""accel"":0.3055743531685419,""linear"":false,""psf_smooth_sigma"":0.41290616265068913}",0.568989,0.144687,compression,0.999929,"{""haze_fog"":0.201552,""rain"":2e-05,""snow"":0.005174,""low_light"":8e-06,""motion_blur"":0.616854,""defocus_blur"":0.015783,""glare_flare"":0.070316,""vignetting"":0.10956,""sensor_noise"":3.6e-05,""exposure_shift"":0.006913,""compression"":0.999929,""lens_occlusion"":0.011083}","{""haze_fog"":0.082015,""rain"":0.197747,""snow"":0.209225,""low_light"":0.100348,""motion_blur"":0.231464,""defocus_blur"":0.076045,""glare_flare"":0.249347,""vignetting"":0.077654,""sensor_noise"":0.028767,""exposure_shift"":0.082632,""compression"":0.470618,""lens_occlusion"":0.137528}","[{""issue"":""compression"",""prob"":0.999929},{""issue"":""motion_blur"",""prob"":0.616854}]"
S04_motion_blur_s4,S04,video_016,dev,corrupted,motion_blur,4,s4,0.55,0,-1.0,cloudy,day,rural,moderate,30,1280x720,128,corrupted/motion_blur/s4/S04_motion_blur_s4.mp4,"{""severity"":0.55,""ksize"":27,""n_points"":26,""accel"":0.4437607454170743,""linear"":true,""psf_smooth_sigma"":0.6375431919822379}",0.351605,0.045591,compression,0.999697,"{""haze_fog"":0.225718,""rain"":2.7e-05,""snow"":0.006644,""low_light"":5e-05,""motion_blur"":0.996441,""defocus_blur"":0.023735,""glare_flare"":0.046054,""vignetting"":0.029019,""sensor_noise"":3.8e-05,""exposure_shift"":0.041322,""compression"":0.999697,""lens_occlusion"":0.014321}","{""haze_fog"":0.073706,""rain"":0.296774,""snow"":0.263677,""low_light"":0.123628,""motion_blur"":0.416129,""defocus_blur"":0.103725,""glare_flare"":0.271409,""vignetting"":0.077121,""sensor_noise"":0.036953,""exposure_shift"":0.14039,""compression"":0.619088,""lens_occlusion"":0.150208}","[{""issue"":""compression"",""prob"":0.999697},{""issue"":""motion_blur"",""prob"":0.996441}]"
S04_motion_blur_s5,S04,video_016,dev,corrupted,motion_blur,5,s5,0.75,0,-1.0,cloudy,day,rural,moderate,30,1280x720,128,corrupted/motion_blur/s5/S04_motion_blur_s5.mp4,"{""severity"":0.75,""ksize"":33,""n_points"":32,""accel"":0.6594119787344407,""linear"":true,""psf_smooth_sigma"":0.8962856428677805}",0.162893,0.031973,compression,0.999195,"{""haze_fog"":0.151923,""rain"":4.7e-05,""snow"":0.004921,""low_light"":0.000176,""motion_blur"":0.998245,""defocus_blur"":0.02908,""glare_flare"":0.063066,""vignetting"":0.056967,""sensor_noise"":9.1e-05,""exposure_shift"":0.029433,""compression"":0.999195,""lens_occlusion"":0.016838}","{""haze_fog"":0.058374,""rain"":0.262718,""snow"":0.210522,""low_light"":0.133443,""motion_blur"":0.541422,""defocus_blur"":0.108649,""glare_flare"":0.276954,""vignetting"":0.084334,""sensor_noise"":0.038391,""exposure_shift"":0.133983,""compression"":0.628728,""lens_occlusion"":0.156903}","[{""issue"":""compression"",""prob"":0.999195},{""issue"":""motion_blur"",""prob"":0.998245}]"
S04_defocus_blur_s1,S04,video_016,dev,corrupted,defocus_blur,1,s1,0.08,0,-1.0,cloudy,day,rural,moderate,30,1280x720,128,corrupted/defocus_blur/s1/S04_defocus_blur_s1.mp4,"{""severity"":0.08,""sigma_max_eff"":2.4,""d_f"":0.8140618205070496,""invert_depth"":true,""n_layers"":16}",0.896599,0.495655,compression,0.999989,"{""haze_fog"":0.282434,""rain"":0.000972,""snow"":0.000142,""low_light"":1.2e-05,""motion_blur"":0.0,""defocus_blur"":0.003561,""glare_flare"":0.253581,""vignetting"":0.039262,""sensor_noise"":0.0,""exposure_shift"":0.159619,""compression"":0.999989,""lens_occlusion"":0.012422}","{""haze_fog"":0.094099,""rain"":0.159423,""snow"":0.057684,""low_light"":0.045319,""motion_blur"":0.003817,""defocus_blur"":0.009753,""glare_flare"":0.288247,""vignetting"":0.079596,""sensor_noise"":0.001282,""exposure_shift"":0.077962,""compression"":0.022224,""lens_occlusion"":0.11354}","[{""issue"":""compression"",""prob"":0.999989},{""issue"":""haze_fog"",""prob"":0.282434},{""issue"":""glare_flare"",""prob"":0.253581}]"
S04_defocus_blur_s2,S04,video_016,dev,corrupted,defocus_blur,2,s2,0.18,0,-1.0,cloudy,day,rural,moderate,30,1280x720,128,corrupted/defocus_blur/s2/S04_defocus_blur_s2.mp4,"{""severity"":0.18,""sigma_max_eff"":5.3999999999999995,""d_f"":0.8140618205070496,""invert_depth"":true,""n_layers"":16}",0.771227,0.495680,compression,0.999989,"{""haze_fog"":0.282455,""rain"":0.000971,""snow"":0.000142,""low_light"":1.2e-05,""motion_blur"":0.0,""defocus_blur"":0.003562,""glare_flare"":0.254458,""vignetting"":0.039563,""sensor_noise"":0.0,""exposure_shift"":0.15985,""compression"":0.999989,""lens_occlusion"":0.01242}","{""haze_fog"":0.094106,""rain"":0.159435,""snow"":0.057672,""low_light"":0.045331,""motion_blur"":0.003826,""defocus_blur"":0.009759,""glare_flare"":0.288461,""vignetting"":0.079687,""sensor_noise"":0.001286,""exposure_shift"":0.078024,""compression"":0.022246,""lens_occlusion"":0.113522}","[{""issue"":""compression"",""prob"":0.999989},{""issue"":""haze_fog"",""prob"":0.282455},{""issue"":""glare_flare"",""prob"":0.254458}]"
S04_defocus_blur_s3,S04,video_016,dev,corrupted,defocus_blur,3,s3,0.35,0,-1.0,cloudy,day,rural,moderate,30,1280x720,128,corrupted/defocus_blur/s3/S04_defocus_blur_s3.mp4,"{""severity"":0.35,""sigma_max_eff"":10.5,""d_f"":0.8140618205070496,""invert_depth"":true,""n_layers"":16}",0.568989,0.492266,compression,0.999990,"{""haze_fog"":0.281366,""rain"":0.001003,""snow"":0.000153,""low_light"":1.1e-05,""motion_blur"":0.0,""defocus_blur"":0.003541,""glare_flare"":0.261643,""vignetting"":0.034029,""sensor_noise"":0.0,""exposure_shift"":0.151658,""compression"":0.99999,""lens_occlusion"":0.013735}","{""haze_fog"":0.094427,""rain"":0.160682,""snow"":0.058492,""low_light"":0.045165,""motion_blur"":0.003984,""defocus_blur"":0.009924,""glare_flare"":0.292139,""vignetting"":0.07805,""sensor_noise"":0.001358,""exposure_shift"":0.077332,""compression"":0.022905,""lens_occlusion"":0.113239}","[{""issue"":""compression"",""prob"":0.99999},{""issue"":""haze_fog"",""prob"":0.281366},{""issue"":""glare_flare"",""prob"":0.261643}]"
S04_defocus_blur_s4,S04,video_016,dev,corrupted,defocus_blur,4,s4,0.55,0,-1.0,cloudy,day,rural,moderate,30,1280x720,128,corrupted/defocus_blur/s4/S04_defocus_blur_s4.mp4,"{""severity"":0.55,""sigma_max_eff"":16.5,""d_f"":0.8140618205070496,""invert_depth"":true,""n_layers"":16}",0.351605,0.478782,compression,0.999998,"{""haze_fog"":0.263014,""rain"":0.000473,""snow"":0.000392,""low_light"":7e-06,""motion_blur"":0.0,""defocus_blur"":0.004561,""glare_flare"":0.251053,""vignetting"":0.037479,""sensor_noise"":0.0,""exposure_shift"":0.059173,""compression"":0.999998,""lens_occlusion"":0.006337}","{""haze_fog"":0.102168,""rain"":0.180024,""snow"":0.0806,""low_light"":0.051588,""motion_blur"":0.008684,""defocus_blur"":0.0152,""glare_flare"":0.282404,""vignetting"":0.068275,""sensor_noise"":0.005336,""exposure_shift"":0.075116,""compression"":0.045299,""lens_occlusion"":0.105006}","[{""issue"":""compression"",""prob"":0.999998},{""issue"":""haze_fog"",""prob"":0.263014},{""issue"":""glare_flare"",""prob"":0.251053}]"
S04_defocus_blur_s5,S04,video_016,dev,corrupted,defocus_blur,5,s5,0.75,0,-1.0,cloudy,day,rural,moderate,30,1280x720,128,corrupted/defocus_blur/s5/S04_defocus_blur_s5.mp4,"{""severity"":0.75,""sigma_max_eff"":22.5,""d_f"":0.8140618205070496,""invert_depth"":true,""n_layers"":16}",0.162893,0.399893,compression,0.999998,"{""haze_fog"":0.213197,""rain"":0.000132,""snow"":0.002638,""low_light"":5e-06,""motion_blur"":0.0,""defocus_blur"":0.006872,""glare_flare"":0.084729,""vignetting"":0.042462,""sensor_noise"":3.2e-05,""exposure_shift"":0.010792,""compression"":0.999998,""lens_occlusion"":0.006459}","{""haze_fog"":0.102735,""rain"":0.202783,""snow"":0.113576,""low_light"":0.054309,""motion_blur"":0.027832,""defocus_blur"":0.030964,""glare_flare"":0.23812,""vignetting"":0.063407,""sensor_noise"":0.021003,""exposure_shift"":0.072533,""compression"":0.123725,""lens_occlusion"":0.112503}","[{""issue"":""compression"",""prob"":0.999998}]"
S04_lens_occlusion_s1,S04,video_016,dev,corrupted,lens_occlusion,1,s1,0.08,0,-1.0,cloudy,day,rural,moderate,30,1280x720,128,corrupted/lens_occlusion/s1/S04_lens_occlusion_s1.mp4,"{""severity"":0.08,""n_blobs"":9,""target_coverage"":0.08683796394240399,""coverage_reached"":0.0906564670138889,""blobs"":[{""cx"":349.5345293317314,""cy"":316.1760761934095,""R_px"":59.15205296923125,""k"":0.2871280791956361,""alpha_strength"":0.4509144141799745},{""cx"":960.5049318956815,""cy"":310.9045197317402,""R_px"":65.99619287788578,""k"":0.33465622357350916,""alpha_strength"":0.45271684420826613},{""cx"":566.9036140396587,""cy"":145.74498884196652,""R_px"":67.7036800640165,""k"":0.31949208379950605,""alpha_strength"":0.45655360560934527},{""cx"":867.8677097394491,""cy"":320.1561267753142,""R_px"":66.32954766930388,""k"":0.28123896864344994,""alpha_strength"":0.46691959186671966},{""cx"":194.25788982791943,""cy"":364.5756533910259,""R_px"":54.623735978201005,""k"":0.3482731213047871,""alpha_strength"":0.4390634719596501},{""cx"":1084.4094877742214,""cy"":283.8125593773564,""R_px"":63.0778975447395,""k"":0.2997062729510593,""alpha_strength"":0.4729314439477525},{""cx"":951.4784304344257,""cy"":393.7148748883303,""R_px"":53.351469406416356,""k"":0.2936450560691362,""alpha_strength"":0.43702010675132263},{""cx"":188.66132720251093,""cy"":410.7597783545294,""R_px"":53.21325502633381,""k"":0.27228938037038836,""alpha_strength"":0.48805288096496263},{""cx"":481.31741162790684,""cy"":552.8952172388401,""R_px"":52.319360069698114,""k"":0.34894217756885504,""alpha_strength"":0.4925158344186121}]}",0.877737,0.451071,compression,0.999987,"{""haze_fog"":0.236061,""rain"":0.001534,""snow"":0.000127,""low_light"":4e-06,""motion_blur"":0.0,""defocus_blur"":0.003703,""glare_flare"":0.219241,""vignetting"":0.019715,""sensor_noise"":0.0,""exposure_shift"":0.155103,""compression"":0.999987,""lens_occlusion"":0.125182}","{""haze_fog"":0.095069,""rain"":0.163381,""snow"":0.057983,""low_light"":0.044129,""motion_blur"":0.005001,""defocus_blur"":0.010301,""glare_flare"":0.298103,""vignetting"":0.084186,""sensor_noise"":0.00134,""exposure_shift"":0.080489,""compression"":0.02561,""lens_occlusion"":0.155585}","[{""issue"":""compression"",""prob"":0.999987}]"
S04_lens_occlusion_s2,S04,video_016,dev,corrupted,lens_occlusion,2,s2,0.18,0,-1.0,cloudy,day,rural,moderate,30,1280x720,128,corrupted/lens_occlusion/s2/S04_lens_occlusion_s2.mp4,"{""severity"":0.18,""n_blobs"":8,""target_coverage"":0.12819608774757496,""coverage_reached"":0.14993489583333333,""blobs"":[{""cx"":801.9946939239127,""cy"":598.9002154440268,""R_px"":89.65146421623415,""k"":0.3456211917388839,""alpha_strength"":0.5324326747652587},{""cx"":1071.6096764677334,""cy"":194.7024807323556,""R_px"":80.7467682947096,""k"":0.40053637704255624,""alpha_strength"":0.5597380508218492},{""cx"":621.4696442161795,""cy"":121.27706692740519,""R_px"":83.07874001831887,""k"":0.4337224843684263,""alpha_strength"":0.5143332349522624},{""cx"":1106.4741366507958,""cy"":182.97416750447752,""R_px"":66.69341057503507,""k"":0.35410027076255635,""alpha_strength"":0.4834506585021936},{""cx"":784.451064743256,""cy"":188.04036057328807,""R_px"":88.16669854215216,""k"":0.4118316865080701,""alpha_strength"":0.5245323163373203},{""cx"":532.0708820795928,""cy"":90.08078150329922,""R_px"":68.79508035223539,""k"":0.38834266506779724,""alpha_strength"":0.5149643780786759},{""cx"":205.37666599529916,""cy"":207.74192436429774,""R_px"":86.09274822461543,""k"":0.3623403061898729,""alpha_strength"":0.5591320192643668},{""cx"":692.1341070734417,""cy"":318.6250699171457,""R_px"":88.66807554935092,""k"":0.4161454383125793,""alpha_strength"":0.5281596828963774}]}",0.733170,0.478726,compression,0.999985,"{""haze_fog"":0.198245,""rain"":0.002644,""snow"":5.5e-05,""low_light"":9e-06,""motion_blur"":0.0,""defocus_blur"":0.003871,""glare_flare"":0.281555,""vignetting"":0.030306,""sensor_noise"":0.0,""exposure_shift"":0.14484,""compression"":0.999985,""lens_occlusion"":0.015482}","{""haze_fog"":0.088629,""rain"":0.161406,""snow"":0.051407,""low_light"":0.046033,""motion_blur"":0.005751,""defocus_blur"":0.010822,""glare_flare"":0.306794,""vignetting"":0.07915,""sensor_noise"":0.001471,""exposure_shift"":0.075032,""compression"":0.026514,""lens_occlusion"":0.131579}","[{""issue"":""compression"",""prob"":0.999985},{""issue"":""glare_flare"",""prob"":0.281555}]"
S04_lens_occlusion_s3,S04,video_016,dev,corrupted,lens_occlusion,3,s3,0.35,0,-1.0,cloudy,day,rural,moderate,30,1280x720,128,corrupted/lens_occlusion/s3/S04_lens_occlusion_s3.mp4,"{""severity"":0.35,""n_blobs"":7,""target_coverage"":0.20651238262623056,""coverage_reached"":0.24661675347222223,""blobs"":[{""cx"":700.7723429464238,""cy"":109.29051978621739,""R_px"":103.1246933632789,""k"":0.48110123027641505,""alpha_strength"":0.5654654304167659},{""cx"":723.6737377452976,""cy"":93.08916990275122,""R_px"":124.29453396740588,""k"":0.5936931422709794,""alpha_strength"":0.6224558939620299},{""cx"":852.1050840579982,""cy"":312.3558031365566,""R_px"":131.377116560473,""k"":0.5047867703710432,""alpha_strength"":0.646852908709455},{""cx"":527.2667851478847,""cy"":267.7992648850102,""R_px"":129.3660943569497,""k"":0.5485664781019814,""alpha_strength"":0.6143103487130553},{""cx"":565.5140229765108,""cy"":358.09179126354485,""R_px"":100.51669742687652,""k"":0.5823306654379443,""alpha_strength"":0.6376568767385267},{""cx"":329.96200229897295,""cy"":280.1461184430336,""R_px"":98.96872453033576,""k"":0.4743853618358565,""alpha_strength"":0.6511853639413172},{""cx"":194.84181293628112,""cy"":513.026064786531,""R_px"":130.0893328876143,""k"":0.5354440834743938,""alpha_strength"":0.5971190723926446}]}",0.509796,0.363375,compression,0.999986,"{""haze_fog"":0.257352,""rain"":0.001613,""snow"":5.6e-05,""low_light"":9e-06,""motion_blur"":0.0,""defocus_blur"":0.00592,""glare_flare"":0.335429,""vignetting"":0.007424,""sensor_noise"":0.0,""exposure_shift"":0.15096,""compression"":0.999986,""lens_occlusion"":0.091158}","{""haze_fog"":0.105051,""rain"":0.16992,""snow"":0.046509,""low_light"":0.04651,""motion_blur"":0.012992,""defocus_blur"":0.01551,""glare_flare"":0.353883,""vignetting"":0.077136,""sensor_noise"":0.002546,""exposure_shift"":0.088288,""compression"":0.048592,""lens_occlusion"":0.19232}","[{""issue"":""compression"",""prob"":0.999986},{""issue"":""glare_flare"",""prob"":0.335429},{""issue"":""haze_fog"",""prob"":0.257352}]"
S04_lens_occlusion_s4,S04,video_016,dev,corrupted,lens_occlusion,4,s4,0.55,0,-1.0,cloudy,day,rural,moderate,30,1280x720,128,corrupted/lens_occlusion/s4/S04_lens_occlusion_s4.mp4,"{""severity"":0.55,""n_blobs"":5,""target_coverage"":0.30638438084827657,""coverage_reached"":0.3152029079861111,""blobs"":[{""cx"":360.701308836944,""cy"":201.70344378025166,""R_px"":146.39257951489847,""k"":0.6721931908009248,""alpha_strength"":0.7231224392926481},{""cx"":614.3354889279942,""cy"":144.6254669938576,""R_px"":156.16204966552195,""k"":0.6514955835971175,""alpha_strength"":0.6777381407972929},{""cx"":239.96468247351345,""cy"":347.9883738324743,""R_px"":159.9183973840178,""k"":0.639949895576473,""alpha_strength"":0.7259585447219258},{""cx"":909.712574304413,""cy"":205.11935721280636,""R_px"":142.18452495277472,""k"":0.7391874090026865,""alpha_strength"":0.6804797089920566},{""cx"":775.4211666609286,""cy"":352.3651977957877,""R_px"":139.04186423211644,""k"":0.6964081492036139,""alpha_strength"":0.6981115057008153}]}",0.286830,0.324238,compression,0.999976,"{""haze_fog"":0.4354,""rain"":0.00259,""snow"":6.4e-05,""low_light"":8e-06,""motion_blur"":0.0,""defocus_blur"":0.007773,""glare_flare"":0.242028,""vignetting"":0.002709,""sensor_noise"":0.0,""exposure_shift"":0.207461,""compression"":0.999976,""lens_occlusion"":0.120341}","{""haze_fog"":0.110404,""rain"":0.18548,""snow"":0.064272,""low_light"":0.056872,""motion_blur"":0.0188,""defocus_blur"":0.021329,""glare_flare"":0.327705,""vignetting"":0.076016,""sensor_noise"":0.003384,""exposure_shift"":0.092304,""compression"":0.07106,""lens_occlusion"":0.217337}","[{""issue"":""compression"",""prob"":0.999976},{""issue"":""haze_fog"",""prob"":0.4354}]"
S04_lens_occlusion_s5,S04,video_016,dev,corrupted,lens_occlusion,5,s5,0.75,0,-1.0,cloudy,day,rural,moderate,30,1280x720,128,corrupted/lens_occlusion/s5/S04_lens_occlusion_s5.mp4,"{""severity"":0.75,""n_blobs"":8,""target_coverage"":0.41197882156696997,""coverage_reached"":0.4677864583333333,""blobs"":[{""cx"":516.9394963858849,""cy"":278.6578873198351,""R_px"":193.23298123037827,""k"":0.9005930784015344,""alpha_strength"":0.8765765936266205},{""cx"":494.93104471219556,""cy"":294.2188109345607,""R_px"":210.28881483256274,""k"":0.852141919132649,""alpha_strength"":0.7683973767584751},{""cx"":771.3654760757182,""cy"":394.1948669393161,""R_px"":184.46657753175947,""k"":0.8447757324274586,""alpha_strength"":0.8505846600797393},{""cx"":733.2488754394824,""cy"":169.56726786443554,""R_px"":218.79538401825596,""k"":0.785189930245942,""alpha_strength"":0.85046727347168},{""cx"":769.7419778108701,""cy"":364.89936294994703,""R_px"":187.5294588202725,""k"":0.9965884322952331,""alpha_strength"":0.8917085965514974},{""cx"":269.44929364924667,""cy"":210.823347345252,""R_px"":198.28010012639595,""k"":0.9432882330145086,""alpha_strength"":0.8000254383661086},{""cx"":518.7454478818836,""cy"":241.79492803852241,""R_px"":188.4735176191018,""k"":0.8944647034711094,""alpha_strength"":0.8839498434588314},{""cx"":921.0645616512653,""cy"":124.50048856606222,""R_px"":221.1569107599842,""k"":0.7906412340363901,""alpha_strength"":0.8683941397610032}]}",0.114387,0.229995,compression,0.999959,"{""haze_fog"":0.755195,""rain"":0.004512,""snow"":0.000207,""low_light"":2e-06,""motion_blur"":0.0,""defocus_blur"":0.014162,""glare_flare"":0.104045,""vignetting"":0.001504,""sensor_noise"":0.0,""exposure_shift"":0.188124,""compression"":0.999959,""lens_occlusion"":0.330109}","{""haze_fog"":0.128585,""rain"":0.216492,""snow"":0.095804,""low_light"":0.07195,""motion_blur"":0.037825,""defocus_blur"":0.038022,""glare_flare"":0.29869,""vignetting"":0.060851,""sensor_noise"":0.005636,""exposure_shift"":0.10971,""compression"":0.130025,""lens_occlusion"":0.298759}","[{""issue"":""compression"",""prob"":0.999959},{""issue"":""haze_fog"",""prob"":0.755195},{""issue"":""lens_occlusion"",""prob"":0.330109}]"
S04_sensor_noise_s1,S04,video_016,dev,corrupted,sensor_noise,1,s1,0.08,0,-1.0,cloudy,day,rural,moderate,30,1280x720,128,corrupted/sensor_noise/s1/S04_sensor_noise_s1.mp4,"{""severity"":0.08,""sigma_r"":0.0026830606379827033,""sigma_s"":0.007439974018472,""per_channel"":true}",0.928613,0.519589,compression,0.999990,"{""haze_fog"":0.29074,""rain"":0.001789,""snow"":0.000132,""low_light"":2e-05,""motion_blur"":0.0,""defocus_blur"":0.00346,""glare_flare"":0.214692,""vignetting"":0.036812,""sensor_noise"":0.0,""exposure_shift"":0.191361,""compression"":0.99999,""lens_occlusion"":0.007285}","{""haze_fog"":0.08551,""rain"":0.165145,""snow"":0.061784,""low_light"":0.048236,""motion_blur"":0.003422,""defocus_blur"":0.009707,""glare_flare"":0.272443,""vignetting"":0.079386,""sensor_noise"":0.001297,""exposure_shift"":0.079266,""compression"":0.020925,""lens_occlusion"":0.104532}","[{""issue"":""compression"",""prob"":0.99999},{""issue"":""haze_fog"",""prob"":0.29074}]"
S04_sensor_noise_s2,S04,video_016,dev,corrupted,sensor_noise,2,s2,0.18,0,-1.0,cloudy,day,rural,moderate,30,1280x720,128,corrupted/sensor_noise/s2/S04_sensor_noise_s2.mp4,"{""severity"":0.18,""sigma_r"":0.004898240077513727,""sigma_s"":0.016849422248861417,""per_channel"":true}",0.838388,0.573064,compression,0.999995,"{""haze_fog"":0.307491,""rain"":0.000958,""snow"":0.000115,""low_light"":0.000583,""motion_blur"":0.0,""defocus_blur"":0.002917,""glare_flare"":0.171868,""vignetting"":0.030981,""sensor_noise"":0.0,""exposure_shift"":0.191046,""compression"":0.999995,""lens_occlusion"":0.007962}","{""haze_fog"":0.079125,""rain"":0.160219,""snow"":0.05388,""low_light"":0.06414,""motion_blur"":0.00303,""defocus_blur"":0.009199,""glare_flare"":0.239692,""vignetting"":0.077581,""sensor_noise"":0.00238,""exposure_shift"":0.076749,""compression"":0.017788,""lens_occlusion"":0.097942}","[{""issue"":""compression"",""prob"":0.999995},{""issue"":""haze_fog"",""prob"":0.307491}]"
S04_sensor_noise_s3,S04,video_016,dev,corrupted,sensor_noise,3,s3,0.35,0,-1.0,cloudy,day,rural,moderate,30,1280x720,128,corrupted/sensor_noise/s3/S04_sensor_noise_s3.mp4,"{""severity"":0.35,""sigma_r"":0.008008290754066309,""sigma_s"":0.02604784562077315,""per_channel"":true}",0.682056,0.659610,compression,0.999998,"{""haze_fog"":0.322306,""rain"":0.000258,""snow"":0.000148,""low_light"":0.310136,""motion_blur"":0.0,""defocus_blur"":0.002233,""glare_flare"":0.143718,""vignetting"":0.018658,""sensor_noise"":0.001976,""exposure_shift"":0.219139,""compression"":0.999998,""lens_occlusion"":0.003729}","{""haze_fog"":0.05103,""rain"":0.142901,""snow"":0.051494,""low_light"":0.112173,""motion_blur"":0.002017,""defocus_blur"":0.008237,""glare_flare"":0.168322,""vignetting"":0.070019,""sensor_noise"":0.011218,""exposure_shift"":0.06869,""compression"":0.012903,""lens_occlusion"":0.070262}","[{""issue"":""compression"",""prob"":0.999998},{""issue"":""haze_fog"",""prob"":0.322306},{""issue"":""low_light"",""prob"":0.310136}]"
S04_sensor_noise_s4,S04,video_016,dev,corrupted,sensor_noise,4,s4,0.55,0,-1.0,cloudy,day,rural,moderate,30,1280x720,128,corrupted/sensor_noise/s4/S04_sensor_noise_s4.mp4,"{""severity"":0.55,""sigma_r"":0.010661675104228762,""sigma_s"":0.04550904373853712,""per_channel"":true}",0.492001,0.594453,compression,0.999998,"{""haze_fog"":0.383601,""rain"":8.1e-05,""snow"":0.000245,""low_light"":0.630172,""motion_blur"":0.0,""defocus_blur"":0.002622,""glare_flare"":0.168656,""vignetting"":0.011008,""sensor_noise"":0.067675,""exposure_shift"":0.24067,""compression"":0.999998,""lens_occlusion"":0.004381}","{""haze_fog"":0.048701,""rain"":0.129141,""snow"":0.065134,""low_light"":0.160895,""motion_blur"":0.002623,""defocus_blur"":0.009246,""glare_flare"":0.181761,""vignetting"":0.068165,""sensor_noise"":0.036127,""exposure_shift"":0.069109,""compression"":0.01523,""lens_occlusion"":0.073335}","[{""issue"":""compression"",""prob"":0.999998},{""issue"":""low_light"",""prob"":0.630172},{""issue"":""haze_fog"",""prob"":0.383601}]"
S04_sensor_noise_s5,S04,video_016,dev,corrupted,sensor_noise,5,s5,0.75,0,-1.0,cloudy,day,rural,moderate,30,1280x720,128,corrupted/sensor_noise/s5/S04_sensor_noise_s5.mp4,"{""severity"":0.75,""sigma_r"":0.014272203528322229,""sigma_s"":0.05792926126554668,""per_channel"":true}",0.291891,0.521740,compression,0.999999,"{""haze_fog"":0.409332,""rain"":0.000111,""snow"":0.000858,""low_light"":0.830479,""motion_blur"":0.0,""defocus_blur"":0.002632,""glare_flare"":0.170352,""vignetting"":0.00302,""sensor_noise"":0.152405,""exposure_shift"":0.237993,""compression"":0.999999,""lens_occlusion"":0.005144}","{""haze_fog"":0.048891,""rain"":0.133285,""snow"":0.090589,""low_light"":0.217271,""motion_blur"":0.002197,""defocus_blur"":0.009367,""glare_flare"":0.198388,""vignetting"":0.064086,""sensor_noise"":0.064416,""exposure_shift"":0.073035,""compression"":0.014887,""lens_occlusion"":0.075302}","[{""issue"":""compression"",""prob"":0.999999},{""issue"":""low_light"",""prob"":0.830479},{""issue"":""haze_fog"",""prob"":0.409332}]"
S04_low_light_s1,S04,video_016,dev,corrupted,low_light,1,s1,0.08,0,-1.0,cloudy,day,rural,moderate,30,1280x720,128,corrupted/low_light/s1/S04_low_light_s1.mp4,"{""severity"":0.08,""gamma"":1.5582105110800097,""sigma_r"":0.004034138250386084,""sigma_s"":0.012326718439110823,""amp_r"":2.0,""amp_s"":3.0,""desat"":0.02,""per_channel"":true}",0.911980,0.566013,compression,0.999958,"{""haze_fog"":0.002478,""rain"":0.012586,""snow"":0.000132,""low_light"":0.063555,""motion_blur"":0.0,""defocus_blur"":0.003789,""glare_flare"":0.310604,""vignetting"":0.092617,""sensor_noise"":0.0,""exposure_shift"":0.115174,""compression"":0.999958,""lens_occlusion"":0.011233}","{""haze_fog"":0.033529,""rain"":0.155336,""snow"":0.042903,""low_light"":0.091332,""motion_blur"":0.00736,""defocus_blur"":0.011385,""glare_flare"":0.210594,""vignetting"":0.108759,""sensor_noise"":0.000786,""exposure_shift"":0.056986,""compression"":0.030817,""lens_occlusion"":0.125431}","[{""issue"":""compression"",""prob"":0.999958},{""issue"":""glare_flare"",""prob"":0.310604}]"
S04_low_light_s2,S04,video_016,dev,corrupted,low_light,2,s2,0.18,0,-1.0,cloudy,day,rural,moderate,30,1280x720,128,corrupted/low_light/s2/S04_low_light_s2.mp4,"{""severity"":0.18,""gamma"":1.6666533354076152,""sigma_r"":0.007422670650253655,""sigma_s"":0.03288092082513931,""amp_r"":2.0,""amp_s"":3.0,""desat"":0.045,""per_channel"":true}",0.803090,0.645585,compression,0.999957,"{""haze_fog"":0.00028,""rain"":0.014443,""snow"":7.5e-05,""low_light"":0.750312,""motion_blur"":0.0,""defocus_blur"":0.005013,""glare_flare"":0.249974,""vignetting"":0.078991,""sensor_noise"":2e-05,""exposure_shift"":0.131818,""compression"":0.999957,""lens_occlusion"":0.007678}","{""haze_fog"":0.016721,""rain"":0.128281,""snow"":0.027646,""low_light"":0.194198,""motion_blur"":0.008411,""defocus_blur"":0.015313,""glare_flare"":0.147345,""vignetting"":0.118547,""sensor_noise"":0.002826,""exposure_shift"":0.050666,""compression"":0.031768,""lens_occlusion"":0.101179}","[{""issue"":""compression"",""prob"":0.999957},{""issue"":""low_light"",""prob"":0.750312}]"
S04_low_light_s3,S04,video_016,dev,corrupted,low_light,3,s3,0.35,0,-1.0,cloudy,day,rural,moderate,30,1280x720,128,corrupted/low_light/s3/S04_low_light_s3.mp4,"{""severity"":0.35,""gamma"":1.8721092526679477,""sigma_r"":0.01314733980534714,""sigma_s"":0.07095003758148276,""amp_r"":2.0,""amp_s"":3.0,""desat"":0.0875,""per_channel"":true}",0.621254,0.412433,compression,0.999921,"{""haze_fog"":0.000857,""rain"":0.004349,""snow"":0.00017,""low_light"":0.998703,""motion_blur"":0.0,""defocus_blur"":0.013741,""glare_flare"":0.285916,""vignetting"":0.027443,""sensor_noise"":0.000488,""exposure_shift"":0.266493,""compression"":0.999921,""lens_occlusion"":0.012994}","{""haze_fog"":0.023621,""rain"":0.13539,""snow"":0.029705,""low_light"":0.332967,""motion_blur"":0.018211,""defocus_blur"":0.031388,""glare_flare"":0.163283,""vignetting"":0.167709,""sensor_noise"":0.017578,""exposure_shift"":0.080846,""compression"":0.062958,""lens_occlusion"":0.131102}","[{""issue"":""compression"",""prob"":0.999921},{""issue"":""low_light"",""prob"":0.998703},{""issue"":""glare_flare"",""prob"":0.285916},{""issue"":""exposure_shift"",""prob"":0.266493}]"
S04_low_light_s4,S04,video_016,dev,corrupted,low_light,4,s4,0.55,0,-1.0,cloudy,day,rural,moderate,30,1280x720,128,corrupted/low_light/s4/S04_low_light_s4.mp4,"{""severity"":0.55,""gamma"":2.2939418343278053,""sigma_r"":0.025059898278161897,""sigma_s"":0.13685445494484336,""amp_r"":2.0,""amp_s"":3.0,""desat"":0.1375,""per_channel"":true}",0.413809,0.171818,compression,0.999749,"{""haze_fog"":0.000343,""rain"":0.000753,""snow"":0.000212,""low_light"":0.998816,""motion_blur"":0.0,""defocus_blur"":0.031109,""glare_flare"":0.464013,""vignetting"":0.000907,""sensor_noise"":0.000219,""exposure_shift"":0.328627,""compression"":0.999749,""lens_occlusion"":0.015452}","{""haze_fog"":0.039178,""rain"":0.160711,""snow"":0.028188,""low_light"":0.400585,""motion_blur"":0.039904,""defocus_blur"":0.061494,""glare_flare"":0.206079,""vignetting"":0.238038,""sensor_noise"":0.021027,""exposure_shift"":0.130592,""compression"":0.098392,""lens_occlusion"":0.163239}","[{""issue"":""compression"",""prob"":0.999749},{""issue"":""low_light"",""prob"":0.998816},{""issue"":""glare_flare"",""prob"":0.464013},{""issue"":""exposure_shift"",""prob"":0.328627}]"
S04_low_light_s5,S04,video_016,dev,corrupted,low_light,5,s5,0.75,0,-1.0,cloudy,day,rural,moderate,30,1280x720,128,corrupted/low_light/s5/S04_low_light_s5.mp4,"{""severity"":0.75,""gamma"":2.526428334287115,""sigma_r"":0.03704576508692844,""sigma_s"":0.2205487564711938,""amp_r"":2.0,""amp_s"":3.0,""desat"":0.1875,""per_channel"":true}",0.216134,0.111994,compression,0.999630,"{""haze_fog"":0.001676,""rain"":0.002521,""snow"":0.000111,""low_light"":0.998165,""motion_blur"":0.0,""defocus_blur"":0.039942,""glare_flare"":0.42666,""vignetting"":0.000111,""sensor_noise"":0.00157,""exposure_shift"":0.322843,""compression"":0.99963,""lens_occlusion"":0.01554}","{""haze_fog"":0.055329,""rain"":0.188138,""snow"":0.031389,""low_light"":0.471922,""motion_blur"":0.048307,""defocus_blur"":0.073661,""glare_flare"":0.210218,""vignetting"":0.205381,""sensor_noise"":0.019694,""exposure_shift"":0.154485,""compression"":0.103838,""lens_occlusion"":0.163574}","[{""issue"":""compression"",""prob"":0.99963},{""issue"":""low_light"",""prob"":0.998165},{""issue"":""glare_flare"",""prob"":0.42666},{""issue"":""exposure_shift"",""prob"":0.322843}]"
S04_overexposure_s1,S04,video_016,dev,corrupted,overexposure,1,s1,0.08,0,-1.0,cloudy,day,rural,moderate,30,1280x720,128,corrupted/overexposure/s1/S04_overexposure_s1.mp4,"{""severity"":0.08,""delta_ev"":0.16,""scale"":1.11728713807222}",0.934886,0.605083,compression,0.999990,"{""haze_fog"":0.264603,""rain"":0.000968,""snow"":0.00164,""low_light"":9e-06,""motion_blur"":0.0,""defocus_blur"":0.003301,""glare_flare"":0.214564,""vignetting"":0.001538,""sensor_noise"":0.0,""exposure_shift"":0.255352,""compression"":0.99999,""lens_occlusion"":0.016229}","{""haze_fog"":0.080463,""rain"":0.150104,""snow"":0.051135,""low_light"":0.055391,""motion_blur"":0.001829,""defocus_blur"":0.008464,""glare_flare"":0.210734,""vignetting"":0.053007,""sensor_noise"":0.00134,""exposure_shift"":0.081518,""compression"":0.0142,""lens_occlusion"":0.077513}","[{""issue"":""compression"",""prob"":0.99999},{""issue"":""haze_fog"",""prob"":0.264603},{""issue"":""exposure_shift"",""prob"":0.255352}]"
S04_overexposure_s2,S04,video_016,dev,corrupted,overexposure,2,s2,0.18,0,-1.0,cloudy,day,rural,moderate,30,1280x720,128,corrupted/overexposure/s2/S04_overexposure_s2.mp4,"{""severity"":0.18,""delta_ev"":0.36,""scale"":1.2834258975629043}",0.851932,0.693688,compression,0.999962,"{""haze_fog"":0.032368,""rain"":7.3e-05,""snow"":0.133829,""low_light"":0.001344,""motion_blur"":0.0,""defocus_blur"":0.003758,""glare_flare"":0.16099,""vignetting"":0.003793,""sensor_noise"":0.0,""exposure_shift"":0.416006,""compression"":0.999962,""lens_occlusion"":0.002367}","{""haze_fog"":0.036092,""rain"":0.094951,""snow"":0.031967,""low_light"":0.09651,""motion_blur"":0.001207,""defocus_blur"":0.009737,""glare_flare"":0.142287,""vignetting"":0.061296,""sensor_noise"":0.002495,""exposure_shift"":0.083245,""compression"":0.010785,""lens_occlusion"":0.053092}","[{""issue"":""compression"",""prob"":0.999962},{""issue"":""exposure_shift"",""prob"":0.416006}]"
S04_overexposure_s3,S04,video_016,dev,corrupted,overexposure,3,s3,0.35,0,-1.0,cloudy,day,rural,moderate,30,1280x720,128,corrupted/overexposure/s3/S04_overexposure_s3.mp4,"{""severity"":0.35,""delta_ev"":0.7,""scale"":1.624504792712471}",0.706200,0.542108,compression,0.999548,"{""haze_fog"":0.004912,""rain"":7e-06,""snow"":0.995695,""low_light"":0.058637,""motion_blur"":0.0,""defocus_blur"":0.008908,""glare_flare"":0.027373,""vignetting"":0.01743,""sensor_noise"":6e-06,""exposure_shift"":0.782344,""compression"":0.999548,""lens_occlusion"":0.003807}","{""haze_fog"":0.023294,""rain"":0.061122,""snow"":0.027479,""low_light"":0.119406,""motion_blur"":0.001742,""defocus_blur"":0.030468,""glare_flare"":0.129759,""vignetting"":0.161934,""sensor_noise"":0.007859,""exposure_shift"":0.188694,""compression"":0.024742,""lens_occlusion"":0.067694}","[{""issue"":""compression"",""prob"":0.999548},{""issue"":""snow"",""prob"":0.995695},{""issue"":""exposure_shift"",""prob"":0.782344}]"
S04_overexposure_s4,S04,video_016,dev,corrupted,overexposure,4,s4,0.55,0,-1.0,cloudy,day,rural,moderate,30,1280x720,128,corrupted/overexposure/s4/S04_overexposure_s4.mp4,"{""severity"":0.55,""delta_ev"":1.1,""scale"":2.1435469250725863}",0.524770,0.246581,snow,0.999557,"{""haze_fog"":0.001284,""rain"":1e-06,""snow"":0.999557,""low_light"":0.004567,""motion_blur"":0.0,""defocus_blur"":0.030638,""glare_flare"":0.069339,""vignetting"":0.000452,""sensor_noise"":3.5e-05,""exposure_shift"":0.382745,""compression"":0.988157,""lens_occlusion"":0.008045}","{""haze_fog"":0.056161,""rain"":0.033989,""snow"":0.009182,""low_light"":0.085458,""motion_blur"":0.01097,""defocus_blur"":0.103169,""glare_flare"":0.254543,""vignetting"":0.217032,""sensor_noise"":0.019915,""exposure_shift"":0.325426,""compression"":0.087036,""lens_occlusion"":0.109984}","[{""issue"":""snow"",""prob"":0.999557},{""issue"":""compression"",""prob"":0.988157},{""issue"":""exposure_shift"",""prob"":0.382745}]"
S04_overexposure_s5,S04,video_016,dev,corrupted,overexposure,5,s5,0.75,0,-1.0,cloudy,day,rural,moderate,30,1280x720,128,corrupted/overexposure/s5/S04_overexposure_s5.mp4,"{""severity"":0.75,""delta_ev"":1.5,""scale"":2.8284271247461903}",0.326465,0.305006,compression,0.999823,"{""haze_fog"":0.037372,""rain"":0.0,""snow"":0.999414,""low_light"":0.002053,""motion_blur"":0.0,""defocus_blur"":0.026923,""glare_flare"":0.140233,""vignetting"":0.002931,""sensor_noise"":0.000316,""exposure_shift"":0.881037,""compression"":0.999823,""lens_occlusion"":0.003706}","{""haze_fog"":0.127299,""rain"":0.030457,""snow"":0.008508,""low_light"":0.12678,""motion_blur"":0.016184,""defocus_blur"":0.086705,""glare_flare"":0.328736,""vignetting"":0.168267,""sensor_noise"":0.054521,""exposure_shift"":0.549652,""compression"":0.080919,""lens_occlusion"":0.110414}","[{""issue"":""compression"",""prob"":0.999823},{""issue"":""snow"",""prob"":0.999414},{""issue"":""exposure_shift"",""prob"":0.881037}]"
S04_underexposure_s1,S04,video_016,dev,corrupted,underexposure,1,s1,0.08,0,-1.0,cloudy,day,rural,moderate,30,1280x720,128,corrupted/underexposure/s1/S04_underexposure_s1.mp4,"{""severity"":0.08,""delta_ev"":-0.16,""scale"":0.8950250709279725}",0.934886,0.452797,compression,0.999992,"{""haze_fog"":0.281426,""rain"":0.008971,""snow"":0.001052,""low_light"":5.3e-05,""motion_blur"":0.0,""defocus_blur"":0.003629,""glare_flare"":0.085659,""vignetting"":0.067609,""sensor_noise"":0.0,""exposure_shift"":0.668148,""compression"":0.999992,""lens_occlusion"":0.014192}","{""haze_fog"":0.08504,""rain"":0.183223,""snow"":0.083017,""low_light"":0.065559,""motion_blur"":0.004063,""defocus_blur"":0.010202,""glare_flare"":0.252712,""vignetting"":0.120234,""sensor_noise"":0.001871,""exposure_shift"":0.130466,""compression"":0.025561,""lens_occlusion"":0.123605}","[{""issue"":""compression"",""prob"":0.999992},{""issue"":""exposure_shift"",""prob"":0.668148},{""issue"":""haze_fog"",""prob"":0.281426}]"
S04_underexposure_s2,S04,video_016,dev,corrupted,underexposure,2,s2,0.18,0,-1.0,cloudy,day,rural,moderate,30,1280x720,128,corrupted/underexposure/s2/S04_underexposure_s2.mp4,"{""severity"":0.18,""delta_ev"":-0.36,""scale"":0.7791645796604999}",0.851932,0.402757,compression,0.999991,"{""haze_fog"":0.239074,""rain"":0.016312,""snow"":0.003071,""low_light"":0.000381,""motion_blur"":0.0,""defocus_blur"":0.003866,""glare_flare"":0.025371,""vignetting"":0.11723,""sensor_noise"":0.0,""exposure_shift"":0.917066,""compression"":0.999991,""lens_occlusion"":0.03182}","{""haze_fog"":0.074458,""rain"":0.182028,""snow"":0.088519,""low_light"":0.069819,""motion_blur"":0.00373,""defocus_blur"":0.010358,""glare_flare"":0.213136,""vignetting"":0.161454,""sensor_noise"":0.001486,""exposure_shift"":0.192188,""compression"":0.02839,""lens_occlusion"":0.138337}","[{""issue"":""compression"",""prob"":0.999991},{""issue"":""exposure_shift"",""prob"":0.917066}]"
S04_underexposure_s3,S04,video_016,dev,corrupted,underexposure,3,s3,0.35,0,-1.0,cloudy,day,rural,moderate,30,1280x720,128,corrupted/underexposure/s3/S04_underexposure_s3.mp4,"{""severity"":0.35,""delta_ev"":-0.7,""scale"":0.6155722066724582}",0.706200,0.265336,compression,0.999986,"{""haze_fog"":0.107939,""rain"":0.007652,""snow"":0.002535,""low_light"":0.001862,""motion_blur"":0.0,""defocus_blur"":0.006076,""glare_flare"":0.007267,""vignetting"":0.038176,""sensor_noise"":0.0,""exposure_shift"":0.999309,""compression"":0.999986,""lens_occlusion"":0.048156}","{""haze_fog"":0.060561,""rain"":0.177091,""snow"":0.067913,""low_light"":0.068002,""motion_blur"":0.004367,""defocus_blur"":0.014758,""glare_flare"":0.141698,""vignetting"":0.27924,""sensor_noise"":0.003059,""exposure_shift"":0.451687,""compression"":0.037501,""lens_occlusion"":0.121443}","[{""issue"":""compression"",""prob"":0.999986},{""issue"":""exposure_shift"",""prob"":0.999309}]"
S04_underexposure_s4,S04,video_016,dev,corrupted,underexposure,4,s4,0.55,0,-1.0,cloudy,day,rural,moderate,30,1280x720,128,corrupted/underexposure/s4/S04_underexposure_s4.mp4,"{""severity"":0.55,""delta_ev"":-1.1,""scale"":0.4665164957684037}",0.524770,0.073394,compression,0.999983,"{""haze_fog"":0.092663,""rain"":0.00818,""snow"":0.000554,""low_light"":0.001116,""motion_blur"":0.0,""defocus_blur"":0.008671,""glare_flare"":0.001705,""vignetting"":0.132882,""sensor_noise"":1e-06,""exposure_shift"":0.999965,""compression"":0.999983,""lens_occlusion"":0.024417}","{""haze_fog"":0.073663,""rain"":0.208032,""snow"":0.060529,""low_light"":0.067404,""motion_blur"":0.008073,""defocus_blur"":0.023559,""glare_flare"":0.113714,""vignetting"":0.72325,""sensor_noise"":0.009793,""exposure_shift"":0.775569,""compression"":0.051334,""lens_occlusion"":0.116284}","[{""issue"":""compression"",""prob"":0.999983},{""issue"":""exposure_shift"",""prob"":0.999965}]"
S04_underexposure_s5,S04,video_016,dev,corrupted,underexposure,5,s5,0.75,0,-1.0,cloudy,day,rural,moderate,30,1280x720,128,corrupted/underexposure/s5/S04_underexposure_s5.mp4,"{""severity"":0.75,""delta_ev"":-1.5,""scale"":0.3535533905932738}",0.326465,0.026657,exposure_shift,0.999993,"{""haze_fog"":0.070919,""rain"":0.008004,""snow"":0.000302,""low_light"":0.000453,""motion_blur"":0.0,""defocus_blur"":0.010774,""glare_flare"":0.000483,""vignetting"":0.17612,""sensor_noise"":0.0,""exposure_shift"":0.999993,""compression"":0.999958,""lens_occlusion"":0.012058}","{""haze_fog"":0.076569,""rain"":0.221423,""snow"":0.053553,""low_light"":0.073048,""motion_blur"":0.01399,""defocus_blur"":0.032765,""glare_flare"":0.093933,""vignetting"":0.875404,""sensor_noise"":0.013005,""exposure_shift"":0.882469,""compression"":0.058855,""lens_occlusion"":0.12062}","[{""issue"":""exposure_shift"",""prob"":0.999993},{""issue"":""compression"",""prob"":0.999958}]"
S04_jpeg_compression_s1,S04,video_016,dev,corrupted,jpeg_compression,1,s1,0.08,0,-1.0,cloudy,day,rural,moderate,30,1280x720,128,corrupted/jpeg_compression/s1/S04_jpeg_compression_s1.mp4,"{""severity"":0.08,""quality"":88,""encode_ok"":true}",0.947560,0.496826,compression,0.999989,"{""haze_fog"":0.374885,""rain"":0.001116,""snow"":0.00023,""low_light"":1.4e-05,""motion_blur"":0.0,""defocus_blur"":0.0035,""glare_flare"":0.233458,""vignetting"":0.024516,""sensor_noise"":0.0,""exposure_shift"":0.216358,""compression"":0.999989,""lens_occlusion"":0.008743}","{""haze_fog"":0.099053,""rain"":0.155897,""snow"":0.064569,""low_light"":0.043203,""motion_blur"":0.003186,""defocus_blur"":0.009264,""glare_flare"":0.294185,""vignetting"":0.077469,""sensor_noise"":0.001487,""exposure_shift"":0.084102,""compression"":0.019745,""lens_occlusion"":0.109741}","[{""issue"":""compression"",""prob"":0.999989},{""issue"":""haze_fog"",""prob"":0.374885}]"
S04_jpeg_compression_s2,S04,video_016,dev,corrupted,jpeg_compression,2,s2,0.18,0,-1.0,cloudy,day,rural,moderate,30,1280x720,128,corrupted/jpeg_compression/s2/S04_jpeg_compression_s2.mp4,"{""severity"":0.18,""quality"":80,""encode_ok"":true}",0.879678,0.520589,compression,0.999991,"{""haze_fog"":0.380335,""rain"":0.001064,""snow"":9.7e-05,""low_light"":6.2e-05,""motion_blur"":0.0,""defocus_blur"":0.003241,""glare_flare"":0.224476,""vignetting"":0.022471,""sensor_noise"":0.0,""exposure_shift"":0.184691,""compression"":0.999991,""lens_occlusion"":0.007557}","{""haze_fog"":0.092943,""rain"":0.157653,""snow"":0.054515,""low_light"":0.050675,""motion_blur"":0.002887,""defocus_blur"":0.008802,""glare_flare"":0.283526,""vignetting"":0.074908,""sensor_noise"":0.00135,""exposure_shift"":0.077907,""compression"":0.017428,""lens_occlusion"":0.104905}","[{""issue"":""compression"",""prob"":0.999991},{""issue"":""haze_fog"",""prob"":0.380335}]"
S04_jpeg_compression_s3,S04,video_016,dev,corrupted,jpeg_compression,3,s3,0.35,0,-1.0,cloudy,day,rural,moderate,30,1280x720,128,corrupted/jpeg_compression/s3/S04_jpeg_compression_s3.mp4,"{""severity"":0.35,""quality"":64,""encode_ok"":true}",0.757080,0.555043,compression,0.999994,"{""haze_fog"":0.283458,""rain"":0.000443,""snow"":4.8e-05,""low_light"":1.8e-05,""motion_blur"":0.0,""defocus_blur"":0.00319,""glare_flare"":0.190253,""vignetting"":0.017927,""sensor_noise"":0.0,""exposure_shift"":0.139146,""compression"":0.999994,""lens_occlusion"":0.006896}","{""haze_fog"":0.07908,""rain"":0.156715,""snow"":0.044982,""low_light"":0.064297,""motion_blur"":0.002844,""defocus_blur"":0.008724,""glare_flare"":0.248461,""vignetting"":0.065428,""sensor_noise"":0.001168,""exposure_shift"":0.064652,""compression"":0.017571,""lens_occlusion"":0.093535}","[{""issue"":""compression"",""prob"":0.999994},{""issue"":""haze_fog"",""prob"":0.283458}]"
S04_jpeg_compression_s4,S04,video_016,dev,corrupted,jpeg_compression,4,s4,0.55,0,-1.0,cloudy,day,rural,moderate,30,1280x720,128,corrupted/jpeg_compression/s4/S04_jpeg_compression_s4.mp4,"{""severity"":0.55,""quality"":45,""encode_ok"":true}",0.597001,0.556175,compression,0.999997,"{""haze_fog"":0.167011,""rain"":0.000367,""snow"":1.2e-05,""low_light"":1.8e-05,""motion_blur"":0.0,""defocus_blur"":0.003503,""glare_flare"":0.260448,""vignetting"":0.059372,""sensor_noise"":0.0,""exposure_shift"":0.072164,""compression"":0.999997,""lens_occlusion"":0.004974}","{""haze_fog"":0.066495,""rain"":0.163692,""snow"":0.041372,""low_light"":0.097961,""motion_blur"":0.003697,""defocus_blur"":0.009491,""glare_flare"":0.235452,""vignetting"":0.05771,""sensor_noise"":0.001444,""exposure_shift"":0.048672,""compression"":0.020772,""lens_occlusion"":0.081449}","[{""issue"":""compression"",""prob"":0.999997},{""issue"":""glare_flare"",""prob"":0.260448}]"
S04_jpeg_compression_s5,S04,video_016,dev,corrupted,jpeg_compression,5,s5,0.75,0,-1.0,cloudy,day,rural,moderate,30,1280x720,128,corrupted/jpeg_compression/s5/S04_jpeg_compression_s5.mp4,"{""severity"":0.75,""quality"":32,""encode_ok"":true}",0.408384,0.463697,compression,0.999999,"{""haze_fog"":0.108511,""rain"":3.8e-05,""snow"":2.2e-05,""low_light"":0.002818,""motion_blur"":0.0,""defocus_blur"":0.006131,""glare_flare"":0.224064,""vignetting"":0.043422,""sensor_noise"":0.0,""exposure_shift"":0.078523,""compression"":0.999999,""lens_occlusion"":0.007618}","{""haze_fog"":0.067118,""rain"":0.142313,""snow"":0.044631,""low_light"":0.165221,""motion_blur"":0.008481,""defocus_blur"":0.013963,""glare_flare"":0.206282,""vignetting"":0.056422,""sensor_noise"":0.003352,""exposure_shift"":0.049376,""compression"":0.047524,""lens_occlusion"":0.085629}","[{""issue"":""compression"",""prob"":0.999999}]"
S05_clean,S05,video_009,dev,clean,clean,0,s0,0.0,1,1.0,sunny,day,parking_lot,moderate,30,1280x720,128,clean_clips/S05_clean.mp4,{},1.000000,0.574114,compression,0.998878,"{""haze_fog"":0.078364,""rain"":3e-06,""snow"":4e-05,""low_light"":9.8e-05,""motion_blur"":0.0,""defocus_blur"":0.014305,""glare_flare"":0.002297,""vignetting"":0.285998,""sensor_noise"":0.0,""exposure_shift"":0.808939,""compression"":0.998878,""lens_occlusion"":0.004455}","{""haze_fog"":0.045646,""rain"":0.07631,""snow"":0.033894,""low_light"":0.061125,""motion_blur"":0.007085,""defocus_blur"":0.021912,""glare_flare"":0.051285,""vignetting"":0.108213,""sensor_noise"":0.001502,""exposure_shift"":0.188321,""compression"":0.05243,""lens_occlusion"":0.075722}","[{""issue"":""compression"",""prob"":0.998878},{""issue"":""exposure_shift"",""prob"":0.808939},{""issue"":""vignetting"",""prob"":0.285998}]"
S05_fog_s1,S05,video_009,dev,corrupted,fog,1,s1,0.08,0,-1.0,sunny,day,parking_lot,moderate,30,1280x720,128,corrupted/fog/s1/S05_fog_s1.mp4,"{""mask_mean"":0.23637613654136658,""severity"":0.08,""k"":0.896,""gamma"":0.7,""depth_shift"":0.3,""distance_exp"":1.5,""t_min"":0.25,""contrast_scale"":0.95,""darken_factor"":0.88,""blur_kernel"":5,""A"":[0.49452126026153564,0.5205487012863159,0.5465761423110962],""depth_min"":0.0,""depth_max"":1.0}",0.911980,0.070543,compression,0.999561,"{""haze_fog"":0.21709,""rain"":0.0008,""snow"":0.002835,""low_light"":0.0,""motion_blur"":0.010455,""defocus_blur"":0.040342,""glare_flare"":0.004182,""vignetting"":0.002892,""sensor_noise"":0.028848,""exposure_shift"":0.999211,""compression"":0.999561,""lens_occlusion"":0.007353}","{""haze_fog"":0.140043,""rain"":0.361802,""snow"":0.153773,""low_light"":0.034756,""motion_blur"":0.084162,""defocus_blur"":0.1921,""glare_flare"":0.131132,""vignetting"":0.0502,""sensor_noise"":0.049361,""exposure_shift"":0.579438,""compression"":0.561242,""lens_occlusion"":0.100978}","[{""issue"":""compression"",""prob"":0.999561},{""issue"":""exposure_shift"",""prob"":0.999211}]"
S05_fog_s2,S05,video_009,dev,corrupted,fog,2,s2,0.18,0,-1.0,sunny,day,parking_lot,moderate,30,1280x720,128,corrupted/fog/s2/S05_fog_s2.mp4,"{""mask_mean"":0.26133570075035095,""severity"":0.18,""k"":1.016,""gamma"":0.7,""depth_shift"":0.3,""distance_exp"":1.5,""t_min"":0.25,""contrast_scale"":0.95,""darken_factor"":0.88,""blur_kernel"":5,""A"":[0.5101450085639954,0.5369947552680969,0.5638445019721985],""depth_min"":0.0,""depth_max"":1.0}",0.803090,0.056117,compression,0.999501,"{""haze_fog"":0.309075,""rain"":0.001211,""snow"":0.002763,""low_light"":0.0,""motion_blur"":0.007957,""defocus_blur"":0.041531,""glare_flare"":0.00292,""vignetting"":0.001772,""sensor_noise"":0.0049,""exposure_shift"":0.998694,""compression"":0.999501,""lens_occlusion"":0.007246}","{""haze_fog"":0.154623,""rain"":0.38059,""snow"":0.148827,""low_light"":0.037934,""motion_blur"":0.088097,""defocus_blur"":0.19862,""glare_flare"":0.124679,""vignetting"":0.050851,""sensor_noise"":0.051666,""exposure_shift"":0.616728,""compression"":0.567139,""lens_occlusion"":0.099889}","[{""issue"":""compression"",""prob"":0.999501},{""issue"":""exposure_shift"",""prob"":0.998694},{""issue"":""haze_fog"",""prob"":0.309075}]"
S05_fog_s3,S05,video_009,dev,corrupted,fog,3,s3,0.35,0,-1.0,sunny,day,parking_lot,moderate,30,1280x720,128,corrupted/fog/s3/S05_fog_s3.mp4,"{""mask_mean"":0.3008209764957428,""severity"":0.35,""k"":1.22,""gamma"":0.7,""depth_shift"":0.3,""distance_exp"":1.5,""t_min"":0.25,""contrast_scale"":0.95,""darken_factor"":0.88,""blur_kernel"":5,""A"":[0.5168402791023254,0.5440424084663391,0.5712445378303528],""depth_min"":0.0,""depth_max"":1.0}",0.621254,0.044317,compression,0.999549,"{""haze_fog"":0.324945,""rain"":0.001317,""snow"":0.001864,""low_light"":0.0,""motion_blur"":0.008914,""defocus_blur"":0.042045,""glare_flare"":0.002115,""vignetting"":0.000887,""sensor_noise"":0.013117,""exposure_shift"":0.999171,""compression"":0.999549,""lens_occlusion"":0.006816}","{""haze_fog"":0.157816,""rain"":0.404457,""snow"":0.159368,""low_light"":0.043417,""motion_blur"":0.091726,""defocus_blur"":0.207367,""glare_flare"":0.137698,""vignetting"":0.05135,""sensor_noise"":0.057526,""exposure_shift"":0.648283,""compression"":0.565786,""lens_occlusion"":0.101268}","[{""issue"":""compression"",""prob"":0.999549},{""issue"":""exposure_shift"",""prob"":0.999171},{""issue"":""haze_fog"",""prob"":0.324945}]"
S05_fog_s4,S05,video_009,dev,corrupted,fog,4,s4,0.55,0,-1.0,sunny,day,parking_lot,moderate,30,1280x720,128,corrupted/fog/s4/S05_fog_s4.mp4,"{""mask_mean"":0.34294500946998596,""severity"":0.55,""k"":1.46,""gamma"":0.7,""depth_shift"":0.3,""distance_exp"":1.5,""t_min"":0.25,""contrast_scale"":0.95,""darken_factor"":0.88,""blur_kernel"":5,""A"":[0.385307639837265,0.40558698773384094,0.42586633563041687],""depth_min"":0.0,""depth_max"":1.0}",0.413809,0.032054,compression,0.999383,"{""haze_fog"":0.381327,""rain"":0.00407,""snow"":0.000578,""low_light"":0.0,""motion_blur"":0.006745,""defocus_blur"":0.044419,""glare_flare"":0.001971,""vignetting"":0.00017,""sensor_noise"":0.034128,""exposure_shift"":0.99873,""compression"":0.999383,""lens_occlusion"":0.010641}","{""haze_fog"":0.174512,""rain"":0.427757,""snow"":0.144799,""low_light"":0.050183,""motion_blur"":0.092643,""defocus_blur"":0.20924,""glare_flare"":0.133782,""vignetting"":0.054834,""sensor_noise"":0.066097,""exposure_shift"":0.707008,""compression"":0.554484,""lens_occlusion"":0.104437}","[{""issue"":""compression"",""prob"":0.999383},{""issue"":""exposure_shift"",""prob"":0.99873},{""issue"":""haze_fog"",""prob"":0.381327}]"
S05_fog_s5,S05,video_009,dev,corrupted,fog,5,s5,0.75,0,-1.0,sunny,day,parking_lot,moderate,30,1280x720,128,corrupted/fog/s5/S05_fog_s5.mp4,"{""mask_mean"":0.3808845281600952,""severity"":0.75,""k"":1.7,""gamma"":0.7,""depth_shift"":0.3,""distance_exp"":1.5,""t_min"":0.25,""contrast_scale"":0.95,""darken_factor"":0.88,""blur_kernel"":5,""A"":[0.5049189329147339,0.531493604183197,0.5580682754516602],""depth_min"":0.0,""depth_max"":1.0}",0.216134,0.023939,compression,0.999399,"{""haze_fog"":0.491578,""rain"":0.002446,""snow"":0.000414,""low_light"":0.0,""motion_blur"":0.00478,""defocus_blur"":0.048591,""glare_flare"":0.00122,""vignetting"":0.00019,""sensor_noise"":0.005727,""exposure_shift"":0.999323,""compression"":0.999399,""lens_occlusion"":0.005516}","{""haze_fog"":0.18567,""rain"":0.425284,""snow"":0.131332,""low_light"":0.060723,""motion_blur"":0.098178,""defocus_blur"":0.214409,""glare_flare"":0.140013,""vignetting"":0.060908,""sensor_noise"":0.066004,""exposure_shift"":0.738563,""compression"":0.546635,""lens_occlusion"":0.103057}","[{""issue"":""compression"",""prob"":0.999399},{""issue"":""exposure_shift"",""prob"":0.999323},{""issue"":""haze_fog"",""prob"":0.491578}]"
S05_rain_s1,S05,video_009,dev,corrupted,rain,1,s1,0.08,0,-1.0,sunny,day,parking_lot,moderate,30,1280x720,128,corrupted/rain/s1/S05_rain_s1.mp4,"{""mask_mean"":0.008976657874882221,""severity"":0.08,""alpha"":0.09560437350557033,""eta"":0.6629891874811706,""depth_separation_exp"":1.6,""density"":0.0015578406256438187,""density_far"":0.0010125964066684822,""density_near"":0.0005452442189753365,""base_angle_deg"":88.87239531719445,""far_angle_deg"":92.57917533745784,""near_angle_deg"":86.93983256472195,""blur_sigma"":0.2824105342615602,""invert_depth"":false,""multilayer"":true,""rainy_tone"":true,""apply_rain_haze"":true,""rain_haze_strength"":0.041999999999999996,""apply_overcast_sky"":true,""overcast_mask_mean"":0.03615870326757431,""extra_desat"":0.0048,""patchiness"":true,""brightness_randomness"":false,""apply_visibility_blur"":false,""visibility_blur_sigma"":0.0,""device"":""cuda""}",0.925000,0.463052,compression,0.998546,"{""haze_fog"":0.046245,""rain"":3.6e-05,""snow"":0.43904,""low_light"":0.000575,""motion_blur"":0.0,""defocus_blur"":0.007361,""glare_flare"":0.000693,""vignetting"":0.117762,""sensor_noise"":1e-06,""exposure_shift"":0.859944,""compression"":0.998546,""lens_occlusion"":0.003894}","{""haze_fog"":0.046683,""rain"":0.092136,""snow"":0.074498,""low_light"":0.081556,""motion_blur"":0.005326,""defocus_blur"":0.018668,""glare_flare"":0.050763,""vignetting"":0.11111,""sensor_noise"":0.004199,""exposure_shift"":0.248096,""compression"":0.058948,""lens_occlusion"":0.084012}","[{""issue"":""compression"",""prob"":0.998546},{""issue"":""exposure_shift"",""prob"":0.859944},{""issue"":""snow"",""prob"":0.43904}]"
S05_rain_s2,S05,video_009,dev,corrupted,rain,2,s2,0.18,0,-1.0,sunny,day,parking_lot,moderate,30,1280x720,128,corrupted/rain/s2/S05_rain_s2.mp4,"{""mask_mean"":0.015569311566650867,""severity"":0.18,""alpha"":0.1158192837871896,""eta"":0.8802061067885184,""depth_separation_exp"":1.6,""density"":0.002198942134052876,""density_far"":0.0014293123871343696,""density_near"":0.0007696297469185066,""base_angle_deg"":82.58932960694236,""far_angle_deg"":85.75878491762433,""near_angle_deg"":80.81835589068528,""blur_sigma"":0.3746585220751477,""invert_depth"":false,""multilayer"":true,""rainy_tone"":true,""apply_rain_haze"":true,""rain_haze_strength"":0.056999999999999995,""apply_overcast_sky"":true,""overcast_mask_mean"":0.03615870326757431,""extra_desat"":0.010799999999999999,""patchiness"":true,""brightness_randomness"":false,""apply_visibility_blur"":false,""visibility_blur_sigma"":0.0,""device"":""cuda""}",0.830646,0.406538,compression,0.998854,"{""haze_fog"":0.065834,""rain"":5.7e-05,""snow"":0.67879,""low_light"":0.002814,""motion_blur"":0.0,""defocus_blur"":0.00505,""glare_flare"":0.000445,""vignetting"":0.123926,""sensor_noise"":6e-06,""exposure_shift"":0.862213,""compression"":0.998854,""lens_occlusion"":0.004595}","{""haze_fog"":0.045905,""rain"":0.107529,""snow"":0.112934,""low_light"":0.090392,""motion_blur"":0.003543,""defocus_blur"":0.016064,""glare_flare"":0.048525,""vignetting"":0.114222,""sensor_noise"":0.005268,""exposure_shift"":0.245312,""compression"":0.050949,""lens_occlusion"":0.077917}","[{""issue"":""compression"",""prob"":0.998854},{""issue"":""exposure_shift"",""prob"":0.862213},{""issue"":""snow"",""prob"":0.67879}]"
S05_rain_s3,S05,video_009,dev,corrupted,rain,3,s3,0.35,0,-1.0,sunny,day,parking_lot,moderate,30,1280x720,128,corrupted/rain/s3/S05_rain_s3.mp4,"{""mask_mean"":0.023525629192590714,""severity"":0.35,""alpha"":0.14409056095408587,""eta"":0.9661451545658397,""depth_separation_exp"":1.6,""density"":0.003231878877400268,""density_far"":0.0021007212703101743,""density_near"":0.0011311576070900937,""base_angle_deg"":75.38200466964952,""far_angle_deg"":82.48018791456832,""near_angle_deg"":81.82831948654002,""blur_sigma"":0.4915510401424153,""invert_depth"":false,""multilayer"":true,""rainy_tone"":true,""apply_rain_haze"":true,""rain_haze_strength"":0.08249999999999999,""apply_overcast_sky"":true,""overcast_mask_mean"":0.03615870326757431,""extra_desat"":0.020999999999999998,""patchiness"":true,""brightness_randomness"":false,""apply_visibility_blur"":false,""visibility_blur_sigma"":0.0,""device"":""cuda""}",0.668458,0.360735,compression,0.999659,"{""haze_fog"":0.150263,""rain"":0.00254,""snow"":0.393488,""low_light"":0.05578,""motion_blur"":0.0,""defocus_blur"":0.003324,""glare_flare"":0.000458,""vignetting"":0.112843,""sensor_noise"":0.001253,""exposure_shift"":0.878427,""compression"":0.999659,""lens_occlusion"":0.006008}","{""haze_fog"":0.043001,""rain"":0.150296,""snow"":0.170773,""low_light"":0.127842,""motion_blur"":0.002762,""defocus_blur"":0.013581,""glare_flare"":0.057125,""vignetting"":0.11401,""sensor_noise"":0.012955,""exposure_shift"":0.259641,""compression"":0.039751,""lens_occlusion"":0.065231}","[{""issue"":""compression"",""prob"":0.999659},{""issue"":""exposure_shift"",""prob"":0.878427},{""issue"":""snow"",""prob"":0.393488}]"
S05_rain_s4,S05,video_009,dev,corrupted,rain,4,s4,0.55,0,-1.0,sunny,day,parking_lot,moderate,30,1280x720,128,corrupted/rain/s4/S05_rain_s4.mp4,"{""mask_mean"":0.058924172073602676,""severity"":0.55,""alpha"":0.18727192769026405,""eta"":1.1910950656179362,""depth_separation_exp"":1.6,""density"":0.00513181645410307,""density_far"":0.0033356806951669957,""density_near"":0.0017961357589360745,""base_angle_deg"":85.66263368132377,""far_angle_deg"":85.07875566773183,""near_angle_deg"":93.01570724082201,""blur_sigma"":0.6088517273779741,""invert_depth"":false,""multilayer"":true,""rainy_tone"":true,""apply_rain_haze"":true,""rain_haze_strength"":0.1125,""apply_overcast_sky"":true,""overcast_mask_mean"":0.03615870326757431,""extra_desat"":0.033,""patchiness"":true,""brightness_randomness"":false,""apply_visibility_blur"":false,""visibility_blur_sigma"":0.0,""device"":""cuda""}",0.473973,0.278092,compression,0.999832,"{""haze_fog"":0.28411,""rain"":0.123709,""snow"":0.232784,""low_light"":0.215171,""motion_blur"":0.0,""defocus_blur"":0.002048,""glare_flare"":0.000499,""vignetting"":0.085777,""sensor_noise"":0.037172,""exposure_shift"":0.766431,""compression"":0.999832,""lens_occlusion"":0.006991}","{""haze_fog"":0.031643,""rain"":0.312193,""snow"":0.306597,""low_light"":0.158397,""motion_blur"":0.003127,""defocus_blur"":0.013787,""glare_flare"":0.05484,""vignetting"":0.098233,""sensor_noise"":0.019752,""exposure_shift"":0.237255,""compression"":0.031291,""lens_occlusion"":0.042589}","[{""issue"":""compression"",""prob"":0.999832},{""issue"":""exposure_shift"",""prob"":0.766431},{""issue"":""haze_fog"",""prob"":0.28411}]"
S05_rain_s5,S05,video_009,dev,corrupted,rain,5,s5,0.75,0,-1.0,sunny,day,parking_lot,moderate,30,1280x720,128,corrupted/rain/s5/S05_rain_s5.mp4,"{""mask_mean"":0.07080692797899246,""severity"":0.75,""alpha"":0.24624281572612547,""eta"":1.4813879663407306,""depth_separation_exp"":1.6,""density"":0.006702535489433998,""density_far"":0.004356648068132098,""density_near"":0.002345887421301899,""base_angle_deg"":79.48329202399816,""far_angle_deg"":75.52552860955028,""near_angle_deg"":78.79660249345075,""blur_sigma"":0.7062137985670996,""invert_depth"":false,""multilayer"":true,""rainy_tone"":true,""apply_rain_haze"":true,""rain_haze_strength"":0.1425,""apply_overcast_sky"":true,""overcast_mask_mean"":0.03615870326757431,""extra_desat"":0.045,""patchiness"":true,""brightness_randomness"":false,""apply_visibility_blur"":false,""visibility_blur_sigma"":0.0,""device"":""cuda""}",0.273573,0.204297,compression,0.999844,"{""haze_fog"":0.413961,""rain"":0.439689,""snow"":0.096545,""low_light"":0.273765,""motion_blur"":0.0,""defocus_blur"":0.001282,""glare_flare"":0.000168,""vignetting"":0.035533,""sensor_noise"":0.051601,""exposure_shift"":0.761051,""compression"":0.999844,""lens_occlusion"":0.006689}","{""haze_fog"":0.032059,""rain"":0.478394,""snow"":0.341498,""low_light"":0.163406,""motion_blur"":0.002878,""defocus_blur"":0.013554,""glare_flare"":0.060933,""vignetting"":0.097014,""sensor_noise"":0.019053,""exposure_shift"":0.247389,""compression"":0.026953,""lens_occlusion"":0.035089}","[{""issue"":""compression"",""prob"":0.999844},{""issue"":""exposure_shift"",""prob"":0.761051},{""issue"":""rain"",""prob"":0.439689},{""issue"":""haze_fog"",""prob"":0.413961},{""issue"":""low_light"",""prob"":0.273765}]"
S05_snow_s1,S05,video_009,dev,corrupted,snow,1,s1,0.08,0,-1.0,sunny,day,parking_lot,moderate,30,1280x720,128,corrupted/snow/s1/S05_snow_s1.mp4,"{""mask_mean"":0.008243576623499393,""severity"":0.08,""severity_scaled"":0.010606252855487957,""alpha"":0.10833759051064848,""eta"":0.7447719495596921,""depth_separation_exp"":1.4,""density"":0.0012178445578528124,""small_fraction"":0.5973484367861279,""medium_fraction"":0.3,""large_fraction"":0.10265156321387199,""small_density"":0.0007274775428818706,""medium_density"":0.0003653533673558437,""large_density"":0.00012501364761509796,""small_sigma"":0.6095456275699391,""medium_sigma"":1.4169700045687807,""large_sigma"":2.547728137849696,""invert_depth"":false,""apply_snow_haze"":true,""snow_haze_strength"":0.023818251027975666,""apply_overcast_sky"":true,""overcast_mask_mean"":0.03615870326757431,""patchiness"":true,""apply_visibility_blur"":false,""visibility_blur_sigma"":0.0,""device"":""cuda""}",0.918467,0.574546,compression,0.998871,"{""haze_fog"":0.107151,""rain"":7e-06,""snow"":9.6e-05,""low_light"":9.9e-05,""motion_blur"":0.0,""defocus_blur"":0.012203,""glare_flare"":0.000832,""vignetting"":0.173192,""sensor_noise"":0.0,""exposure_shift"":0.905536,""compression"":0.998871,""lens_occlusion"":0.004577}","{""haze_fog"":0.046611,""rain"":0.084547,""snow"":0.037812,""low_light"":0.062063,""motion_blur"":0.006706,""defocus_blur"":0.022542,""glare_flare"":0.045727,""vignetting"":0.100839,""sensor_noise"":0.002386,""exposure_shift"":0.260782,""compression"":0.053184,""lens_occlusion"":0.07077}","[{""issue"":""compression"",""prob"":0.998871},{""issue"":""exposure_shift"",""prob"":0.905536}]"
S05_snow_s2,S05,video_009,dev,corrupted,snow,2,s2,0.18,0,-1.0,sunny,day,parking_lot,moderate,30,1280x720,128,corrupted/snow/s2/S05_snow_s2.mp4,"{""mask_mean"":0.015329298563301563,""severity"":0.18,""severity_scaled"":0.04565522728706038,""alpha"":0.1193289532938237,""eta"":0.7487543837287594,""depth_separation_exp"":1.4,""density"":0.0018514206816358045,""small_fraction"":0.5885861931782348,""medium_fraction"":0.3,""large_fraction"":0.1114138068217651,""small_density"":0.0010897206509754708,""medium_density"":0.0005554262044907413,""large_density"":0.0002062738261695922,""small_sigma"":0.6410897045583543,""medium_sigma"":1.4730483636592966,""large_sigma"":2.7054485227917717,""invert_depth"":false,""apply_snow_haze"":true,""snow_haze_strength"":0.03643588182334174,""apply_overcast_sky"":true,""overcast_mask_mean"":0.03615870326757431,""patchiness"":true,""apply_visibility_blur"":false,""visibility_blur_sigma"":0.0,""device"":""cuda""}",0.816752,0.570097,compression,0.999116,"{""haze_fog"":0.120803,""rain"":7e-06,""snow"":0.000146,""low_light"":0.000133,""motion_blur"":0.0,""defocus_blur"":0.011493,""glare_flare"":0.000624,""vignetting"":0.176771,""sensor_noise"":0.0,""exposure_shift"":0.916557,""compression"":0.999116,""lens_occlusion"":0.003979}","{""haze_fog"":0.046875,""rain"":0.085737,""snow"":0.040732,""low_light"":0.063422,""motion_blur"":0.006408,""defocus_blur"":0.021965,""glare_flare"":0.04412,""vignetting"":0.102321,""sensor_noise"":0.002716,""exposure_shift"":0.2635,""compression"":0.052856,""lens_occlusion"":0.070077}","[{""issue"":""compression"",""prob"":0.999116},{""issue"":""exposure_shift"",""prob"":0.916557}]"
S05_snow_s3,S05,video_009,dev,corrupted,snow,3,s3,0.35,0,-1.0,sunny,day,parking_lot,moderate,30,1280x720,128,corrupted/snow/s3/S05_snow_s3.mp4,"{""mask_mean"":0.026507766917347908,""severity"":0.35,""severity_scaled"":0.15112018613329828,""alpha"":0.1628450395174488,""eta"":0.8932324108488401,""depth_separation_exp"":1.4,""density"":0.003846840971686773,""small_fraction"":0.5622199534666754,""medium_fraction"":0.3,""large_fraction"":0.13778004653332457,""small_density"":0.002162770752095438,""medium_density"":0.0011540522915060318,""large_density"":0.0005300179280853031,""small_sigma"":0.7360081675199684,""medium_sigma"":1.6417922978132773,""large_sigma"":3.1800408375998424,""invert_depth"":false,""apply_snow_haze"":true,""snow_haze_strength"":0.07440326700798738,""apply_overcast_sky"":true,""overcast_mask_mean"":0.03615870326757431,""patchiness"":true,""apply_visibility_blur"":false,""visibility_blur_sigma"":0.0,""device"":""cuda""}",0.644424,0.552814,compression,0.999303,"{""haze_fog"":0.119919,""rain"":2.7e-05,""snow"":0.000548,""low_light"":0.000184,""motion_blur"":0.0,""defocus_blur"":0.009865,""glare_flare"":0.00071,""vignetting"":0.12946,""sensor_noise"":2e-06,""exposure_shift"":0.97061,""compression"":0.999303,""lens_occlusion"":0.005032}","{""haze_fog"":0.044973,""rain"":0.102395,""snow"":0.05494,""low_light"":0.068971,""motion_blur"":0.006135,""defocus_blur"":0.022019,""glare_flare"":0.045795,""vignetting"":0.097828,""sensor_noise"":0.004188,""exposure_shift"":0.29195,""compression"":0.053055,""lens_occlusion"":0.067379}","[{""issue"":""compression"",""prob"":0.999303},{""issue"":""exposure_shift"",""prob"":0.97061}]"
S05_snow_s4,S05,video_009,dev,corrupted,snow,4,s4,0.55,0,-1.0,sunny,day,parking_lot,moderate,30,1280x720,128,corrupted/snow/s4/S05_snow_s4.mp4,"{""mask_mean"":0.06773652881383896,""severity"":0.55,""severity_scaled"":0.34092028363462246,""alpha"":0.25807750224103004,""eta"":1.0271200970895318,""depth_separation_exp"":1.4,""density"":0.007846852028934098,""small_fraction"":0.5147699290913443,""medium_fraction"":0.3,""large_fraction"":0.18523007090865562,""small_density"":0.004039323462524677,""medium_density"":0.0023540556086802293,""large_density"":0.0014534729577291912,""small_sigma"":0.9068282552711602,""medium_sigma"":1.945472453815396,""large_sigma"":4.034141276355801,""invert_depth"":false,""apply_snow_haze"":true,""snow_haze_strength"":0.14273130210846408,""apply_overcast_sky"":true,""overcast_mask_mean"":0.03615870326757431,""patchiness"":true,""apply_visibility_blur"":false,""visibility_blur_sigma"":0.0,""device"":""cuda""}",0.442871,0.499621,compression,0.999529,"{""haze_fog"":0.117071,""rain"":2.8e-05,""snow"":0.026927,""low_light"":0.000416,""motion_blur"":0.0,""defocus_blur"":0.006078,""glare_flare"":0.000321,""vignetting"":0.097338,""sensor_noise"":0.000131,""exposure_shift"":0.986752,""compression"":0.999529,""lens_occlusion"":0.005}","{""haze_fog"":0.04089,""rain"":0.127494,""snow"":0.100346,""low_light"":0.080078,""motion_blur"":0.004036,""defocus_blur"":0.018201,""glare_flare"":0.046893,""vignetting"":0.095102,""sensor_noise"":0.009431,""exposure_shift"":0.313259,""compression"":0.047107,""lens_occlusion"":0.06259}","[{""issue"":""compression"",""prob"":0.999529},{""issue"":""exposure_shift"",""prob"":0.986752}]"
S05_snow_s5,S05,video_009,dev,corrupted,snow,5,s5,0.75,0,-1.0,sunny,day,parking_lot,moderate,30,1280x720,128,corrupted/snow/s5/S05_snow_s5.mp4,"{""mask_mean"":0.14640206098556519,""severity"":0.75,""severity_scaled"":0.5958134105899568,""alpha"":0.3526286800153966,""eta"":1.4062769152961505,""depth_separation_exp"":1.4,""density"":0.011772467538864849,""small_fraction"":0.45104664735251077,""medium_fraction"":0.3,""large_fraction"":0.2489533526474892,""small_density"":0.005309932014471254,""medium_density"":0.0035317402616594543,""large_density"":0.00293079526273414,""small_sigma"":1.1362320695309611,""medium_sigma"":2.353301456943931,""large_sigma"":5.181160347654806,""invert_depth"":false,""apply_snow_haze"":true,""snow_haze_strength"":0.23449282781238445,""apply_overcast_sky"":true,""overcast_mask_mean"":0.03615870326757431,""patchiness"":true,""apply_visibility_blur"":false,""visibility_blur_sigma"":0.0,""device"":""cuda""}",0.243164,0.413227,compression,0.999568,"{""haze_fog"":0.243738,""rain"":4e-05,""snow"":0.424246,""low_light"":0.000364,""motion_blur"":0.0,""defocus_blur"":0.003324,""glare_flare"":0.000251,""vignetting"":0.077363,""sensor_noise"":0.002506,""exposure_shift"":0.988712,""compression"":0.999568,""lens_occlusion"":0.007568}","{""haze_fog"":0.04147,""rain"":0.156895,""snow"":0.215787,""low_light"":0.085298,""motion_blur"":0.003378,""defocus_blur"":0.015065,""glare_flare"":0.053771,""vignetting"":0.104405,""sensor_noise"":0.01487,""exposure_shift"":0.308074,""compression"":0.036622,""lens_occlusion"":0.061655}","[{""issue"":""compression"",""prob"":0.999568},{""issue"":""exposure_shift"",""prob"":0.988712},{""issue"":""snow"",""prob"":0.424246}]"
S05_glare_flare_s1,S05,video_009,dev,corrupted,glare_flare,1,s1,0.08,0,-1.0,sunny,day,parking_lot,moderate,30,1280x720,128,corrupted/glare_flare/s1/S05_glare_flare_s1.mp4,"{""severity"":0.08,""severity_scaled"":0.02262741699796952,""bright_thresh"":0.8161533391103452,""bloom_strength"":0.09289762768884263,""streak_enabled"":true,""streak_angle_deg"":17.14163474499638,""ghosts_enabled"":true,""ghost_count"":1,""flare_mean"":0.01798883266746998,""device"":""cuda""}",0.889636,0.527020,compression,0.998499,"{""haze_fog"":0.116928,""rain"":0.0,""snow"":0.138101,""low_light"":5.1e-05,""motion_blur"":0.0,""defocus_blur"":0.016062,""glare_flare"":0.213429,""vignetting"":0.314208,""sensor_noise"":0.0,""exposure_shift"":0.61335,""compression"":0.998499,""lens_occlusion"":0.00607}","{""haze_fog"":0.04645,""rain"":0.058136,""snow"":0.0261,""low_light"":0.04854,""motion_blur"":0.012605,""defocus_blur"":0.025489,""glare_flare"":0.103384,""vignetting"":0.131746,""sensor_noise"":0.002602,""exposure_shift"":0.111946,""compression"":0.065454,""lens_occlusion"":0.092869}","[{""issue"":""compression"",""prob"":0.998499},{""issue"":""exposure_shift"",""prob"":0.61335},{""issue"":""vignetting"",""prob"":0.314208}]"
S05_glare_flare_s2,S05,video_009,dev,corrupted,glare_flare,2,s2,0.18,0,-1.0,sunny,day,parking_lot,moderate,30,1280x720,128,corrupted/glare_flare/s2/S05_glare_flare_s2.mp4,"{""severity"":0.18,""severity_scaled"":0.07636753236814713,""bright_thresh"":0.807017519497415,""bloom_strength"":0.12352949344984387,""streak_enabled"":true,""streak_angle_deg"":10.920004105764058,""ghosts_enabled"":true,""ghost_count"":1,""flare_mean"":0.027050578966736794,""device"":""cuda""}",0.757049,0.500239,compression,0.998617,"{""haze_fog"":0.141086,""rain"":1e-06,""snow"":0.232661,""low_light"":2.5e-05,""motion_blur"":0.0,""defocus_blur"":0.015106,""glare_flare"":0.209227,""vignetting"":0.281254,""sensor_noise"":0.0,""exposure_shift"":0.572297,""compression"":0.998617,""lens_occlusion"":0.006687}","{""haze_fog"":0.048043,""rain"":0.063004,""snow"":0.028445,""low_light"":0.043092,""motion_blur"":0.012625,""defocus_blur"":0.025421,""glare_flare"":0.120829,""vignetting"":0.144552,""sensor_noise"":0.002631,""exposure_shift"":0.112255,""compression"":0.061071,""lens_occlusion"":0.097181}","[{""issue"":""compression"",""prob"":0.998617},{""issue"":""exposure_shift"",""prob"":0.572297},{""issue"":""vignetting"",""prob"":0.281254}]"
S05_glare_flare_s3,S05,video_009,dev,corrupted,glare_flare,3,s3,0.35,0,-1.0,sunny,day,parking_lot,moderate,30,1280x720,128,corrupted/glare_flare/s3/S05_glare_flare_s3.mp4,"{""severity"":0.35,""severity_scaled"":0.20706279240848655,""bright_thresh"":0.7847993252905573,""bloom_strength"":0.19802579167283735,""streak_enabled"":true,""streak_angle_deg"":3.17631598070459,""ghosts_enabled"":true,""ghost_count"":2,""flare_mean"":0.05828484520316124,""device"":""cuda""}",0.546526,0.428263,compression,0.999537,"{""haze_fog"":0.212514,""rain"":1.3e-05,""snow"":0.170205,""low_light"":5.3e-05,""motion_blur"":0.0,""defocus_blur"":0.012445,""glare_flare"":0.403044,""vignetting"":0.256856,""sensor_noise"":0.0,""exposure_shift"":0.606346,""compression"":0.999537,""lens_occlusion"":0.006853}","{""haze_fog"":0.054714,""rain"":0.090117,""snow"":0.041961,""low_light"":0.041581,""motion_blur"":0.012647,""defocus_blur"":0.024,""glare_flare"":0.187909,""vignetting"":0.165439,""sensor_noise"":0.003582,""exposure_shift"":0.123667,""compression"":0.053764,""lens_occlusion"":0.100848}","[{""issue"":""compression"",""prob"":0.999537},{""issue"":""exposure_shift"",""prob"":0.606346},{""issue"":""glare_flare"",""prob"":0.403044},{""issue"":""vignetting"",""prob"":0.256856}]"
S05_glare_flare_s4,S05,video_009,dev,corrupted,glare_flare,4,s4,0.55,0,-1.0,sunny,day,parking_lot,moderate,30,1280x720,128,corrupted/glare_flare/s4/S05_glare_flare_s4.mp4,"{""severity"":0.55,""severity_scaled"":0.4078909167902615,""bright_thresh"":0.7506585441456555,""bloom_strength"":0.3124978225704491,""streak_enabled"":true,""streak_angle_deg"":15.925857368999402,""ghosts_enabled"":true,""ghost_count"":3,""flare_mean"":0.13305924832820892,""device"":""cuda""}",0.326310,0.331948,compression,0.999861,"{""haze_fog"":0.387212,""rain"":0.000245,""snow"":0.236665,""low_light"":0.000689,""motion_blur"":0.0,""defocus_blur"":0.010153,""glare_flare"":0.677698,""vignetting"":0.184533,""sensor_noise"":1e-06,""exposure_shift"":0.758761,""compression"":0.999861,""lens_occlusion"":0.005211}","{""haze_fog"":0.085229,""rain"":0.124834,""snow"":0.050184,""low_light"":0.043421,""motion_blur"":0.013583,""defocus_blur"":0.024305,""glare_flare"":0.350314,""vignetting"":0.154942,""sensor_noise"":0.008064,""exposure_shift"":0.183602,""compression"":0.045959,""lens_occlusion"":0.104722}","[{""issue"":""compression"",""prob"":0.999861},{""issue"":""exposure_shift"",""prob"":0.758761},{""issue"":""glare_flare"",""prob"":0.677698},{""issue"":""haze_fog"",""prob"":0.387212}]"
S05_glare_flare_s5,S05,video_009,dev,corrupted,glare_flare,5,s5,0.75,0,-1.0,sunny,day,parking_lot,moderate,30,1280x720,128,corrupted/glare_flare/s5/S05_glare_flare_s5.mp4,"{""severity"":0.75,""severity_scaled"":0.649519052838329,""bright_thresh"":0.709581761017484,""bloom_strength"":0.4502258601178476,""streak_enabled"":true,""streak_angle_deg"":3.6149909811032117,""ghosts_enabled"":true,""ghost_count"":4,""flare_mean"":0.2537834644317627,""device"":""cuda""}",0.143091,0.177702,compression,0.999798,"{""haze_fog"":0.668137,""rain"":0.001291,""snow"":0.324929,""low_light"":1.8e-05,""motion_blur"":0.0,""defocus_blur"":0.009449,""glare_flare"":0.8598,""vignetting"":0.220546,""sensor_noise"":8e-06,""exposure_shift"":0.74866,""compression"":0.999798,""lens_occlusion"":0.005064}","{""haze_fog"":0.176761,""rain"":0.135081,""snow"":0.053421,""low_light"":0.051172,""motion_blur"":0.017947,""defocus_blur"":0.029918,""glare_flare"":0.60604,""vignetting"":0.213559,""sensor_noise"":0.023641,""exposure_shift"":0.253843,""compression"":0.044641,""lens_occlusion"":0.127714}","[{""issue"":""compression"",""prob"":0.999798},{""issue"":""glare_flare"",""prob"":0.8598},{""issue"":""exposure_shift"",""prob"":0.74866},{""issue"":""haze_fog"",""prob"":0.668137},{""issue"":""snow"",""prob"":0.324929}]"
S05_motion_blur_s1,S05,video_009,dev,corrupted,motion_blur,1,s1,0.08,0,-1.0,sunny,day,parking_lot,moderate,30,1280x720,128,corrupted/motion_blur/s1/S05_motion_blur_s1.mp4,"{""severity"":0.08,""ksize"":11,""n_points"":11,""accel"":0.06775528289223999,""linear"":true,""psf_smooth_sigma"":0.08817002765542507}",0.896599,0.385352,compression,0.999009,"{""haze_fog"":0.213182,""rain"":2.3e-05,""snow"":0.000417,""low_light"":0.0,""motion_blur"":0.298765,""defocus_blur"":0.033562,""glare_flare"":0.004078,""vignetting"":0.397561,""sensor_noise"":0.000222,""exposure_shift"":0.470168,""compression"":0.999009,""lens_occlusion"":0.011219}","{""haze_fog"":0.142477,""rain"":0.134062,""snow"":0.066115,""low_light"":0.058261,""motion_blur"":0.104869,""defocus_blur"":0.109686,""glare_flare"":0.092026,""vignetting"":0.086065,""sensor_noise"":0.018746,""exposure_shift"":0.172567,""compression"":0.371395,""lens_occlusion"":0.119579}","[{""issue"":""compression"",""prob"":0.999009},{""issue"":""exposure_shift"",""prob"":0.470168},{""issue"":""vignetting"",""prob"":0.397561},{""issue"":""motion_blur"",""prob"":0.298765}]"
S05_motion_blur_s2,S05,video_009,dev,corrupted,motion_blur,2,s2,0.18,0,-1.0,sunny,day,parking_lot,moderate,30,1280x720,128,corrupted/motion_blur/s2/S05_motion_blur_s2.mp4,"{""severity"":0.18,""ksize"":13,""n_points"":14,""accel"":0.15245441128121556,""linear"":true,""psf_smooth_sigma"":0.21357863398527313}",0.771227,0.346157,compression,0.999168,"{""haze_fog"":0.158247,""rain"":0.00018,""snow"":0.000219,""low_light"":0.0,""motion_blur"":0.387095,""defocus_blur"":0.032468,""glare_flare"":0.038874,""vignetting"":0.343478,""sensor_noise"":0.000259,""exposure_shift"":0.273014,""compression"":0.999168,""lens_occlusion"":0.010514}","{""haze_fog"":0.139668,""rain"":0.160266,""snow"":0.075716,""low_light"":0.040974,""motion_blur"":0.115231,""defocus_blur"":0.111861,""glare_flare"":0.11973,""vignetting"":0.086859,""sensor_noise"":0.018797,""exposure_shift"":0.144279,""compression"":0.392489,""lens_occlusion"":0.122135}","[{""issue"":""compression"",""prob"":0.999168},{""issue"":""motion_blur"",""prob"":0.387095},{""issue"":""vignetting"",""prob"":0.343478},{""issue"":""exposure_shift"",""prob"":0.273014}]"
S05_motion_blur_s3,S05,video_009,dev,corrupted,motion_blur,3,s3,0.35,0,-1.0,sunny,day,parking_lot,moderate,30,1280x720,128,corrupted/motion_blur/s3/S05_motion_blur_s3.mp4,"{""severity"":0.35,""ksize"":19,""n_points"":19,""accel"":0.25201683510810174,""linear"":false,""psf_smooth_sigma"":0.4368043172294305}",0.568989,0.213998,compression,0.998046,"{""haze_fog"":0.158076,""rain"":4.8e-05,""snow"":0.000219,""low_light"":0.0,""motion_blur"":0.910407,""defocus_blur"":0.041488,""glare_flare"":0.055928,""vignetting"":0.334133,""sensor_noise"":9.1e-05,""exposure_shift"":0.42473,""compression"":0.998046,""lens_occlusion"":0.017057}","{""haze_fog"":0.156625,""rain"":0.180487,""snow"":0.097371,""low_light"":0.050853,""motion_blur"":0.197763,""defocus_blur"":0.140075,""glare_flare"":0.1518,""vignetting"":0.08356,""sensor_noise"":0.025699,""exposure_shift"":0.18753,""compression"":0.460305,""lens_occlusion"":0.13712}","[{""issue"":""compression"",""prob"":0.998046},{""issue"":""motion_blur"",""prob"":0.910407},{""issue"":""exposure_shift"",""prob"":0.42473},{""issue"":""vignetting"",""prob"":0.334133}]"
S05_motion_blur_s4,S05,video_009,dev,corrupted,motion_blur,4,s4,0.55,0,-1.0,sunny,day,parking_lot,moderate,30,1280x720,128,corrupted/motion_blur/s4/S05_motion_blur_s4.mp4,"{""severity"":0.55,""ksize"":27,""n_points"":26,""accel"":0.4516547208761915,""linear"":true,""psf_smooth_sigma"":0.7180494859104043}",0.351605,0.094793,motion_blur,0.998061,"{""haze_fog"":0.247083,""rain"":2.3e-05,""snow"":0.000102,""low_light"":0.0,""motion_blur"":0.998061,""defocus_blur"":0.042142,""glare_flare"":0.144654,""vignetting"":0.417344,""sensor_noise"":0.001018,""exposure_shift"":0.383133,""compression"":0.997877,""lens_occlusion"":0.026047}","{""haze_fog"":0.165583,""rain"":0.197495,""snow"":0.100398,""low_light"":0.072952,""motion_blur"":0.355576,""defocus_blur"":0.138809,""glare_flare"":0.200072,""vignetting"":0.096395,""sensor_noise"":0.040418,""exposure_shift"":0.212806,""compression"":0.553264,""lens_occlusion"":0.157663}","[{""issue"":""motion_blur"",""prob"":0.998061},{""issue"":""compression"",""prob"":0.997877},{""issue"":""vignetting"",""prob"":0.417344},{""issue"":""exposure_shift"",""prob"":0.383133}]"
S05_motion_blur_s5,S05,video_009,dev,corrupted,motion_blur,5,s5,0.75,0,-1.0,sunny,day,parking_lot,moderate,30,1280x720,128,corrupted/motion_blur/s5/S05_motion_blur_s5.mp4,"{""severity"":0.75,""ksize"":33,""n_points"":32,""accel"":0.6242602024104437,""linear"":true,""psf_smooth_sigma"":0.8238534075132854}",0.162893,0.063017,motion_blur,0.998942,"{""haze_fog"":0.228275,""rain"":2.6e-05,""snow"":0.001442,""low_light"":0.0,""motion_blur"":0.998942,""defocus_blur"":0.060557,""glare_flare"":0.085941,""vignetting"":0.438981,""sensor_noise"":0.000108,""exposure_shift"":0.314704,""compression"":0.997622,""lens_occlusion"":0.022278}","{""haze_fog"":0.183675,""rain"":0.232441,""snow"":0.151591,""low_light"":0.07798,""motion_blur"":0.436481,""defocus_blur"":0.183225,""glare_flare"":0.210953,""vignetting"":0.119989,""sensor_noise"":0.032551,""exposure_shift"":0.232936,""compression"":0.656302,""lens_occlusion"":0.15207}","[{""issue"":""motion_blur"",""prob"":0.998942},{""issue"":""compression"",""prob"":0.997622},{""issue"":""vignetting"",""prob"":0.438981},{""issue"":""exposure_shift"",""prob"":0.314704}]"
S05_defocus_blur_s1,S05,video_009,dev,corrupted,defocus_blur,1,s1,0.08,0,-1.0,sunny,day,parking_lot,moderate,30,1280x720,128,corrupted/defocus_blur/s1/S05_defocus_blur_s1.mp4,"{""severity"":0.08,""sigma_max_eff"":2.4,""d_f"":0.7138914465904236,""invert_depth"":true,""n_layers"":16}",0.896599,0.574171,compression,0.998878,"{""haze_fog"":0.078352,""rain"":3e-06,""snow"":4e-05,""low_light"":9.7e-05,""motion_blur"":0.0,""defocus_blur"":0.014306,""glare_flare"":0.002298,""vignetting"":0.285926,""sensor_noise"":0.0,""exposure_shift"":0.808913,""compression"":0.998878,""lens_occlusion"":0.004451}","{""haze_fog"":0.045645,""rain"":0.076313,""snow"":0.033893,""low_light"":0.061119,""motion_blur"":0.007086,""defocus_blur"":0.021913,""glare_flare"":0.051283,""vignetting"":0.108221,""sensor_noise"":0.001503,""exposure_shift"":0.188337,""compression"":0.052435,""lens_occlusion"":0.075718}","[{""issue"":""compression"",""prob"":0.998878},{""issue"":""exposure_shift"",""prob"":0.808913},{""issue"":""vignetting"",""prob"":0.285926}]"
S05_defocus_blur_s2,S05,video_009,dev,corrupted,defocus_blur,2,s2,0.18,0,-1.0,sunny,day,parking_lot,moderate,30,1280x720,128,corrupted/defocus_blur/s2/S05_defocus_blur_s2.mp4,"{""severity"":0.18,""sigma_max_eff"":5.3999999999999995,""d_f"":0.7138914465904236,""invert_depth"":true,""n_layers"":16}",0.771227,0.574427,compression,0.998874,"{""haze_fog"":0.078388,""rain"":3e-06,""snow"":4e-05,""low_light"":9.8e-05,""motion_blur"":0.0,""defocus_blur"":0.0143,""glare_flare"":0.002302,""vignetting"":0.286712,""sensor_noise"":0.0,""exposure_shift"":0.808926,""compression"":0.998874,""lens_occlusion"":0.00445}","{""haze_fog"":0.045635,""rain"":0.076307,""snow"":0.033898,""low_light"":0.061095,""motion_blur"":0.00708,""defocus_blur"":0.021906,""glare_flare"":0.051277,""vignetting"":0.108346,""sensor_noise"":0.001503,""exposure_shift"":0.188278,""compression"":0.052418,""lens_occlusion"":0.075695}","[{""issue"":""compression"",""prob"":0.998874},{""issue"":""exposure_shift"",""prob"":0.808926},{""issue"":""vignetting"",""prob"":0.286712}]"
S05_defocus_blur_s3,S05,video_009,dev,corrupted,defocus_blur,3,s3,0.35,0,-1.0,sunny,day,parking_lot,moderate,30,1280x720,128,corrupted/defocus_blur/s3/S05_defocus_blur_s3.mp4,"{""severity"":0.35,""sigma_max_eff"":10.5,""d_f"":0.7138914465904236,""invert_depth"":true,""n_layers"":16}",0.568989,0.578257,compression,0.998896,"{""haze_fog"":0.076457,""rain"":3e-06,""snow"":4.1e-05,""low_light"":5.2e-05,""motion_blur"":0.0,""defocus_blur"":0.014352,""glare_flare"":0.002828,""vignetting"":0.288105,""sensor_noise"":0.0,""exposure_shift"":0.80709,""compression"":0.998896,""lens_occlusion"":0.004282}","{""haze_fog"":0.045627,""rain"":0.076777,""snow"":0.033775,""low_light"":0.058617,""motion_blur"":0.007413,""defocus_blur"":0.02242,""glare_flare"":0.051926,""vignetting"":0.108137,""sensor_noise"":0.001511,""exposure_shift"":0.187668,""compression"":0.0539,""lens_occlusion"":0.074675}","[{""issue"":""compression"",""prob"":0.998896},{""issue"":""exposure_shift"",""prob"":0.80709},{""issue"":""vignetting"",""prob"":0.288105}]"
S05_defocus_blur_s4,S05,video_009,dev,corrupted,defocus_blur,4,s4,0.55,0,-1.0,sunny,day,parking_lot,moderate,30,1280x720,128,corrupted/defocus_blur/s4/S05_defocus_blur_s4.mp4,"{""severity"":0.55,""sigma_max_eff"":16.5,""d_f"":0.7138914465904236,""invert_depth"":true,""n_layers"":16}",0.351605,0.584330,compression,0.999655,"{""haze_fog"":0.108177,""rain"":8e-06,""snow"":5.8e-05,""low_light"":2e-06,""motion_blur"":0.0,""defocus_blur"":0.014188,""glare_flare"":0.026345,""vignetting"":0.306225,""sensor_noise"":0.0,""exposure_shift"":0.759752,""compression"":0.999655,""lens_occlusion"":0.004609}","{""haze_fog"":0.05904,""rain"":0.098605,""snow"":0.036298,""low_light"":0.051255,""motion_blur"":0.012132,""defocus_blur"":0.028714,""glare_flare"":0.065247,""vignetting"":0.097538,""sensor_noise"":0.002926,""exposure_shift"":0.149874,""compression"":0.075483,""lens_occlusion"":0.076134}","[{""issue"":""compression"",""prob"":0.999655},{""issue"":""exposure_shift"",""prob"":0.759752},{""issue"":""vignetting"",""prob"":0.306225}]"
S05_defocus_blur_s5,S05,video_009,dev,corrupted,defocus_blur,5,s5,0.75,0,-1.0,sunny,day,parking_lot,moderate,30,1280x720,128,corrupted/defocus_blur/s5/S05_defocus_blur_s5.mp4,"{""severity"":0.75,""sigma_max_eff"":22.5,""d_f"":0.7138914465904236,""invert_depth"":true,""n_layers"":16}",0.162893,0.565934,compression,0.999734,"{""haze_fog"":0.191084,""rain"":2.9e-05,""snow"":0.000484,""low_light"":0.0,""motion_blur"":6e-06,""defocus_blur"":0.016994,""glare_flare"":0.042044,""vignetting"":0.341346,""sensor_noise"":9e-06,""exposure_shift"":0.603036,""compression"":0.999734,""lens_occlusion"":0.00521}","{""haze_fog"":0.085247,""rain"":0.130688,""snow"":0.04827,""low_light"":0.038417,""motion_blur"":0.020591,""defocus_blur"":0.048819,""glare_flare"":0.065155,""vignetting"":0.085339,""sensor_noise"":0.007287,""exposure_shift"":0.126209,""compression"":0.148491,""lens_occlusion"":0.077956}","[{""issue"":""compression"",""prob"":0.999734},{""issue"":""exposure_shift"",""prob"":0.603036},{""issue"":""vignetting"",""prob"":0.341346}]"
S05_lens_occlusion_s1,S05,video_009,dev,corrupted,lens_occlusion,1,s1,0.08,0,-1.0,sunny,day,parking_lot,moderate,30,1280x720,128,corrupted/lens_occlusion/s1/S05_lens_occlusion_s1.mp4,"{""severity"":0.08,""n_blobs"":9,""target_coverage"":0.08683796394240399,""coverage_reached"":0.08892469618055555,""blobs"":[{""cx"":702.135875872393,""cy"":184.33866909029229,""R_px"":64.29067403052414,""k"":0.328868952068329,""alpha_strength"":0.4586357001596108},{""cx"":608.7706833125078,""cy"":480.11042227758253,""R_px"":61.393809942363625,""k"":0.3402157066617174,""alpha_strength"":0.46955302929415355},{""cx"":363.31622320135426,""cy"":315.4055593382339,""R_px"":55.44052705201846,""k"":0.2955752172930806,""alpha_strength"":0.46151078315895305},{""cx"":961.7497904574963,""cy"":275.7525495488197,""R_px"":53.761791764384476,""k"":0.3500793832537337,""alpha_strength"":0.465205176312336},{""cx"":400.7692954676088,""cy"":314.2989668407981,""R_px"":65.62846949334497,""k"":0.34894296474167147,""alpha_strength"":0.5042718828386115},{""cx"":757.8488127986267,""cy"":264.66931360764164,""R_px"":65.94889472069266,""k"":0.36532440099086266,""alpha_strength"":0.482033087159191},{""cx"":666.2719863993328,""cy"":215.5734578658505,""R_px"":55.124518366673705,""k"":0.3414176377783769,""alpha_strength"":0.4725234055623718},{""cx"":585.2703241166213,""cy"":118.2262419491984,""R_px"":56.48021392228316,""k"":0.3152187189145135,""alpha_strength"":0.4921170427543866},{""cx"":400.64466163901966,""cy"":591.8299279015307,""R_px"":68.38698174430512,""k"":0.34246556121031135,""alpha_strength"":0.4773455939990052}]}",0.877737,0.522116,compression,0.998982,"{""haze_fog"":0.06216,""rain"":6e-06,""snow"":2.6e-05,""low_light"":6e-06,""motion_blur"":0.0,""defocus_blur"":0.013225,""glare_flare"":0.00324,""vignetting"":0.302864,""sensor_noise"":0.0,""exposure_shift"":0.787792,""compression"":0.998982,""lens_occlusion"":0.205952}","{""haze_fog"":0.051082,""rain"":0.079132,""snow"":0.033914,""low_light"":0.053231,""motion_blur"":0.00872,""defocus_blur"":0.021302,""glare_flare"":0.060333,""vignetting"":0.103596,""sensor_noise"":0.001513,""exposure_shift"":0.174616,""compression"":0.057374,""lens_occlusion"":0.112239}","[{""issue"":""compression"",""prob"":0.998982},{""issue"":""exposure_shift"",""prob"":0.787792},{""issue"":""vignetting"",""prob"":0.302864}]"
S05_lens_occlusion_s2,S05,video_009,dev,corrupted,lens_occlusion,2,s2,0.18,0,-1.0,sunny,day,parking_lot,moderate,30,1280x720,128,corrupted/lens_occlusion/s2/S05_lens_occlusion_s2.mp4,"{""severity"":0.18,""n_blobs"":8,""target_coverage"":0.12819608774757496,""coverage_reached"":0.14081163194444443,""blobs"":[{""cx"":835.3729514054941,""cy"":199.67168725506014,""R_px"":75.01754479200332,""k"":0.42387804420261593,""alpha_strength"":0.5592443550783185},{""cx"":493.1717244163384,""cy"":276.9988546658518,""R_px"":84.87792910928529,""k"":0.3966129358832074,""alpha_strength"":0.5512619014365083},{""cx"":223.7228816174225,""cy"":101.65455994161432,""R_px"":84.8132823242873,""k"":0.3613543140665689,""alpha_strength"":0.5481878729827366},{""cx"":464.7198293191683,""cy"":515.1155065033553,""R_px"":66.9422875761773,""k"":0.3464642454979009,""alpha_strength"":0.5025030371564922},{""cx"":257.04140114892255,""cy"":603.3690767408226,""R_px"":74.31972722524502,""k"":0.35100289619053765,""alpha_strength"":0.5119169262110322},{""cx"":1125.56500442246,""cy"":367.1428481543699,""R_px"":66.55758445221261,""k"":0.45586416294562015,""alpha_strength"":0.5150820367986305},{""cx"":717.8470833480759,""cy"":616.2886174911599,""R_px"":80.93709994764143,""k"":0.3994688763863711,""alpha_strength"":0.5177863692649883},{""cx"":687.7633943323564,""cy"":241.32984603916154,""R_px"":69.16085909862969,""k"":0.379973776088493,""alpha_strength"":0.49103743938936667}]}",0.733170,0.501088,compression,0.999191,"{""haze_fog"":0.091621,""rain"":6e-06,""snow"":2.1e-05,""low_light"":2e-06,""motion_blur"":0.0,""defocus_blur"":0.014721,""glare_flare"":0.00534,""vignetting"":0.29057,""sensor_noise"":0.0,""exposure_shift"":0.815755,""compression"":0.999191,""lens_occlusion"":0.132065}","{""haze_fog"":0.054071,""rain"":0.083545,""snow"":0.033581,""low_light"":0.047879,""motion_blur"":0.009407,""defocus_blur"":0.023141,""glare_flare"":0.069951,""vignetting"":0.107204,""sensor_noise"":0.001584,""exposure_shift"":0.180737,""compression"":0.061131,""lens_occlusion"":0.111125}","[{""issue"":""compression"",""prob"":0.999191},{""issue"":""exposure_shift"",""prob"":0.815755},{""issue"":""vignetting"",""prob"":0.29057}]"
S05_lens_occlusion_s3,S05,video_009,dev,corrupted,lens_occlusion,3,s3,0.35,0,-1.0,sunny,day,parking_lot,moderate,30,1280x720,128,corrupted/lens_occlusion/s3/S05_lens_occlusion_s3.mp4,"{""severity"":0.35,""n_blobs"":5,""target_coverage"":0.20651238262623056,""coverage_reached"":0.21531792534722222,""blobs"":[{""cx"":160.40692411213658,""cy"":321.629827021228,""R_px"":98.70345052844876,""k"":0.494250876880439,""alpha_strength"":0.6450656112380756},{""cx"":829.9318359239891,""cy"":100.90764415200408,""R_px"":113.24630130599348,""k"":0.47860130369366316,""alpha_strength"":0.6065818901448977},{""cx"":584.2494237101301,""cy"":450.46558616695535,""R_px"":128.81292584842095,""k"":0.539018495987796,""alpha_strength"":0.6473995570220697},{""cx"":947.101807559941,""cy"":289.96447734997344,""R_px"":127.4565605290369,""k"":0.5235711940520218,""alpha_strength"":0.5971116207983405},{""cx"":526.4431025820393,""cy"":238.16852200298752,""R_px"":120.90948488181591,""k"":0.6029376700361877,""alpha_strength"":0.5774325942836167}]}",0.509796,0.487496,compression,0.999300,"{""haze_fog"":0.141435,""rain"":2.7e-05,""snow"":1.6e-05,""low_light"":0.0,""motion_blur"":0.0,""defocus_blur"":0.018503,""glare_flare"":0.008269,""vignetting"":0.230332,""sensor_noise"":0.0,""exposure_shift"":0.83381,""compression"":0.9993,""lens_occlusion"":0.195157}","{""haze_fog"":0.069059,""rain"":0.092581,""snow"":0.03076,""low_light"":0.038973,""motion_blur"":0.01881,""defocus_blur"":0.030378,""glare_flare"":0.089796,""vignetting"":0.100494,""sensor_noise"":0.002107,""exposure_shift"":0.178289,""compression"":0.086987,""lens_occlusion"":0.149444}","[{""issue"":""compression"",""prob"":0.9993},{""issue"":""exposure_shift"",""prob"":0.83381}]"
S05_lens_occlusion_s4,S05,video_009,dev,corrupted,lens_occlusion,4,s4,0.55,0,-1.0,sunny,day,parking_lot,moderate,30,1280x720,128,corrupted/lens_occlusion/s4/S05_lens_occlusion_s4.mp4,"{""severity"":0.55,""n_blobs"":4,""target_coverage"":0.30638438084827657,""coverage_reached"":0.3194184027777778,""blobs"":[{""cx"":766.4687325361576,""cy"":567.8328375493164,""R_px"":146.68365322791485,""k"":0.6578002864987968,""alpha_strength"":0.6863336357664162},{""cx"":510.2891001383116,""cy"":537.306731612881,""R_px"":155.68578069116748,""k"":0.7146510600012355,""alpha_strength"":0.7374333454313162},{""cx"":298.8747101722133,""cy"":149.12825086577186,""R_px"":181.4621704100207,""k"":0.6249752748327884,""alpha_strength"":0.7533949361474449},{""cx"":852.3449130282281,""cy"":117.44231780827057,""R_px"":165.9658783721186,""k"":0.7645991066040077,""alpha_strength"":0.6705069214083067}]}",0.286830,0.291924,compression,0.998725,"{""haze_fog"":0.337201,""rain"":0.000219,""snow"":3.5e-05,""low_light"":1.2e-05,""motion_blur"":0.0,""defocus_blur"":0.025291,""glare_flare"":0.003591,""vignetting"":0.252269,""sensor_noise"":0.0,""exposure_shift"":0.913809,""compression"":0.998725,""lens_occlusion"":0.502329}","{""haze_fog"":0.106472,""rain"":0.123229,""snow"":0.042983,""low_light"":0.045375,""motion_blur"":0.030051,""defocus_blur"":0.044804,""glare_flare"":0.106794,""vignetting"":0.103802,""sensor_noise"":0.00344,""exposure_shift"":0.214268,""compression"":0.125591,""lens_occlusion"":0.262026}","[{""issue"":""compression"",""prob"":0.998725},{""issue"":""exposure_shift"",""prob"":0.913809},{""issue"":""lens_occlusion"",""prob"":0.502329},{""issue"":""haze_fog"",""prob"":0.337201},{""issue"":""vignetting"",""prob"":0.252269}]"
S05_lens_occlusion_s5,S05,video_009,dev,corrupted,lens_occlusion,5,s5,0.75,0,-1.0,sunny,day,parking_lot,moderate,30,1280x720,128,corrupted/lens_occlusion/s5/S05_lens_occlusion_s5.mp4,"{""severity"":0.75,""n_blobs"":6,""target_coverage"":0.41197882156696997,""coverage_reached"":0.4901399739583333,""blobs"":[{""cx"":210.37526768717697,""cy"":557.2716757292152,""R_px"":206.90298198638462,""k"":0.8088815650234646,""alpha_strength"":0.867329329072377},{""cx"":301.6492303053899,""cy"":129.5675239683859,""R_px"":219.94031017826055,""k"":0.9145361881336246,""alpha_strength"":0.800379586468497},{""cx"":507.00923626486826,""cy"":356.44176541291614,""R_px"":200.59848578235807,""k"":0.8017432399728226,""alpha_strength"":0.777507038299292},{""cx"":378.5508175113562,""cy"":269.7542089031603,""R_px"":234.15149008842027,""k"":0.8290979769343967,""alpha_strength"":0.8854358614854329},{""cx"":298.2805569454832,""cy"":260.3410101871359,""R_px"":219.68055832611606,""k"":0.7615526438181723,""alpha_strength"":0.8464291464985056},{""cx"":988.8898877702616,""cy"":381.8572468997067,""R_px"":184.16405461586945,""k"":0.995964865709959,""alpha_strength"":0.8782398583766007}]}",0.114387,0.188908,compression,0.993560,"{""haze_fog"":0.415713,""rain"":0.000716,""snow"":0.000135,""low_light"":0.0,""motion_blur"":3e-06,""defocus_blur"":0.039518,""glare_flare"":0.003004,""vignetting"":0.131385,""sensor_noise"":0.0,""exposure_shift"":0.864138,""compression"":0.99356,""lens_occlusion"":0.499909}","{""haze_fog"":0.160453,""rain"":0.170225,""snow"":0.072703,""low_light"":0.046698,""motion_blur"":0.052586,""defocus_blur"":0.074781,""glare_flare"":0.123515,""vignetting"":0.091767,""sensor_noise"":0.005216,""exposure_shift"":0.234871,""compression"":0.17188,""lens_occlusion"":0.29975}","[{""issue"":""compression"",""prob"":0.99356},{""issue"":""exposure_shift"",""prob"":0.864138},{""issue"":""lens_occlusion"",""prob"":0.499909},{""issue"":""haze_fog"",""prob"":0.415713}]"
S05_sensor_noise_s1,S05,video_009,dev,corrupted,sensor_noise,1,s1,0.08,0,-1.0,sunny,day,parking_lot,moderate,30,1280x720,128,corrupted/sensor_noise/s1/S05_sensor_noise_s1.mp4,"{""severity"":0.08,""sigma_r"":0.0030542798690226932,""sigma_s"":0.009122262764686124,""per_channel"":true}",0.928613,0.583614,compression,0.998840,"{""haze_fog"":0.081888,""rain"":2e-06,""snow"":4.4e-05,""low_light"":7.8e-05,""motion_blur"":0.0,""defocus_blur"":0.013456,""glare_flare"":0.003037,""vignetting"":0.297485,""sensor_noise"":0.0,""exposure_shift"":0.818599,""compression"":0.99884,""lens_occlusion"":0.004771}","{""haze_fog"":0.044741,""rain"":0.075412,""snow"":0.034322,""low_light"":0.061473,""motion_blur"":0.006558,""defocus_blur"":0.021218,""glare_flare"":0.049782,""vignetting"":0.106519,""sensor_noise"":0.001649,""exposure_shift"":0.185631,""compression"":0.050974,""lens_occlusion"":0.074098}","[{""issue"":""compression"",""prob"":0.99884},{""issue"":""exposure_shift"",""prob"":0.818599},{""issue"":""vignetting"",""prob"":0.297485}]"
S05_sensor_noise_s2,S05,video_009,dev,corrupted,sensor_noise,2,s2,0.18,0,-1.0,sunny,day,parking_lot,moderate,30,1280x720,128,corrupted/sensor_noise/s2/S05_sensor_noise_s2.mp4,"{""severity"":0.18,""sigma_r"":0.005222633675892156,""sigma_s"":0.014616439831345664,""per_channel"":true}",0.838388,0.610280,compression,0.999302,"{""haze_fog"":0.079067,""rain"":1e-06,""snow"":0.000103,""low_light"":0.009395,""motion_blur"":0.0,""defocus_blur"":0.012198,""glare_flare"":0.001649,""vignetting"":0.254136,""sensor_noise"":0.0,""exposure_shift"":0.854638,""compression"":0.999302,""lens_occlusion"":0.004406}","{""haze_fog"":0.04116,""rain"":0.071648,""snow"":0.033429,""low_light"":0.074384,""motion_blur"":0.006669,""defocus_blur"":0.020658,""glare_flare"":0.041821,""vignetting"":0.103248,""sensor_noise"":0.00292,""exposure_shift"":0.200335,""compression"":0.049387,""lens_occlusion"":0.065754}","[{""issue"":""compression"",""prob"":0.999302},{""issue"":""exposure_shift"",""prob"":0.854638},{""issue"":""vignetting"",""prob"":0.254136}]"
S05_sensor_noise_s3,S05,video_009,dev,corrupted,sensor_noise,3,s3,0.35,0,-1.0,sunny,day,parking_lot,moderate,30,1280x720,128,corrupted/sensor_noise/s3/S05_sensor_noise_s3.mp4,"{""severity"":0.35,""sigma_r"":0.008764262665091354,""sigma_s"":0.0314304107646468,""per_channel"":true}",0.682056,0.741182,compression,0.999805,"{""haze_fog"":0.169235,""rain"":1e-06,""snow"":0.00247,""low_light"":0.730997,""motion_blur"":0.0,""defocus_blur"":0.006606,""glare_flare"":0.00164,""vignetting"":0.142386,""sensor_noise"":0.003369,""exposure_shift"":0.991463,""compression"":0.999805,""lens_occlusion"":0.002238}","{""haze_fog"":0.026376,""rain"":0.069275,""snow"":0.039668,""low_light"":0.09836,""motion_blur"":0.005289,""defocus_blur"":0.014573,""glare_flare"":0.026146,""vignetting"":0.083339,""sensor_noise"":0.018141,""exposure_shift"":0.209618,""compression"":0.037578,""lens_occlusion"":0.037002}","[{""issue"":""compression"",""prob"":0.999805},{""issue"":""exposure_shift"",""prob"":0.991463},{""issue"":""low_light"",""prob"":0.730997}]"
S05_sensor_noise_s4,S05,video_009,dev,corrupted,sensor_noise,4,s4,0.55,0,-1.0,sunny,day,parking_lot,moderate,30,1280x720,128,corrupted/sensor_noise/s4/S05_sensor_noise_s4.mp4,"{""severity"":0.55,""sigma_r"":0.010981993863384082,""sigma_s"":0.04970071357314064,""per_channel"":true}",0.492001,0.737392,compression,0.999881,"{""haze_fog"":0.202163,""rain"":0.0,""snow"":0.005009,""low_light"":0.87074,""motion_blur"":0.0,""defocus_blur"":0.00495,""glare_flare"":0.00135,""vignetting"":0.075719,""sensor_noise"":0.101694,""exposure_shift"":0.988686,""compression"":0.999881,""lens_occlusion"":0.002369}","{""haze_fog"":0.024727,""rain"":0.065269,""snow"":0.049383,""low_light"":0.123026,""motion_blur"":0.003769,""defocus_blur"":0.012069,""glare_flare"":0.02562,""vignetting"":0.081245,""sensor_noise"":0.044638,""exposure_shift"":0.200944,""compression"":0.025416,""lens_occlusion"":0.033706}","[{""issue"":""compression"",""prob"":0.999881},{""issue"":""exposure_shift"",""prob"":0.988686},{""issue"":""low_light"",""prob"":0.87074}]"
S05_sensor_noise_s5,S05,video_009,dev,corrupted,sensor_noise,5,s5,0.75,0,-1.0,sunny,day,parking_lot,moderate,30,1280x720,128,corrupted/sensor_noise/s5/S05_sensor_noise_s5.mp4,"{""severity"":0.75,""sigma_r"":0.017071318763375566,""sigma_s"":0.0631814893225523,""per_channel"":true}",0.291891,0.701772,compression,0.999924,"{""haze_fog"":0.2422,""rain"":0.0,""snow"":0.003709,""low_light"":0.876893,""motion_blur"":0.0,""defocus_blur"":0.003119,""glare_flare"":0.00093,""vignetting"":0.014769,""sensor_noise"":0.286923,""exposure_shift"":0.976892,""compression"":0.999924,""lens_occlusion"":0.002289}","{""haze_fog"":0.024873,""rain"":0.064265,""snow"":0.056815,""low_light"":0.147815,""motion_blur"":0.002454,""defocus_blur"":0.010029,""glare_flare"":0.028243,""vignetting"":0.074162,""sensor_noise"":0.072486,""exposure_shift"":0.203823,""compression"":0.019136,""lens_occlusion"":0.030214}","[{""issue"":""compression"",""prob"":0.999924},{""issue"":""exposure_shift"",""prob"":0.976892},{""issue"":""low_light"",""prob"":0.876893},{""issue"":""sensor_noise"",""prob"":0.286923}]"
S05_low_light_s1,S05,video_009,dev,corrupted,low_light,1,s1,0.08,0,-1.0,sunny,day,parking_lot,moderate,30,1280x720,128,corrupted/low_light/s1/S05_low_light_s1.mp4,"{""severity"":0.08,""gamma"":1.3160757437423292,""sigma_r"":0.0036230948406736382,""sigma_s"":0.013418501492826338,""amp_r"":2.0,""amp_s"":3.0,""desat"":0.02,""per_channel"":true}",0.911980,0.561124,compression,0.992506,"{""haze_fog"":0.026314,""rain"":1e-06,""snow"":2.2e-05,""low_light"":0.059861,""motion_blur"":0.0,""defocus_blur"":0.020154,""glare_flare"":0.00445,""vignetting"":0.423586,""sensor_noise"":0.0,""exposure_shift"":0.797243,""compression"":0.992506,""lens_occlusion"":0.007474}","{""haze_fog"":0.034074,""rain"":0.058229,""snow"":0.026662,""low_light"":0.106016,""motion_blur"":0.009596,""defocus_blur"":0.029098,""glare_flare"":0.038739,""vignetting"":0.133443,""sensor_noise"":0.001463,""exposure_shift"":0.15101,""compression"":0.066109,""lens_occlusion"":0.083444}","[{""issue"":""compression"",""prob"":0.992506},{""issue"":""exposure_shift"",""prob"":0.797243},{""issue"":""vignetting"",""prob"":0.423586}]"
S05_low_light_s2,S05,video_009,dev,corrupted,low_light,2,s2,0.18,0,-1.0,sunny,day,parking_lot,moderate,30,1280x720,128,corrupted/low_light/s2/S05_low_light_s2.mp4,"{""severity"":0.18,""gamma"":1.784286759641572,""sigma_r"":0.007241561984322902,""sigma_s"":0.03161510667196987,""amp_r"":2.0,""amp_s"":3.0,""desat"":0.045,""per_channel"":true}",0.803090,0.657022,compression,0.996561,"{""haze_fog"":0.026654,""rain"":0.0,""snow"":0.001852,""low_light"":0.850905,""motion_blur"":0.0,""defocus_blur"":0.01604,""glare_flare"":0.008863,""vignetting"":0.460819,""sensor_noise"":6.5e-05,""exposure_shift"":0.77228,""compression"":0.996561,""lens_occlusion"":0.004609}","{""haze_fog"":0.022923,""rain"":0.056625,""snow"":0.024508,""low_light"":0.169015,""motion_blur"":0.011573,""defocus_blur"":0.026271,""glare_flare"":0.026472,""vignetting"":0.138231,""sensor_noise"":0.005644,""exposure_shift"":0.147743,""compression"":0.04941,""lens_occlusion"":0.055656}","[{""issue"":""compression"",""prob"":0.996561},{""issue"":""low_light"",""prob"":0.850905},{""issue"":""exposure_shift"",""prob"":0.77228},{""issue"":""vignetting"",""prob"":0.460819}]"
S05_low_light_s3,S05,video_009,dev,corrupted,low_light,3,s3,0.35,0,-1.0,sunny,day,parking_lot,moderate,30,1280x720,128,corrupted/low_light/s3/S05_low_light_s3.mp4,"{""severity"":0.35,""gamma"":1.867621837232028,""sigma_r"":0.014605353271924752,""sigma_s"":0.06859649012522252,""amp_r"":2.0,""amp_s"":3.0,""desat"":0.0875,""per_channel"":true}",0.621254,0.612210,compression,0.999312,"{""haze_fog"":0.0332,""rain"":1.5e-05,""snow"":0.000664,""low_light"":0.998567,""motion_blur"":0.0,""defocus_blur"":0.019212,""glare_flare"":0.016995,""vignetting"":0.422474,""sensor_noise"":0.066828,""exposure_shift"":0.824866,""compression"":0.999312,""lens_occlusion"":0.00533}","{""haze_fog"":0.021875,""rain"":0.064009,""snow"":0.032042,""low_light"":0.271009,""motion_blur"":0.014804,""defocus_blur"":0.036212,""glare_flare"":0.037617,""vignetting"":0.149989,""sensor_noise"":0.021864,""exposure_shift"":0.1416,""compression"":0.046666,""lens_occlusion"":0.053865}","[{""issue"":""compression"",""prob"":0.999312},{""issue"":""low_light"",""prob"":0.998567},{""issue"":""exposure_shift"",""prob"":0.824866},{""issue"":""vignetting"",""prob"":0.422474}]"
S05_low_light_s4,S05,video_009,dev,corrupted,low_light,4,s4,0.55,0,-1.0,sunny,day,parking_lot,moderate,30,1280x720,128,corrupted/low_light/s4/S05_low_light_s4.mp4,"{""severity"":0.55,""gamma"":2.2429495555445906,""sigma_r"":0.024310500316725814,""sigma_s"":0.14384666238370514,""amp_r"":2.0,""amp_s"":3.0,""desat"":0.1375,""per_channel"":true}",0.413809,0.358448,compression,0.999322,"{""haze_fog"":0.008663,""rain"":0.000277,""snow"":0.001154,""low_light"":0.999095,""motion_blur"":0.0,""defocus_blur"":0.035329,""glare_flare"":0.022925,""vignetting"":0.293965,""sensor_noise"":0.102419,""exposure_shift"":0.668584,""compression"":0.999322,""lens_occlusion"":0.009825}","{""haze_fog"":0.035945,""rain"":0.088518,""snow"":0.046875,""low_light"":0.387634,""motion_blur"":0.021075,""defocus_blur"":0.057068,""glare_flare"":0.066391,""vignetting"":0.178248,""sensor_noise"":0.030358,""exposure_shift"":0.166068,""compression"":0.073527,""lens_occlusion"":0.084272}","[{""issue"":""compression"",""prob"":0.999322},{""issue"":""low_light"",""prob"":0.999095},{""issue"":""exposure_shift"",""prob"":0.668584},{""issue"":""vignetting"",""prob"":0.293965}]"
S05_low_light_s5,S05,video_009,dev,corrupted,low_light,5,s5,0.75,0,-1.0,sunny,day,parking_lot,moderate,30,1280x720,128,corrupted/low_light/s5/S05_low_light_s5.mp4,"{""severity"":0.75,""gamma"":2.8193695015725675,""sigma_r"":0.04173079383456015,""sigma_s"":0.20419706780135133,""amp_r"":2.0,""amp_s"":3.0,""desat"":0.1875,""per_channel"":true}",0.216134,0.167283,compression,0.999846,"{""haze_fog"":0.009198,""rain"":0.002444,""snow"":0.001512,""low_light"":0.999653,""motion_blur"":0.0,""defocus_blur"":0.044414,""glare_flare"":0.06734,""vignetting"":0.254174,""sensor_noise"":0.095148,""exposure_shift"":0.446937,""compression"":0.999846,""lens_occlusion"":0.011136}","{""haze_fog"":0.069887,""rain"":0.132688,""snow"":0.074889,""low_light"":0.525436,""motion_blur"":0.025055,""defocus_blur"":0.068568,""glare_flare"":0.114233,""vignetting"":0.181044,""sensor_noise"":0.036266,""exposure_shift"":0.168662,""compression"":0.10428,""lens_occlusion"":0.116601}","[{""issue"":""compression"",""prob"":0.999846},{""issue"":""low_light"",""prob"":0.999653},{""issue"":""exposure_shift"",""prob"":0.446937},{""issue"":""vignetting"",""prob"":0.254174}]"
S05_overexposure_s1,S05,video_009,dev,corrupted,overexposure,1,s1,0.08,0,-1.0,sunny,day,parking_lot,moderate,30,1280x720,128,corrupted/overexposure/s1/S05_overexposure_s1.mp4,"{""severity"":0.08,""delta_ev"":0.16,""scale"":1.11728713807222}",0.934886,0.659094,compression,0.997286,"{""haze_fog"":0.057159,""rain"":1e-06,""snow"":0.113599,""low_light"":0.002234,""motion_blur"":0.0,""defocus_blur"":0.01289,""glare_flare"":0.000393,""vignetting"":0.089886,""sensor_noise"":0.0,""exposure_shift"":0.847638,""compression"":0.997286,""lens_occlusion"":0.003187}","{""haze_fog"":0.036206,""rain"":0.060551,""snow"":0.029634,""low_light"":0.043145,""motion_blur"":0.006491,""defocus_blur"":0.022861,""glare_flare"":0.037144,""vignetting"":0.074564,""sensor_noise"":0.002149,""exposure_shift"":0.200209,""compression"":0.053723,""lens_occlusion"":0.060423}","[{""issue"":""compression"",""prob"":0.997286},{""issue"":""exposure_shift"",""prob"":0.847638}]"
S05_overexposure_s2,S05,video_009,dev,corrupted,overexposure,2,s2,0.18,0,-1.0,sunny,day,parking_lot,moderate,30,1280x720,128,corrupted/overexposure/s2/S05_overexposure_s2.mp4,"{""severity"":0.18,""delta_ev"":0.36,""scale"":1.2834258975629043}",0.851932,0.681776,compression,0.993695,"{""haze_fog"":0.076607,""rain"":3e-06,""snow"":0.281641,""low_light"":0.024515,""motion_blur"":0.0,""defocus_blur"":0.012454,""glare_flare"":7e-05,""vignetting"":0.000653,""sensor_noise"":0.0,""exposure_shift"":0.982523,""compression"":0.993695,""lens_occlusion"":0.002156}","{""haze_fog"":0.03612,""rain"":0.060605,""snow"":0.025859,""low_light"":0.030496,""motion_blur"":0.007605,""defocus_blur"":0.028388,""glare_flare"":0.031293,""vignetting"":0.078892,""sensor_noise"":0.005003,""exposure_shift"":0.263508,""compression"":0.071535,""lens_occlusion"":0.05676}","[{""issue"":""compression"",""prob"":0.993695},{""issue"":""exposure_shift"",""prob"":0.982523},{""issue"":""snow"",""prob"":0.281641}]"
S05_overexposure_s3,S05,video_009,dev,corrupted,overexposure,3,s3,0.35,0,-1.0,sunny,day,parking_lot,moderate,30,1280x720,128,corrupted/overexposure/s3/S05_overexposure_s3.mp4,"{""severity"":0.35,""delta_ev"":0.7,""scale"":1.624504792712471}",0.706200,0.422754,exposure_shift,0.997599,"{""haze_fog"":0.187774,""rain"":1e-06,""snow"":0.375061,""low_light"":0.091256,""motion_blur"":0.0,""defocus_blur"":0.02124,""glare_flare"":8.3e-05,""vignetting"":5.6e-05,""sensor_noise"":0.001015,""exposure_shift"":0.997599,""compression"":0.991178,""lens_occlusion"":0.003174}","{""haze_fog"":0.064167,""rain"":0.069238,""snow"":0.018472,""low_light"":0.080797,""motion_blur"":0.012858,""defocus_blur"":0.059142,""glare_flare"":0.04332,""vignetting"":0.086996,""sensor_noise"":0.034758,""exposure_shift"":0.498162,""compression"":0.114621,""lens_occlusion"":0.07028}","[{""issue"":""exposure_shift"",""prob"":0.997599},{""issue"":""compression"",""prob"":0.991178},{""issue"":""snow"",""prob"":0.375061}]"
S05_overexposure_s4,S05,video_009,dev,corrupted,overexposure,4,s4,0.55,0,-1.0,sunny,day,parking_lot,moderate,30,1280x720,128,corrupted/overexposure/s4/S05_overexposure_s4.mp4,"{""severity"":0.55,""delta_ev"":1.1,""scale"":2.1435469250725863}",0.524770,0.306113,snow,0.739860,"{""haze_fog"":0.214143,""rain"":1e-06,""snow"":0.73986,""low_light"":0.344509,""motion_blur"":0.0,""defocus_blur"":0.048303,""glare_flare"":0.00141,""vignetting"":0.001316,""sensor_noise"":0.085364,""exposure_shift"":0.678676,""compression"":0.636826,""lens_occlusion"":0.008415}","{""haze_fog"":0.108243,""rain"":0.04084,""snow"":0.010983,""low_light"":0.143769,""motion_blur"":0.018039,""defocus_blur"":0.113601,""glare_flare"":0.072417,""vignetting"":0.13469,""sensor_noise"":0.055815,""exposure_shift"":0.43721,""compression"":0.091595,""lens_occlusion"":0.120754}","[{""issue"":""snow"",""prob"":0.73986},{""issue"":""exposure_shift"",""prob"":0.678676},{""issue"":""compression"",""prob"":0.636826},{""issue"":""low_light"",""prob"":0.344509}]"
S05_overexposure_s5,S05,video_009,dev,corrupted,overexposure,5,s5,0.75,0,-1.0,sunny,day,parking_lot,moderate,30,1280x720,128,corrupted/overexposure/s5/S05_overexposure_s5.mp4,"{""severity"":0.75,""delta_ev"":1.5,""scale"":2.8284271247461903}",0.326465,0.213277,snow,0.999998,"{""haze_fog"":0.000338,""rain"":0.0,""snow"":0.999998,""low_light"":0.36727,""motion_blur"":0.0,""defocus_blur"":0.091411,""glare_flare"":0.000673,""vignetting"":0.000846,""sensor_noise"":0.003938,""exposure_shift"":0.373739,""compression"":0.331065,""lens_occlusion"":0.008698}","{""haze_fog"":0.074957,""rain"":0.003912,""snow"":0.001921,""low_light"":0.078949,""motion_blur"":0.014839,""defocus_blur"":0.162122,""glare_flare"":0.04703,""vignetting"":0.134043,""sensor_noise"":0.044112,""exposure_shift"":0.299006,""compression"":0.070573,""lens_occlusion"":0.123455}","[{""issue"":""snow"",""prob"":0.999998},{""issue"":""exposure_shift"",""prob"":0.373739},{""issue"":""low_light"",""prob"":0.36727},{""issue"":""compression"",""prob"":0.331065}]"
S05_underexposure_s1,S05,video_009,dev,corrupted,underexposure,1,s1,0.08,0,-1.0,sunny,day,parking_lot,moderate,30,1280x720,128,corrupted/underexposure/s1/S05_underexposure_s1.mp4,"{""severity"":0.08,""delta_ev"":-0.16,""scale"":0.8950250709279725}",0.934886,0.538557,compression,0.997761,"{""haze_fog"":0.078684,""rain"":1e-05,""snow"":4.1e-05,""low_light"":0.000928,""motion_blur"":0.0,""defocus_blur"":0.015848,""glare_flare"":0.000921,""vignetting"":0.260266,""sensor_noise"":0.0,""exposure_shift"":0.954594,""compression"":0.997761,""lens_occlusion"":0.00587}","{""haze_fog"":0.042023,""rain"":0.077661,""snow"":0.032291,""low_light"":0.071058,""motion_blur"":0.007583,""defocus_blur"":0.026108,""glare_flare"":0.041895,""vignetting"":0.11909,""sensor_noise"":0.001929,""exposure_shift"":0.272626,""compression"":0.060077,""lens_occlusion"":0.077107}","[{""issue"":""compression"",""prob"":0.997761},{""issue"":""exposure_shift"",""prob"":0.954594},{""issue"":""vignetting"",""prob"":0.260266}]"
S05_underexposure_s2,S05,video_009,dev,corrupted,underexposure,2,s2,0.18,0,-1.0,sunny,day,parking_lot,moderate,30,1280x720,128,corrupted/underexposure/s2/S05_underexposure_s2.mp4,"{""severity"":0.18,""delta_ev"":-0.36,""scale"":0.7791645796604999}",0.851932,0.482727,exposure_shift,0.999714,"{""haze_fog"":0.031553,""rain"":1.4e-05,""snow"":4.7e-05,""low_light"":0.005636,""motion_blur"":0.0,""defocus_blur"":0.019916,""glare_flare"":0.000686,""vignetting"":0.144447,""sensor_noise"":0.0,""exposure_shift"":0.999714,""compression"":0.996469,""lens_occlusion"":0.006267}","{""haze_fog"":0.033127,""rain"":0.078235,""snow"":0.027189,""low_light"":0.074568,""motion_blur"":0.008201,""defocus_blur"":0.032638,""glare_flare"":0.034312,""vignetting"":0.140648,""sensor_noise"":0.002332,""exposure_shift"":0.38372,""compression"":0.076218,""lens_occlusion"":0.075154}","[{""issue"":""exposure_shift"",""prob"":0.999714},{""issue"":""compression"",""prob"":0.996469}]"
S05_underexposure_s3,S05,video_009,dev,corrupted,underexposure,3,s3,0.35,0,-1.0,sunny,day,parking_lot,moderate,30,1280x720,128,corrupted/underexposure/s3/S05_underexposure_s3.mp4,"{""severity"":0.35,""delta_ev"":-0.7,""scale"":0.6155722066724582}",0.706200,0.267092,exposure_shift,0.999997,"{""haze_fog"":0.075757,""rain"":6.4e-05,""snow"":1.3e-05,""low_light"":0.00318,""motion_blur"":0.0,""defocus_blur"":0.030775,""glare_flare"":6.4e-05,""vignetting"":0.045835,""sensor_noise"":0.0,""exposure_shift"":0.999997,""compression"":0.994579,""lens_occlusion"":0.003594}","{""haze_fog"":0.029607,""rain"":0.098412,""snow"":0.023975,""low_light"":0.06427,""motion_blur"":0.010504,""defocus_blur"":0.050169,""glare_flare"":0.02066,""vignetting"":0.261347,""sensor_noise"":0.002408,""exposure_shift"":0.623664,""compression"":0.087192,""lens_occlusion"":0.061772}","[{""issue"":""exposure_shift"",""prob"":0.999997},{""issue"":""compression"",""prob"":0.994579}]"
S05_underexposure_s4,S05,video_009,dev,corrupted,underexposure,4,s4,0.55,0,-1.0,sunny,day,parking_lot,moderate,30,1280x720,128,corrupted/underexposure/s4/S05_underexposure_s4.mp4,"{""severity"":0.55,""delta_ev"":-1.1,""scale"":0.4665164957684037}",0.524770,0.106201,exposure_shift,1.000000,"{""haze_fog"":0.111365,""rain"":0.000388,""snow"":5e-06,""low_light"":3.5e-05,""motion_blur"":0.0,""defocus_blur"":0.032932,""glare_flare"":2e-06,""vignetting"":0.019796,""sensor_noise"":0.0,""exposure_shift"":1.0,""compression"":0.990175,""lens_occlusion"":0.001104}","{""haze_fog"":0.025632,""rain"":0.133334,""snow"":0.021637,""low_light"":0.038136,""motion_blur"":0.009889,""defocus_blur"":0.061227,""glare_flare"":0.014199,""vignetting"":0.579577,""sensor_noise"":0.002682,""exposure_shift"":0.799296,""compression"":0.073692,""lens_occlusion"":0.050267}","[{""issue"":""exposure_shift"",""prob"":1.0},{""issue"":""compression"",""prob"":0.990175}]"
S05_underexposure_s5,S05,video_009,dev,corrupted,underexposure,5,s5,0.75,0,-1.0,sunny,day,parking_lot,moderate,30,1280x720,128,corrupted/underexposure/s5/S05_underexposure_s5.mp4,"{""severity"":0.75,""delta_ev"":-1.5,""scale"":0.3535533905932738}",0.326465,0.045613,exposure_shift,1.000000,"{""haze_fog"":0.088649,""rain"":0.000856,""snow"":3e-06,""low_light"":1e-05,""motion_blur"":0.0,""defocus_blur"":0.037579,""glare_flare"":1e-06,""vignetting"":0.017185,""sensor_noise"":0.0,""exposure_shift"":1.0,""compression"":0.984865,""lens_occlusion"":0.000563}","{""haze_fog"":0.025341,""rain"":0.157784,""snow"":0.021025,""low_light"":0.033557,""motion_blur"":0.01091,""defocus_blur"":0.072312,""glare_flare"":0.012022,""vignetting"":0.770458,""sensor_noise"":0.003995,""exposure_shift"":0.878832,""compression"":0.070721,""lens_occlusion"":0.04717}","[{""issue"":""exposure_shift"",""prob"":1.0},{""issue"":""compression"",""prob"":0.984865}]"
S05_jpeg_compression_s1,S05,video_009,dev,corrupted,jpeg_compression,1,s1,0.08,0,-1.0,sunny,day,parking_lot,moderate,30,1280x720,128,corrupted/jpeg_compression/s1/S05_jpeg_compression_s1.mp4,"{""severity"":0.08,""quality"":90,""encode_ok"":true}",0.947560,0.565277,compression,0.998862,"{""haze_fog"":0.105428,""rain"":3e-06,""snow"":0.000119,""low_light"":0.000176,""motion_blur"":0.0,""defocus_blur"":0.013298,""glare_flare"":0.002701,""vignetting"":0.265209,""sensor_noise"":0.0,""exposure_shift"":0.833454,""compression"":0.998862,""lens_occlusion"":0.004938}","{""haze_fog"":0.047194,""rain"":0.075982,""snow"":0.039259,""low_light"":0.062908,""motion_blur"":0.006165,""defocus_blur"":0.020737,""glare_flare"":0.052608,""vignetting"":0.107194,""sensor_noise"":0.001636,""exposure_shift"":0.187689,""compression"":0.050087,""lens_occlusion"":0.077144}","[{""issue"":""compression"",""prob"":0.998862},{""issue"":""exposure_shift"",""prob"":0.833454},{""issue"":""vignetting"",""prob"":0.265209}]"
S05_jpeg_compression_s2,S05,video_009,dev,corrupted,jpeg_compression,2,s2,0.18,0,-1.0,sunny,day,parking_lot,moderate,30,1280x720,128,corrupted/jpeg_compression/s2/S05_jpeg_compression_s2.mp4,"{""severity"":0.18,""quality"":77,""encode_ok"":true}",0.879678,0.568694,compression,0.999014,"{""haze_fog"":0.098915,""rain"":2e-06,""snow"":9.3e-05,""low_light"":0.000156,""motion_blur"":0.0,""defocus_blur"":0.013988,""glare_flare"":0.0031,""vignetting"":0.235241,""sensor_noise"":0.0,""exposure_shift"":0.822384,""compression"":0.999014,""lens_occlusion"":0.004359}","{""haze_fog"":0.047766,""rain"":0.073781,""snow"":0.036963,""low_light"":0.068597,""motion_blur"":0.006578,""defocus_blur"":0.021551,""glare_flare"":0.054183,""vignetting"":0.102868,""sensor_noise"":0.001818,""exposure_shift"":0.184056,""compression"":0.049957,""lens_occlusion"":0.075384}","[{""issue"":""compression"",""prob"":0.999014},{""issue"":""exposure_shift"",""prob"":0.822384}]"
S05_jpeg_compression_s3,S05,video_009,dev,corrupted,jpeg_compression,3,s3,0.35,0,-1.0,sunny,day,parking_lot,moderate,30,1280x720,128,corrupted/jpeg_compression/s3/S05_jpeg_compression_s3.mp4,"{""severity"":0.35,""quality"":68,""encode_ok"":true}",0.757080,0.581610,compression,0.999644,"{""haze_fog"":0.100119,""rain"":3e-06,""snow"":1.7e-05,""low_light"":0.000778,""motion_blur"":0.0,""defocus_blur"":0.014406,""glare_flare"":0.003045,""vignetting"":0.29526,""sensor_noise"":0.0,""exposure_shift"":0.760038,""compression"":0.999644,""lens_occlusion"":0.004279}","{""haze_fog"":0.05369,""rain"":0.075404,""snow"":0.030174,""low_light"":0.10384,""motion_blur"":0.007191,""defocus_blur"":0.022785,""glare_flare"":0.054516,""vignetting"":0.086795,""sensor_noise"":0.002034,""exposure_shift"":0.161097,""compression"":0.051271,""lens_occlusion"":0.070962}","[{""issue"":""compression"",""prob"":0.999644},{""issue"":""exposure_shift"",""prob"":0.760038},{""issue"":""vignetting"",""prob"":0.29526}]"
S05_jpeg_compression_s4,S05,video_009,dev,corrupted,jpeg_compression,4,s4,0.55,0,-1.0,sunny,day,parking_lot,moderate,30,1280x720,128,corrupted/jpeg_compression/s4/S05_jpeg_compression_s4.mp4,"{""severity"":0.55,""quality"":45,""encode_ok"":true}",0.597001,0.556498,compression,0.999771,"{""haze_fog"":0.110391,""rain"":4e-06,""snow"":5e-06,""low_light"":0.000251,""motion_blur"":0.0,""defocus_blur"":0.017068,""glare_flare"":0.006277,""vignetting"":0.312358,""sensor_noise"":0.0,""exposure_shift"":0.724577,""compression"":0.999771,""lens_occlusion"":0.005022}","{""haze_fog"":0.063977,""rain"":0.07725,""snow"":0.023417,""low_light"":0.129153,""motion_blur"":0.009547,""defocus_blur"":0.02688,""glare_flare"":0.058486,""vignetting"":0.08436,""sensor_noise"":0.002319,""exposure_shift"":0.15217,""compression"":0.061757,""lens_occlusion"":0.074477}","[{""issue"":""compression"",""prob"":0.999771},{""issue"":""exposure_shift"",""prob"":0.724577},{""issue"":""vignetting"",""prob"":0.312358}]"
S05_jpeg_compression_s5,S05,video_009,dev,corrupted,jpeg_compression,5,s5,0.75,0,-1.0,sunny,day,parking_lot,moderate,30,1280x720,128,corrupted/jpeg_compression/s5/S05_jpeg_compression_s5.mp4,"{""severity"":0.75,""quality"":32,""encode_ok"":true}",0.408384,0.540370,compression,0.999880,"{""haze_fog"":0.127339,""rain"":2e-06,""snow"":2.1e-05,""low_light"":0.00069,""motion_blur"":0.0,""defocus_blur"":0.01733,""glare_flare"":0.004682,""vignetting"":0.370246,""sensor_noise"":0.0,""exposure_shift"":0.67121,""compression"":0.99988,""lens_occlusion"":0.004833}","{""haze_fog"":0.074897,""rain"":0.087753,""snow"":0.026442,""low_light"":0.15749,""motion_blur"":0.012094,""defocus_blur"":0.032632,""glare_flare"":0.06161,""vignetting"":0.085608,""sensor_noise"":0.003443,""exposure_shift"":0.145824,""compression"":0.086955,""lens_occlusion"":0.077185}","[{""issue"":""compression"",""prob"":0.99988},{""issue"":""exposure_shift"",""prob"":0.67121},{""issue"":""vignetting"",""prob"":0.370246}]"
S06_clean,S06,video_003,test,clean,clean,0,s0,0.0,1,1.0,cloudy,night,urban,moderate,30,1280x720,128,clean_clips/S06_clean.mp4,{},1.000000,0.304676,vignetting,0.999489,"{""haze_fog"":0.013676,""rain"":1e-06,""snow"":0.0,""low_light"":0.977385,""motion_blur"":0.0,""defocus_blur"":0.089838,""glare_flare"":0.336459,""vignetting"":0.999489,""sensor_noise"":0.0,""exposure_shift"":0.515723,""compression"":0.849149,""lens_occlusion"":0.026804}","{""haze_fog"":0.120152,""rain"":0.037696,""snow"":0.00668,""low_light"":0.193122,""motion_blur"":0.08846,""defocus_blur"":0.078285,""glare_flare"":0.126477,""vignetting"":0.482607,""sensor_noise"":0.00172,""exposure_shift"":0.178555,""compression"":0.187687,""lens_occlusion"":0.14267}","[{""issue"":""vignetting"",""prob"":0.999489},{""issue"":""low_light"",""prob"":0.977385},{""issue"":""compression"",""prob"":0.849149},{""issue"":""exposure_shift"",""prob"":0.515723},{""issue"":""glare_flare"",""prob"":0.336459}]"
S06_fog_s1,S06,video_003,test,corrupted,fog,1,s1,0.08,0,-1.0,cloudy,night,urban,moderate,30,1280x720,128,corrupted/fog/s1/S06_fog_s1.mp4,"{""mask_mean"":0.2575315833091736,""severity"":0.08,""k"":0.896,""gamma"":0.7,""depth_shift"":0.3,""distance_exp"":1.5,""t_min"":0.25,""contrast_scale"":0.95,""darken_factor"":0.88,""blur_kernel"":5,""A"":[0.44522035121917725,0.46865299344062805,0.49208563566207886],""depth_min"":0.0,""depth_max"":1.0}",0.911980,0.115385,compression,0.990515,"{""haze_fog"":0.125534,""rain"":4.6e-05,""snow"":3e-06,""low_light"":0.142266,""motion_blur"":0.000567,""defocus_blur"":0.118432,""glare_flare"":0.686942,""vignetting"":0.72822,""sensor_noise"":1.2e-05,""exposure_shift"":0.512135,""compression"":0.990515,""lens_occlusion"":0.02334}","{""haze_fog"":0.239432,""rain"":0.214987,""snow"":0.06075,""low_light"":0.185364,""motion_blur"":0.134101,""defocus_blur"":0.168549,""glare_flare"":0.297932,""vignetting"":0.398356,""sensor_noise"":0.016217,""exposure_shift"":0.306661,""compression"":0.355649,""lens_occlusion"":0.101172}","[{""issue"":""compression"",""prob"":0.990515},{""issue"":""vignetting"",""prob"":0.72822},{""issue"":""glare_flare"",""prob"":0.686942},{""issue"":""exposure_shift"",""prob"":0.512135}]"
S06_fog_s2,S06,video_003,test,corrupted,fog,2,s2,0.18,0,-1.0,cloudy,night,urban,moderate,30,1280x720,128,corrupted/fog/s2/S06_fog_s2.mp4,"{""mask_mean"":0.2842835485935211,""severity"":0.18,""k"":1.016,""gamma"":0.7,""depth_shift"":0.3,""distance_exp"":1.5,""t_min"":0.25,""contrast_scale"":0.95,""darken_factor"":0.88,""blur_kernel"":5,""A"":[0.46382081508636475,0.48823243379592896,0.5126440525054932],""depth_min"":0.0,""depth_max"":1.0}",0.803090,0.095344,compression,0.992389,"{""haze_fog"":0.132316,""rain"":4.8e-05,""snow"":4e-06,""low_light"":0.107066,""motion_blur"":0.002618,""defocus_blur"":0.119238,""glare_flare"":0.610281,""vignetting"":0.678138,""sensor_noise"":8e-06,""exposure_shift"":0.52933,""compression"":0.992389,""lens_occlusion"":0.061072}","{""haze_fog"":0.249223,""rain"":0.222747,""snow"":0.06246,""low_light"":0.190269,""motion_blur"":0.133539,""defocus_blur"":0.170168,""glare_flare"":0.290051,""vignetting"":0.398148,""sensor_noise"":0.016101,""exposure_shift"":0.358054,""compression"":0.354148,""lens_occlusion"":0.106874}","[{""issue"":""compression"",""prob"":0.992389},{""issue"":""vignetting"",""prob"":0.678138},{""issue"":""glare_flare"",""prob"":0.610281},{""issue"":""exposure_shift"",""prob"":0.52933}]"
S06_fog_s3,S06,video_003,test,corrupted,fog,3,s3,0.35,0,-1.0,cloudy,night,urban,moderate,30,1280x720,128,corrupted/fog/s3/S06_fog_s3.mp4,"{""mask_mean"":0.3263886272907257,""severity"":0.35,""k"":1.22,""gamma"":0.7,""depth_shift"":0.3,""distance_exp"":1.5,""t_min"":0.25,""contrast_scale"":0.95,""darken_factor"":0.88,""blur_kernel"":5,""A"":[0.5041130185127258,0.5306453108787537,0.5571775436401367],""depth_min"":0.0,""depth_max"":1.0}",0.621254,0.080473,compression,0.987011,"{""haze_fog"":0.201728,""rain"":2.2e-05,""snow"":5e-06,""low_light"":0.054661,""motion_blur"":0.001857,""defocus_blur"":0.132234,""glare_flare"":0.546397,""vignetting"":0.657431,""sensor_noise"":4e-06,""exposure_shift"":0.662943,""compression"":0.987011,""lens_occlusion"":0.040303}","{""haze_fog"":0.248228,""rain"":0.213545,""snow"":0.056306,""low_light"":0.183528,""motion_blur"":0.12979,""defocus_blur"":0.191358,""glare_flare"":0.266575,""vignetting"":0.369357,""sensor_noise"":0.014702,""exposure_shift"":0.433766,""compression"":0.340883,""lens_occlusion"":0.099014}","[{""issue"":""compression"",""prob"":0.987011},{""issue"":""exposure_shift"",""prob"":0.662943},{""issue"":""vignetting"",""prob"":0.657431},{""issue"":""glare_flare"",""prob"":0.546397}]"
S06_fog_s4,S06,video_003,test,corrupted,fog,4,s4,0.55,0,-1.0,cloudy,night,urban,moderate,30,1280x720,128,corrupted/fog/s4/S06_fog_s4.mp4,"{""mask_mean"":0.37098586559295654,""severity"":0.55,""k"":1.46,""gamma"":0.7,""depth_shift"":0.3,""distance_exp"":1.5,""t_min"":0.25,""contrast_scale"":0.95,""darken_factor"":0.88,""blur_kernel"":5,""A"":[0.47745281457901,0.5025818943977356,0.527711033821106],""depth_min"":0.0,""depth_max"":1.0}",0.413809,0.066913,compression,0.984780,"{""haze_fog"":0.255377,""rain"":3.8e-05,""snow"":4e-06,""low_light"":0.042453,""motion_blur"":0.010054,""defocus_blur"":0.124553,""glare_flare"":0.554463,""vignetting"":0.643822,""sensor_noise"":3e-06,""exposure_shift"":0.676701,""compression"":0.98478,""lens_occlusion"":0.024274}","{""haze_fog"":0.248544,""rain"":0.219829,""snow"":0.055665,""low_light"":0.192735,""motion_blur"":0.128518,""defocus_blur"":0.190028,""glare_flare"":0.24941,""vignetting"":0.367256,""sensor_noise"":0.015232,""exposure_shift"":0.466767,""compression"":0.325211,""lens_occlusion"":0.091211}","[{""issue"":""compression"",""prob"":0.98478},{""issue"":""exposure_shift"",""prob"":0.676701},{""issue"":""vignetting"",""prob"":0.643822},{""issue"":""glare_flare"",""prob"":0.554463},{""issue"":""haze_fog"",""prob"":0.255377}]"
S06_fog_s5,S06,video_003,test,corrupted,fog,5,s5,0.75,0,-1.0,cloudy,night,urban,moderate,30,1280x720,128,corrupted/fog/s5/S06_fog_s5.mp4,"{""mask_mean"":0.4108350872993469,""severity"":0.75,""k"":1.7,""gamma"":0.7,""depth_shift"":0.3,""distance_exp"":1.5,""t_min"":0.25,""contrast_scale"":0.95,""darken_factor"":0.88,""blur_kernel"":5,""A"":[0.4590712785720825,0.48323294520378113,0.5073946118354797],""depth_min"":0.0,""depth_max"":1.0}",0.216134,0.043971,compression,0.984508,"{""haze_fog"":0.319324,""rain"":0.000127,""snow"":1.5e-05,""low_light"":0.012013,""motion_blur"":0.00697,""defocus_blur"":0.126487,""glare_flare"":0.563822,""vignetting"":0.682569,""sensor_noise"":1e-06,""exposure_shift"":0.827014,""compression"":0.984508,""lens_occlusion"":0.011613}","{""haze_fog"":0.244721,""rain"":0.253716,""snow"":0.063628,""low_light"":0.188544,""motion_blur"":0.128625,""defocus_blur"":0.200698,""glare_flare"":0.220795,""vignetting"":0.406326,""sensor_noise"":0.014951,""exposure_shift"":0.600115,""compression"":0.340478,""lens_occlusion"":0.088318}","[{""issue"":""compression"",""prob"":0.984508},{""issue"":""exposure_shift"",""prob"":0.827014},{""issue"":""vignetting"",""prob"":0.682569},{""issue"":""glare_flare"",""prob"":0.563822},{""issue"":""haze_fog"",""prob"":0.319324}]"
S06_rain_s1,S06,video_003,test,corrupted,rain,1,s1,0.08,0,-1.0,cloudy,night,urban,moderate,30,1280x720,128,corrupted/rain/s1/S06_rain_s1.mp4,"{""mask_mean"":0.01036711223423481,""severity"":0.08,""alpha"":0.08895811290633145,""eta"":0.7474467221883098,""depth_separation_exp"":1.6,""density"":0.0014442474349227867,""density_far"":0.0009387608326998113,""density_near"":0.0005054866022229754,""base_angle_deg"":87.99269113930745,""far_angle_deg"":82.3604982735939,""near_angle_deg"":82.99344377326449,""blur_sigma"":0.3182554657284969,""invert_depth"":false,""multilayer"":true,""rainy_tone"":true,""apply_rain_haze"":true,""rain_haze_strength"":0.041999999999999996,""apply_overcast_sky"":true,""overcast_mask_mean"":0.0012764992425218225,""extra_desat"":0.0048,""patchiness"":true,""brightness_randomness"":false,""apply_visibility_blur"":false,""visibility_blur_sigma"":0.0,""device"":""cuda""}",0.925000,0.365737,vignetting,0.999994,"{""haze_fog"":0.008282,""rain"":0.000824,""snow"":0.002883,""low_light"":0.976465,""motion_blur"":0.0,""defocus_blur"":0.026191,""glare_flare"":0.325809,""vignetting"":0.999994,""sensor_noise"":0.0,""exposure_shift"":0.173423,""compression"":0.891668,""lens_occlusion"":0.009104}","{""haze_fog"":0.108139,""rain"":0.071222,""snow"":0.033443,""low_light"":0.203409,""motion_blur"":0.048235,""defocus_blur"":0.044275,""glare_flare"":0.104021,""vignetting"":0.494833,""sensor_noise"":0.001749,""exposure_shift"":0.1105,""compression"":0.199701,""lens_occlusion"":0.14406}","[{""issue"":""vignetting"",""prob"":0.999994},{""issue"":""low_light"",""prob"":0.976465},{""issue"":""compression"",""prob"":0.891668},{""issue"":""glare_flare"",""prob"":0.325809}]"
S06_rain_s2,S06,video_003,test,corrupted,rain,2,s2,0.18,0,-1.0,cloudy,night,urban,moderate,30,1280x720,128,corrupted/rain/s2/S06_rain_s2.mp4,"{""mask_mean"":0.013764633797109127,""severity"":0.18,""alpha"":0.11333269826626904,""eta"":0.7913266120351925,""depth_separation_exp"":1.6,""density"":0.0021465444832653893,""density_far"":0.0013952539141225031,""density_near"":0.0007512905691428862,""base_angle_deg"":84.50743972366026,""far_angle_deg"":90.34720539225904,""near_angle_deg"":84.45558744416829,""blur_sigma"":0.3307851117098012,""invert_depth"":false,""multilayer"":true,""rainy_tone"":true,""apply_rain_haze"":true,""rain_haze_strength"":0.056999999999999995,""apply_overcast_sky"":true,""overcast_mask_mean"":0.0012764992425218225,""extra_desat"":0.010799999999999999,""patchiness"":true,""brightness_randomness"":false,""apply_visibility_blur"":false,""visibility_blur_sigma"":0.0,""device"":""cuda""}",0.830646,0.331349,vignetting,0.999996,"{""haze_fog"":0.000762,""rain"":0.042458,""snow"":0.002321,""low_light"":0.904466,""motion_blur"":0.0,""defocus_blur"":0.0151,""glare_flare"":0.463537,""vignetting"":0.999996,""sensor_noise"":0.0,""exposure_shift"":0.058334,""compression"":0.852176,""lens_occlusion"":0.009667}","{""haze_fog"":0.071561,""rain"":0.132801,""snow"":0.065113,""low_light"":0.184256,""motion_blur"":0.045227,""defocus_blur"":0.042722,""glare_flare"":0.122938,""vignetting"":0.517094,""sensor_noise"":0.0016,""exposure_shift"":0.068945,""compression"":0.211005,""lens_occlusion"":0.134251}","[{""issue"":""vignetting"",""prob"":0.999996},{""issue"":""low_light"",""prob"":0.904466},{""issue"":""compression"",""prob"":0.852176},{""issue"":""glare_flare"",""prob"":0.463537}]"
S06_rain_s3,S06,video_003,test,corrupted,rain,3,s3,0.35,0,-1.0,cloudy,night,urban,moderate,30,1280x720,128,corrupted/rain/s3/S06_rain_s3.mp4,"{""mask_mean"":0.02766437828540802,""severity"":0.35,""alpha"":0.161975221639196,""eta"":1.0478353836167003,""depth_separation_exp"":1.6,""density"":0.0034917724522826104,""density_far"":0.0022696520939836967,""density_near"":0.0012221203582989135,""base_angle_deg"":70.2102702706866,""far_angle_deg"":73.24686008324262,""near_angle_deg"":67.49434004024823,""blur_sigma"":0.47681836574217706,""invert_depth"":false,""multilayer"":true,""rainy_tone"":true,""apply_rain_haze"":true,""rain_haze_strength"":0.08249999999999999,""apply_overcast_sky"":true,""overcast_mask_mean"":0.0012764992425218225,""extra_desat"":0.020999999999999998,""patchiness"":true,""brightness_randomness"":false,""apply_visibility_blur"":false,""visibility_blur_sigma"":0.0,""device"":""cuda""}",0.668458,0.268070,vignetting,0.999991,"{""haze_fog"":0.001091,""rain"":0.847127,""snow"":8.9e-05,""low_light"":0.754456,""motion_blur"":0.0,""defocus_blur"":0.009636,""glare_flare"":0.449875,""vignetting"":0.999991,""sensor_noise"":0.0,""exposure_shift"":0.006928,""compression"":0.798931,""lens_occlusion"":0.008184}","{""haze_fog"":0.045362,""rain"":0.247551,""snow"":0.064394,""low_light"":0.168952,""motion_blur"":0.038198,""defocus_blur"":0.040946,""glare_flare"":0.138193,""vignetting"":0.556471,""sensor_noise"":0.00102,""exposure_shift"":0.048656,""compression"":0.180273,""lens_occlusion"":0.119736}","[{""issue"":""vignetting"",""prob"":0.999991},{""issue"":""rain"",""prob"":0.847127},{""issue"":""compression"",""prob"":0.798931},{""issue"":""low_light"",""prob"":0.754456},{""issue"":""glare_flare"",""prob"":0.449875}]"
S06_rain_s4,S06,video_003,test,corrupted,rain,4,s4,0.55,0,-1.0,cloudy,night,urban,moderate,30,1280x720,128,corrupted/rain/s4/S06_rain_s4.mp4,"{""mask_mean"":0.06429466605186462,""severity"":0.55,""alpha"":0.2045082397244579,""eta"":1.265534984672698,""depth_separation_exp"":1.6,""density"":0.004595729122253984,""density_far"":0.0029872239294650893,""density_near"":0.001608505192788894,""base_angle_deg"":78.40876119929294,""far_angle_deg"":75.66489872506193,""near_angle_deg"":84.04953278795949,""blur_sigma"":0.6249789701012081,""invert_depth"":false,""multilayer"":true,""rainy_tone"":true,""apply_rain_haze"":true,""rain_haze_strength"":0.1125,""apply_overcast_sky"":true,""overcast_mask_mean"":0.0012764992425218225,""extra_desat"":0.033,""patchiness"":true,""brightness_randomness"":false,""apply_visibility_blur"":false,""visibility_blur_sigma"":0.0,""device"":""cuda""}",0.473973,0.186400,vignetting,0.999969,"{""haze_fog"":0.024918,""rain"":0.936206,""snow"":4.3e-05,""low_light"":0.760155,""motion_blur"":0.0,""defocus_blur"":0.012648,""glare_flare"":0.152548,""vignetting"":0.999969,""sensor_noise"":0.0,""exposure_shift"":0.048059,""compression"":0.920721,""lens_occlusion"":0.014036}","{""haze_fog"":0.056752,""rain"":0.397767,""snow"":0.072423,""low_light"":0.18936,""motion_blur"":0.02972,""defocus_blur"":0.055498,""glare_flare"":0.099423,""vignetting"":0.5491,""sensor_noise"":0.002294,""exposure_shift"":0.066423,""compression"":0.212788,""lens_occlusion"":0.099692}","[{""issue"":""vignetting"",""prob"":0.999969},{""issue"":""rain"",""prob"":0.936206},{""issue"":""compression"",""prob"":0.920721},{""issue"":""low_light"",""prob"":0.760155}]"
S06_rain_s5,S06,video_003,test,corrupted,rain,5,s5,0.75,0,-1.0,cloudy,night,urban,moderate,30,1280x720,128,corrupted/rain/s5/S06_rain_s5.mp4,"{""mask_mean"":0.07340092211961746,""severity"":0.75,""alpha"":0.21561429832410695,""eta"":1.4336326033473479,""depth_separation_exp"":1.6,""density"":0.0061986991473098425,""density_far"":0.004029154445751398,""density_near"":0.002169544701558445,""base_angle_deg"":76.96173579354358,""far_angle_deg"":73.76120499113557,""near_angle_deg"":79.96424514185782,""blur_sigma"":0.7538007260501787,""invert_depth"":false,""multilayer"":true,""rainy_tone"":true,""apply_rain_haze"":true,""rain_haze_strength"":0.1425,""apply_overcast_sky"":true,""overcast_mask_mean"":0.0012764992425218225,""extra_desat"":0.045,""patchiness"":true,""brightness_randomness"":false,""apply_visibility_blur"":false,""visibility_blur_sigma"":0.0,""device"":""cuda""}",0.273573,0.163521,vignetting,0.999967,"{""haze_fog"":0.078545,""rain"":0.996623,""snow"":1.1e-05,""low_light"":0.778459,""motion_blur"":0.0,""defocus_blur"":0.011469,""glare_flare"":0.210476,""vignetting"":0.999967,""sensor_noise"":0.0,""exposure_shift"":0.041449,""compression"":0.980049,""lens_occlusion"":0.028678}","{""haze_fog"":0.071512,""rain"":0.549216,""snow"":0.05316,""low_light"":0.2231,""motion_blur"":0.029926,""defocus_blur"":0.060593,""glare_flare"":0.114246,""vignetting"":0.553155,""sensor_noise"":0.004561,""exposure_shift"":0.076868,""compression"":0.194141,""lens_occlusion"":0.09687}","[{""issue"":""vignetting"",""prob"":0.999967},{""issue"":""rain"",""prob"":0.996623},{""issue"":""compression"",""prob"":0.980049},{""issue"":""low_light"",""prob"":0.778459}]"
S06_snow_s1,S06,video_003,test,corrupted,snow,1,s1,0.08,0,-1.0,cloudy,night,urban,moderate,30,1280x720,128,corrupted/snow/s1/S06_snow_s1.mp4,"{""mask_mean"":0.008009989745914936,""severity"":0.08,""severity_scaled"":0.010606252855487957,""alpha"":0.10047387738642546,""eta"":0.7275830950814656,""depth_separation_exp"":1.4,""density"":0.001191422200647347,""small_fraction"":0.5973484367861279,""medium_fraction"":0.3,""large_fraction"":0.10265156321387199,""small_density"":0.0007116941891089812,""medium_density"":0.0003574266601942041,""large_density"":0.00012230135134416162,""small_sigma"":0.6095456275699391,""medium_sigma"":1.4169700045687807,""large_sigma"":2.547728137849696,""invert_depth"":false,""apply_snow_haze"":true,""snow_haze_strength"":0.023818251027975666,""apply_overcast_sky"":true,""overcast_mask_mean"":0.0012764992425218225,""patchiness"":true,""apply_visibility_blur"":false,""visibility_blur_sigma"":0.0,""device"":""cuda""}",0.918467,0.336820,vignetting,0.999986,"{""haze_fog"":0.011395,""rain"":0.0,""snow"":0.023741,""low_light"":0.959969,""motion_blur"":0.0,""defocus_blur"":0.056163,""glare_flare"":0.201876,""vignetting"":0.999986,""sensor_noise"":0.0,""exposure_shift"":0.444468,""compression"":0.935629,""lens_occlusion"":0.016779}","{""haze_fog"":0.155465,""rain"":0.045511,""snow"":0.01408,""low_light"":0.192248,""motion_blur"":0.057049,""defocus_blur"":0.054216,""glare_flare"":0.097771,""vignetting"":0.484778,""sensor_noise"":0.001574,""exposure_shift"":0.153728,""compression"":0.222156,""lens_occlusion"":0.159966}","[{""issue"":""vignetting"",""prob"":0.999986},{""issue"":""low_light"",""prob"":0.959969},{""issue"":""compression"",""prob"":0.935629},{""issue"":""exposure_shift"",""prob"":0.444468}]"
S06_snow_s2,S06,video_003,test,corrupted,snow,2,s2,0.18,0,-1.0,cloudy,night,urban,moderate,30,1280x720,128,corrupted/snow/s2/S06_snow_s2.mp4,"{""mask_mean"":0.015028366819024086,""severity"":0.18,""severity_scaled"":0.04565522728706038,""alpha"":0.11543300770907226,""eta"":0.7655814645697934,""depth_separation_exp"":1.4,""density"":0.0019018374878570414,""small_fraction"":0.5885861931782348,""medium_fraction"":0.3,""large_fraction"":0.1114138068217651,""small_density"":0.0011193952870214333,""medium_density"":0.0005705512463571124,""large_density"":0.00021189095447849546,""small_sigma"":0.6410897045583543,""medium_sigma"":1.4730483636592966,""large_sigma"":2.7054485227917717,""invert_depth"":false,""apply_snow_haze"":true,""snow_haze_strength"":0.03643588182334174,""apply_overcast_sky"":true,""overcast_mask_mean"":0.0012764992425218225,""patchiness"":true,""apply_visibility_blur"":false,""visibility_blur_sigma"":0.0,""device"":""cuda""}",0.816752,0.337438,vignetting,0.999990,"{""haze_fog"":0.009346,""rain"":0.0,""snow"":0.003981,""low_light"":0.968002,""motion_blur"":0.0,""defocus_blur"":0.049725,""glare_flare"":0.209435,""vignetting"":0.99999,""sensor_noise"":0.0,""exposure_shift"":0.452403,""compression"":0.951103,""lens_occlusion"":0.019317}","{""haze_fog"":0.142376,""rain"":0.061032,""snow"":0.02508,""low_light"":0.194336,""motion_blur"":0.055154,""defocus_blur"":0.054175,""glare_flare"":0.10184,""vignetting"":0.485548,""sensor_noise"":0.002047,""exposure_shift"":0.144484,""compression"":0.242905,""lens_occlusion"":0.162292}","[{""issue"":""vignetting"",""prob"":0.99999},{""issue"":""low_light"",""prob"":0.968002},{""issue"":""compression"",""prob"":0.951103},{""issue"":""exposure_shift"",""prob"":0.452403}]"
S06_snow_s3,S06,video_003,test,corrupted,snow,3,s3,0.35,0,-1.0,cloudy,night,urban,moderate,30,1280x720,128,corrupted/snow/s3/S06_snow_s3.mp4,"{""mask_mean"":0.03021189570426941,""severity"":0.35,""severity_scaled"":0.15112018613329828,""alpha"":0.16889887266836842,""eta"":0.8312935904869047,""depth_separation_exp"":1.4,""density"":0.003749428083753979,""small_fraction"":0.5622199534666754,""medium_fraction"":0.3,""large_fraction"":0.13778004653332457,""small_density"":0.002108003282774808,""medium_density"":0.0011248284251261936,""large_density"":0.0005165963758529772,""small_sigma"":0.7360081675199684,""medium_sigma"":1.6417922978132773,""large_sigma"":3.1800408375998424,""invert_depth"":false,""apply_snow_haze"":true,""snow_haze_strength"":0.07440326700798738,""apply_overcast_sky"":true,""overcast_mask_mean"":0.0012764992425218225,""patchiness"":true,""apply_visibility_blur"":false,""visibility_blur_sigma"":0.0,""device"":""cuda""}",0.644424,0.325343,vignetting,0.999994,"{""haze_fog"":0.02289,""rain"":6e-06,""snow"":0.022191,""low_light"":0.953528,""motion_blur"":0.0,""defocus_blur"":0.033414,""glare_flare"":0.190471,""vignetting"":0.999994,""sensor_noise"":1e-06,""exposure_shift"":0.369131,""compression"":0.989469,""lens_occlusion"":0.020908}","{""haze_fog"":0.121366,""rain"":0.106186,""snow"":0.092444,""low_light"":0.204658,""motion_blur"":0.048202,""defocus_blur"":0.056009,""glare_flare"":0.113759,""vignetting"":0.488034,""sensor_noise"":0.004715,""exposure_shift"":0.110373,""compression"":0.310518,""lens_occlusion"":0.158778}","[{""issue"":""vignetting"",""prob"":0.999994},{""issue"":""compression"",""prob"":0.989469},{""issue"":""low_light"",""prob"":0.953528},{""issue"":""exposure_shift"",""prob"":0.369131}]"
S06_snow_s4,S06,video_003,test,corrupted,snow,4,s4,0.55,0,-1.0,cloudy,night,urban,moderate,30,1280x720,128,corrupted/snow/s4/S06_snow_s4.mp4,"{""mask_mean"":0.07043710350990295,""severity"":0.55,""severity_scaled"":0.34092028363462246,""alpha"":0.2450737960234499,""eta"":1.041217648058311,""depth_separation_exp"":1.4,""density"":0.0072477450560481755,""small_fraction"":0.5147699290913443,""medium_fraction"":0.3,""large_fraction"":0.18523007090865562,""small_density"":0.0037309212085740607,""medium_density"":0.0021743235168144525,""large_density"":0.0013425003306596617,""small_sigma"":0.9068282552711602,""medium_sigma"":1.945472453815396,""large_sigma"":4.034141276355801,""invert_depth"":false,""apply_snow_haze"":true,""snow_haze_strength"":0.14273130210846408,""apply_overcast_sky"":true,""overcast_mask_mean"":0.0012764992425218225,""patchiness"":true,""apply_visibility_blur"":false,""visibility_blur_sigma"":0.0,""device"":""cuda""}",0.442871,0.282777,vignetting,0.999992,"{""haze_fog"":0.038533,""rain"":2.8e-05,""snow"":0.253753,""low_light"":0.924543,""motion_blur"":0.0,""defocus_blur"":0.017887,""glare_flare"":0.082022,""vignetting"":0.999992,""sensor_noise"":9e-05,""exposure_shift"":0.462152,""compression"":0.997948,""lens_occlusion"":0.016204}","{""haze_fog"":0.103048,""rain"":0.126389,""snow"":0.235775,""low_light"":0.236185,""motion_blur"":0.031816,""defocus_blur"":0.055843,""glare_flare"":0.093962,""vignetting"":0.461908,""sensor_noise"":0.017386,""exposure_shift"":0.103418,""compression"":0.366851,""lens_occlusion"":0.136739}","[{""issue"":""vignetting"",""prob"":0.999992},{""issue"":""compression"",""prob"":0.997948},{""issue"":""low_light"",""prob"":0.924543},{""issue"":""exposure_shift"",""prob"":0.462152},{""issue"":""snow"",""prob"":0.253753}]"
S06_snow_s5,S06,video_003,test,corrupted,snow,5,s5,0.75,0,-1.0,cloudy,night,urban,moderate,30,1280x720,128,corrupted/snow/s5/S06_snow_s5.mp4,"{""mask_mean"":0.1452193260192871,""severity"":0.75,""severity_scaled"":0.5958134105899568,""alpha"":0.37237831175990976,""eta"":1.385272639345439,""depth_separation_exp"":1.4,""density"":0.011935100508101553,""small_fraction"":0.45104664735251077,""medium_fraction"":0.3,""large_fraction"":0.2489533526474892,""small_density"":0.005383287069994453,""medium_density"":0.0035805301524304656,""large_density"":0.0029712832856766333,""small_sigma"":1.1362320695309611,""medium_sigma"":2.353301456943931,""large_sigma"":5.181160347654806,""invert_depth"":false,""apply_snow_haze"":true,""snow_haze_strength"":0.23449282781238445,""apply_overcast_sky"":true,""overcast_mask_mean"":0.0012764992425218225,""patchiness"":true,""apply_visibility_blur"":false,""visibility_blur_sigma"":0.0,""device"":""cuda""}",0.243164,0.226278,vignetting,0.999989,"{""haze_fog"":0.062975,""rain"":4.9e-05,""snow"":0.724575,""low_light"":0.883634,""motion_blur"":0.0,""defocus_blur"":0.017373,""glare_flare"":0.019173,""vignetting"":0.999989,""sensor_noise"":0.000175,""exposure_shift"":0.642127,""compression"":0.999456,""lens_occlusion"":0.017604}","{""haze_fog"":0.104094,""rain"":0.151791,""snow"":0.346811,""low_light"":0.282148,""motion_blur"":0.034094,""defocus_blur"":0.055661,""glare_flare"":0.096614,""vignetting"":0.477368,""sensor_noise"":0.03082,""exposure_shift"":0.1205,""compression"":0.344228,""lens_occlusion"":0.147724}","[{""issue"":""vignetting"",""prob"":0.999989},{""issue"":""compression"",""prob"":0.999456},{""issue"":""low_light"",""prob"":0.883634},{""issue"":""snow"",""prob"":0.724575},{""issue"":""exposure_shift"",""prob"":0.642127}]"
S06_glare_flare_s1,S06,video_003,test,corrupted,glare_flare,1,s1,0.08,0,-1.0,cloudy,night,urban,moderate,30,1280x720,128,corrupted/glare_flare/s1/S06_glare_flare_s1.mp4,"{""severity"":0.08,""severity_scaled"":0.02262741699796952,""bright_thresh"":0.8161533391103452,""bloom_strength"":0.09289762768884263,""streak_enabled"":true,""streak_angle_deg"":-3.834668235245763,""ghosts_enabled"":true,""ghost_count"":1,""flare_mean"":0.0028643931727856398,""device"":""cuda""}",0.889636,0.271531,vignetting,0.999895,"{""haze_fog"":0.011016,""rain"":2e-06,""snow"":0.0,""low_light"":0.96544,""motion_blur"":2e-06,""defocus_blur"":0.078357,""glare_flare"":0.727916,""vignetting"":0.999895,""sensor_noise"":1e-06,""exposure_shift"":0.057831,""compression"":0.97547,""lens_occlusion"":0.035437}","{""haze_fog"":0.158643,""rain"":0.041808,""snow"":0.007186,""low_light"":0.220323,""motion_blur"":0.122542,""defocus_blur"":0.076679,""glare_flare"":0.192874,""vignetting"":0.502539,""sensor_noise"":0.003576,""exposure_shift"":0.11538,""compression"":0.225097,""lens_occlusion"":0.151586}","[{""issue"":""vignetting"",""prob"":0.999895},{""issue"":""compression"",""prob"":0.97547},{""issue"":""low_light"",""prob"":0.96544},{""issue"":""glare_flare"",""prob"":0.727916}]"
S06_glare_flare_s2,S06,video_003,test,corrupted,glare_flare,2,s2,0.18,0,-1.0,cloudy,night,urban,moderate,30,1280x720,128,corrupted/glare_flare/s2/S06_glare_flare_s2.mp4,"{""severity"":0.18,""severity_scaled"":0.07636753236814713,""bright_thresh"":0.807017519497415,""bloom_strength"":0.12352949344984387,""streak_enabled"":true,""streak_angle_deg"":3.24807817625722,""ghosts_enabled"":true,""ghost_count"":1,""flare_mean"":0.004122306127101183,""device"":""cuda""}",0.757049,0.259576,vignetting,0.999908,"{""haze_fog"":0.01081,""rain"":5e-06,""snow"":0.0,""low_light"":0.956986,""motion_blur"":2e-06,""defocus_blur"":0.069538,""glare_flare"":0.823004,""vignetting"":0.999908,""sensor_noise"":2e-06,""exposure_shift"":0.03306,""compression"":0.985789,""lens_occlusion"":0.027942}","{""haze_fog"":0.16181,""rain"":0.044398,""snow"":0.007998,""low_light"":0.23142,""motion_blur"":0.128756,""defocus_blur"":0.074811,""glare_flare"":0.220254,""vignetting"":0.504162,""sensor_noise"":0.004619,""exposure_shift"":0.10181,""compression"":0.238796,""lens_occlusion"":0.149623}","[{""issue"":""vignetting"",""prob"":0.999908},{""issue"":""compression"",""prob"":0.985789},{""issue"":""low_light"",""prob"":0.956986},{""issue"":""glare_flare"",""prob"":0.823004}]"
S06_glare_flare_s3,S06,video_003,test,corrupted,glare_flare,3,s3,0.35,0,-1.0,cloudy,night,urban,moderate,30,1280x720,128,corrupted/glare_flare/s3/S06_glare_flare_s3.mp4,"{""severity"":0.35,""severity_scaled"":0.20706279240848655,""bright_thresh"":0.7847993252905573,""bloom_strength"":0.19802579167283735,""streak_enabled"":true,""streak_angle_deg"":8.026223496382755,""ghosts_enabled"":true,""ghost_count"":2,""flare_mean"":0.008516108617186546,""device"":""cuda""}",0.546526,0.209874,vignetting,0.999949,"{""haze_fog"":0.011763,""rain"":0.0,""snow"":0.0,""low_light"":0.929878,""motion_blur"":8e-06,""defocus_blur"":0.063744,""glare_flare"":0.919523,""vignetting"":0.999949,""sensor_noise"":7e-06,""exposure_shift"":0.012882,""compression"":0.992954,""lens_occlusion"":0.028598}","{""haze_fog"":0.179456,""rain"":0.049668,""snow"":0.009591,""low_light"":0.245237,""motion_blur"":0.158775,""defocus_blur"":0.074836,""glare_flare"":0.292819,""vignetting"":0.508364,""sensor_noise"":0.007863,""exposure_shift"":0.089264,""compression"":0.269787,""lens_occlusion"":0.151493}","[{""issue"":""vignetting"",""prob"":0.999949},{""issue"":""compression"",""prob"":0.992954},{""issue"":""low_light"",""prob"":0.929878},{""issue"":""glare_flare"",""prob"":0.919523}]"
S06_glare_flare_s4,S06,video_003,test,corrupted,glare_flare,4,s4,0.55,0,-1.0,cloudy,night,urban,moderate,30,1280x720,128,corrupted/glare_flare/s4/S06_glare_flare_s4.mp4,"{""severity"":0.55,""severity_scaled"":0.4078909167902615,""bright_thresh"":0.7506585441456555,""bloom_strength"":0.3124978225704491,""streak_enabled"":true,""streak_angle_deg"":-5.037459032662365,""ghosts_enabled"":true,""ghost_count"":3,""flare_mean"":0.01843952387571335,""device"":""cuda""}",0.326310,0.144659,vignetting,0.999951,"{""haze_fog"":0.00679,""rain"":0.0,""snow"":0.0,""low_light"":0.914436,""motion_blur"":0.00012,""defocus_blur"":0.052579,""glare_flare"":0.994794,""vignetting"":0.999951,""sensor_noise"":6.2e-05,""exposure_shift"":0.004206,""compression"":0.992657,""lens_occlusion"":0.029468}","{""haze_fog"":0.173423,""rain"":0.055233,""snow"":0.010688,""low_light"":0.257551,""motion_blur"":0.218956,""defocus_blur"":0.07311,""glare_flare"":0.433271,""vignetting"":0.529983,""sensor_noise"":0.013988,""exposure_shift"":0.076363,""compression"":0.28481,""lens_occlusion"":0.161096}","[{""issue"":""vignetting"",""prob"":0.999951},{""issue"":""glare_flare"",""prob"":0.994794},{""issue"":""compression"",""prob"":0.992657},{""issue"":""low_light"",""prob"":0.914436}]"
S06_glare_flare_s5,S06,video_003,test,corrupted,glare_flare,5,s5,0.75,0,-1.0,cloudy,night,urban,moderate,30,1280x720,128,corrupted/glare_flare/s5/S06_glare_flare_s5.mp4,"{""severity"":0.75,""severity_scaled"":0.649519052838329,""bright_thresh"":0.709581761017484,""bloom_strength"":0.4502258601178476,""streak_enabled"":true,""streak_angle_deg"":-11.090552200919992,""ghosts_enabled"":true,""ghost_count"":4,""flare_mean"":0.03755546733736992,""device"":""cuda""}",0.143091,0.088557,vignetting,0.999766,"{""haze_fog"":0.002921,""rain"":0.0,""snow"":0.0,""low_light"":0.883584,""motion_blur"":0.021815,""defocus_blur"":0.045997,""glare_flare"":0.999328,""vignetting"":0.999766,""sensor_noise"":0.000552,""exposure_shift"":0.003245,""compression"":0.995333,""lens_occlusion"":0.038358}","{""haze_fog"":0.166501,""rain"":0.058523,""snow"":0.011483,""low_light"":0.269921,""motion_blur"":0.335075,""defocus_blur"":0.069536,""glare_flare"":0.593503,""vignetting"":0.534095,""sensor_noise"":0.021904,""exposure_shift"":0.07824,""compression"":0.294472,""lens_occlusion"":0.19698}","[{""issue"":""vignetting"",""prob"":0.999766},{""issue"":""glare_flare"",""prob"":0.999328},{""issue"":""compression"",""prob"":0.995333},{""issue"":""low_light"",""prob"":0.883584}]"
S06_motion_blur_s1,S06,video_003,test,corrupted,motion_blur,1,s1,0.08,0,-1.0,cloudy,night,urban,moderate,30,1280x720,128,corrupted/motion_blur/s1/S06_motion_blur_s1.mp4,"{""severity"":0.08,""ksize"":11,""n_points"":11,""accel"":0.05811878117965066,""linear"":true,""psf_smooth_sigma"":0.10028465080122395}",0.896599,0.153806,compression,0.983534,"{""haze_fog"":0.015369,""rain"":2e-06,""snow"":0.0,""low_light"":0.870357,""motion_blur"":0.025697,""defocus_blur"":0.113543,""glare_flare"":0.674502,""vignetting"":0.868412,""sensor_noise"":2.5e-05,""exposure_shift"":0.015313,""compression"":0.983534,""lens_occlusion"":0.036455}","{""haze_fog"":0.155203,""rain"":0.067551,""snow"":0.012472,""low_light"":0.228078,""motion_blur"":0.221459,""defocus_blur"":0.131384,""glare_flare"":0.305186,""vignetting"":0.487475,""sensor_noise"":0.007861,""exposure_shift"":0.117541,""compression"":0.43645,""lens_occlusion"":0.14131}","[{""issue"":""compression"",""prob"":0.983534},{""issue"":""low_light"",""prob"":0.870357},{""issue"":""vignetting"",""prob"":0.868412},{""issue"":""glare_flare"",""prob"":0.674502}]"
S06_motion_blur_s2,S06,video_003,test,corrupted,motion_blur,2,s2,0.18,0,-1.0,cloudy,night,urban,moderate,30,1280x720,128,corrupted/motion_blur/s2/S06_motion_blur_s2.mp4,"{""severity"":0.18,""ksize"":13,""n_points"":14,""accel"":0.13358716667129925,""linear"":true,""psf_smooth_sigma"":0.20350414410827244}",0.771227,0.124697,compression,0.987508,"{""haze_fog"":0.01351,""rain"":4e-06,""snow"":0.0,""low_light"":0.834218,""motion_blur"":0.063429,""defocus_blur"":0.124796,""glare_flare"":0.788928,""vignetting"":0.851398,""sensor_noise"":1.7e-05,""exposure_shift"":0.024994,""compression"":0.987508,""lens_occlusion"":0.046299}","{""haze_fog"":0.170755,""rain"":0.074738,""snow"":0.014706,""low_light"":0.234697,""motion_blur"":0.250608,""defocus_blur"":0.141692,""glare_flare"":0.339369,""vignetting"":0.492672,""sensor_noise"":0.009259,""exposure_shift"":0.1409,""compression"":0.461157,""lens_occlusion"":0.148677}","[{""issue"":""compression"",""prob"":0.987508},{""issue"":""vignetting"",""prob"":0.851398},{""issue"":""low_light"",""prob"":0.834218},{""issue"":""glare_flare"",""prob"":0.788928}]"
S06_motion_blur_s3,S06,video_003,test,corrupted,motion_blur,3,s3,0.35,0,-1.0,cloudy,night,urban,moderate,30,1280x720,128,corrupted/motion_blur/s3/S06_motion_blur_s3.mp4,"{""severity"":0.35,""ksize"":19,""n_points"":19,""accel"":0.25520293891156043,""linear"":true,""psf_smooth_sigma"":0.41835074677712025}",0.568989,0.082858,compression,0.987958,"{""haze_fog"":0.008874,""rain"":1e-05,""snow"":0.0,""low_light"":0.812584,""motion_blur"":0.363112,""defocus_blur"":0.149103,""glare_flare"":0.913758,""vignetting"":0.660178,""sensor_noise"":1.7e-05,""exposure_shift"":0.187025,""compression"":0.987958,""lens_occlusion"":0.030271}","{""haze_fog"":0.16974,""rain"":0.08899,""snow"":0.018581,""low_light"":0.236191,""motion_blur"":0.297259,""defocus_blur"":0.167037,""glare_flare"":0.425515,""vignetting"":0.461115,""sensor_noise"":0.008583,""exposure_shift"":0.218016,""compression"":0.520624,""lens_occlusion"":0.145748}","[{""issue"":""compression"",""prob"":0.987958},{""issue"":""glare_flare"",""prob"":0.913758},{""issue"":""low_light"",""prob"":0.812584},{""issue"":""vignetting"",""prob"":0.660178},{""issue"":""motion_blur"",""prob"":0.363112}]"
S06_motion_blur_s4,S06,video_003,test,corrupted,motion_blur,4,s4,0.55,0,-1.0,cloudy,night,urban,moderate,30,1280x720,128,corrupted/motion_blur/s4/S06_motion_blur_s4.mp4,"{""severity"":0.55,""ksize"":27,""n_points"":26,""accel"":0.46984888451898765,""linear"":false,""psf_smooth_sigma"":0.7100517916676523}",0.351605,0.056986,glare_flare,0.995887,"{""haze_fog"":0.006341,""rain"":0.000173,""snow"":0.0,""low_light"":0.674164,""motion_blur"":0.514404,""defocus_blur"":0.110025,""glare_flare"":0.995887,""vignetting"":0.459505,""sensor_noise"":2.5e-05,""exposure_shift"":0.64057,""compression"":0.978649,""lens_occlusion"":0.039587}","{""haze_fog"":0.128904,""rain"":0.110542,""snow"":0.025629,""low_light"":0.199353,""motion_blur"":0.322865,""defocus_blur"":0.147039,""glare_flare"":0.483471,""vignetting"":0.381634,""sensor_noise"":0.009054,""exposure_shift"":0.34004,""compression"":0.501876,""lens_occlusion"":0.146111}","[{""issue"":""glare_flare"",""prob"":0.995887},{""issue"":""compression"",""prob"":0.978649},{""issue"":""low_light"",""prob"":0.674164},{""issue"":""exposure_shift"",""prob"":0.64057},{""issue"":""motion_blur"",""prob"":0.514404},{""issue"":""vignetting"",""prob"":0.459505}]"
S06_motion_blur_s5,S06,video_003,test,corrupted,motion_blur,5,s5,0.75,0,-1.0,cloudy,night,urban,moderate,30,1280x720,128,corrupted/motion_blur/s5/S06_motion_blur_s5.mp4,"{""severity"":0.75,""ksize"":33,""n_points"":32,""accel"":0.5962860967748644,""linear"":true,""psf_smooth_sigma"":0.8780440135222342}",0.162893,0.045474,glare_flare,0.989840,"{""haze_fog"":0.000504,""rain"":6.3e-05,""snow"":0.0,""low_light"":0.457613,""motion_blur"":0.660876,""defocus_blur"":0.117663,""glare_flare"":0.98984,""vignetting"":0.304009,""sensor_noise"":1.7e-05,""exposure_shift"":0.764939,""compression"":0.976781,""lens_occlusion"":0.033421}","{""haze_fog"":0.117082,""rain"":0.115599,""snow"":0.026641,""low_light"":0.183634,""motion_blur"":0.325533,""defocus_blur"":0.155059,""glare_flare"":0.469515,""vignetting"":0.350686,""sensor_noise"":0.007817,""exposure_shift"":0.473309,""compression"":0.507436,""lens_occlusion"":0.139567}","[{""issue"":""glare_flare"",""prob"":0.98984},{""issue"":""compression"",""prob"":0.976781},{""issue"":""exposure_shift"",""prob"":0.764939},{""issue"":""motion_blur"",""prob"":0.660876},{""issue"":""low_light"",""prob"":0.457613},{""issue"":""vignetting"",""prob"":0.304009}]"
S06_defocus_blur_s1,S06,video_003,test,corrupted,defocus_blur,1,s1,0.08,0,-1.0,cloudy,night,urban,moderate,30,1280x720,128,corrupted/defocus_blur/s1/S06_defocus_blur_s1.mp4,"{""severity"":0.08,""sigma_max_eff"":2.4,""d_f"":0.8431694507598877,""invert_depth"":true,""n_layers"":16}",0.896599,0.304822,vignetting,0.999489,"{""haze_fog"":0.014082,""rain"":1e-06,""snow"":0.0,""low_light"":0.977068,""motion_blur"":0.0,""defocus_blur"":0.089891,""glare_flare"":0.336453,""vignetting"":0.999489,""sensor_noise"":0.0,""exposure_shift"":0.516061,""compression"":0.848978,""lens_occlusion"":0.026783}","{""haze_fog"":0.120255,""rain"":0.037702,""snow"":0.006692,""low_light"":0.193026,""motion_blur"":0.088416,""defocus_blur"":0.078317,""glare_flare"":0.126432,""vignetting"":0.482556,""sensor_noise"":0.001721,""exposure_shift"":0.178493,""compression"":0.187649,""lens_occlusion"":0.142616}","[{""issue"":""vignetting"",""prob"":0.999489},{""issue"":""low_light"",""prob"":0.977068},{""issue"":""compression"",""prob"":0.848978},{""issue"":""exposure_shift"",""prob"":0.516061},{""issue"":""glare_flare"",""prob"":0.336453}]"
S06_defocus_blur_s2,S06,video_003,test,corrupted,defocus_blur,2,s2,0.18,0,-1.0,cloudy,night,urban,moderate,30,1280x720,128,corrupted/defocus_blur/s2/S06_defocus_blur_s2.mp4,"{""severity"":0.18,""sigma_max_eff"":5.3999999999999995,""d_f"":0.8431694507598877,""invert_depth"":true,""n_layers"":16}",0.771227,0.305050,vignetting,0.999494,"{""haze_fog"":0.013717,""rain"":1e-06,""snow"":0.0,""low_light"":0.978285,""motion_blur"":0.0,""defocus_blur"":0.089782,""glare_flare"":0.336546,""vignetting"":0.999494,""sensor_noise"":0.0,""exposure_shift"":0.51542,""compression"":0.8492,""lens_occlusion"":0.026743}","{""haze_fog"":0.120027,""rain"":0.037679,""snow"":0.00665,""low_light"":0.19303,""motion_blur"":0.088446,""defocus_blur"":0.078284,""glare_flare"":0.126285,""vignetting"":0.482529,""sensor_noise"":0.001725,""exposure_shift"":0.178317,""compression"":0.187469,""lens_occlusion"":0.142691}","[{""issue"":""vignetting"",""prob"":0.999494},{""issue"":""low_light"",""prob"":0.978285},{""issue"":""compression"",""prob"":0.8492},{""issue"":""exposure_shift"",""prob"":0.51542},{""issue"":""glare_flare"",""prob"":0.336546}]"
S06_defocus_blur_s3,S06,video_003,test,corrupted,defocus_blur,3,s3,0.35,0,-1.0,cloudy,night,urban,moderate,30,1280x720,128,corrupted/defocus_blur/s3/S06_defocus_blur_s3.mp4,"{""severity"":0.35,""sigma_max_eff"":10.5,""d_f"":0.8431694507598877,""invert_depth"":true,""n_layers"":16}",0.568989,0.297303,vignetting,0.999416,"{""haze_fog"":0.009367,""rain"":1e-06,""snow"":0.0,""low_light"":0.981268,""motion_blur"":0.0,""defocus_blur"":0.090257,""glare_flare"":0.346497,""vignetting"":0.999416,""sensor_noise"":0.0,""exposure_shift"":0.486011,""compression"":0.854854,""lens_occlusion"":0.027783}","{""haze_fog"":0.119975,""rain"":0.038048,""snow"":0.00663,""low_light"":0.19618,""motion_blur"":0.08936,""defocus_blur"":0.077835,""glare_flare"":0.127342,""vignetting"":0.483394,""sensor_noise"":0.001767,""exposure_shift"":0.177263,""compression"":0.19016,""lens_occlusion"":0.144127}","[{""issue"":""vignetting"",""prob"":0.999416},{""issue"":""low_light"",""prob"":0.981268},{""issue"":""compression"",""prob"":0.854854},{""issue"":""exposure_shift"",""prob"":0.486011},{""issue"":""glare_flare"",""prob"":0.346497}]"
S06_defocus_blur_s4,S06,video_003,test,corrupted,defocus_blur,4,s4,0.55,0,-1.0,cloudy,night,urban,moderate,30,1280x720,128,corrupted/defocus_blur/s4/S06_defocus_blur_s4.mp4,"{""severity"":0.55,""sigma_max_eff"":16.5,""d_f"":0.8431694507598877,""invert_depth"":true,""n_layers"":16}",0.351605,0.259151,vignetting,0.998204,"{""haze_fog"":0.011377,""rain"":1e-06,""snow"":0.0,""low_light"":0.948623,""motion_blur"":1e-06,""defocus_blur"":0.088176,""glare_flare"":0.564863,""vignetting"":0.998204,""sensor_noise"":0.0,""exposure_shift"":0.157149,""compression"":0.9267,""lens_occlusion"":0.028998}","{""haze_fog"":0.136903,""rain"":0.047515,""snow"":0.008574,""low_light"":0.210834,""motion_blur"":0.11119,""defocus_blur"":0.084653,""glare_flare"":0.168411,""vignetting"":0.48579,""sensor_noise"":0.002988,""exposure_shift"":0.145958,""compression"":0.246972,""lens_occlusion"":0.148198}","[{""issue"":""vignetting"",""prob"":0.998204},{""issue"":""low_light"",""prob"":0.948623},{""issue"":""compression"",""prob"":0.9267},{""issue"":""glare_flare"",""prob"":0.564863}]"
S06_defocus_blur_s5,S06,video_003,test,corrupted,defocus_blur,5,s5,0.75,0,-1.0,cloudy,night,urban,moderate,30,1280x720,128,corrupted/defocus_blur/s5/S06_defocus_blur_s5.mp4,"{""severity"":0.75,""sigma_max_eff"":22.5,""d_f"":0.8431694507598877,""invert_depth"":true,""n_layers"":16}",0.162893,0.215516,vignetting,0.998598,"{""haze_fog"":0.014465,""rain"":6e-06,""snow"":0.0,""low_light"":0.907454,""motion_blur"":1.7e-05,""defocus_blur"":0.095125,""glare_flare"":0.724615,""vignetting"":0.998598,""sensor_noise"":2e-06,""exposure_shift"":0.009287,""compression"":0.970026,""lens_occlusion"":0.029372}","{""haze_fog"":0.159351,""rain"":0.060042,""snow"":0.012805,""low_light"":0.223327,""motion_blur"":0.139698,""defocus_blur"":0.100357,""glare_flare"":0.216446,""vignetting"":0.496555,""sensor_noise"":0.005641,""exposure_shift"":0.10311,""compression"":0.33486,""lens_occlusion"":0.147409}","[{""issue"":""vignetting"",""prob"":0.998598},{""issue"":""compression"",""prob"":0.970026},{""issue"":""low_light"",""prob"":0.907454},{""issue"":""glare_flare"",""prob"":0.724615}]"
S06_lens_occlusion_s1,S06,video_003,test,corrupted,lens_occlusion,1,s1,0.08,0,-1.0,cloudy,night,urban,moderate,30,1280x720,128,corrupted/lens_occlusion/s1/S06_lens_occlusion_s1.mp4,"{""severity"":0.08,""n_blobs"":10,""target_coverage"":0.08683796394240399,""coverage_reached"":0.09022026909722222,""blobs"":[{""cx"":889.3404057931785,""cy"":184.22647117920812,""R_px"":66.38474930182576,""k"":0.322279146761009,""alpha_strength"":0.45862022590543944},{""cx"":949.6280349636645,""cy"":138.81282426739227,""R_px"":52.22662149048508,""k"":0.3308877613414123,""alpha_strength"":0.49154486771551453},{""cx"":539.9064179069379,""cy"":358.1356312067901,""R_px"":54.81960442117295,""k"":0.360171116346994,""alpha_strength"":0.48135699816410943},{""cx"":526.4741291545085,""cy"":398.61550608657285,""R_px"":61.174048265773784,""k"":0.33056785232675706,""alpha_strength"":0.4707897873622055},{""cx"":178.5947574740533,""cy"":254.0376271015241,""R_px"":51.54215086552937,""k"":0.35894052547898064,""alpha_strength"":0.48977790284060585},{""cx"":572.9344007695895,""cy"":252.27509599853835,""R_px"":52.975558253969076,""k"":0.2767702888055294,""alpha_strength"":0.5039411910839333},{""cx"":239.7077608848454,""cy"":287.4811522945993,""R_px"":58.65596387017679,""k"":0.3130053238909043,""alpha_strength"":0.4653514207874733},{""cx"":424.6585440063735,""cy"":275.140626222731,""R_px"":68.44695843489875,""k"":0.3215582767438701,""alpha_strength"":0.46085159501187656},{""cx"":503.8276688882381,""cy"":259.7600168584627,""R_px"":52.4677134931408,""k"":0.32846212964587945,""alpha_strength"":0.4438847740485126},{""cx"":625.8982603954775,""cy"":187.90229468081566,""R_px"":64.41680158546184,""k"":0.2802566590992068,""alpha_strength"":0.46479757582414205}]}",0.877737,0.268229,vignetting,0.999544,"{""haze_fog"":0.008005,""rain"":5e-06,""snow"":0.0,""low_light"":0.93998,""motion_blur"":0.0,""defocus_blur"":0.08132,""glare_flare"":0.393592,""vignetting"":0.999544,""sensor_noise"":0.0,""exposure_shift"":0.46681,""compression"":0.890509,""lens_occlusion"":0.069951}","{""haze_fog"":0.132184,""rain"":0.04694,""snow"":0.008407,""low_light"":0.190956,""motion_blur"":0.092782,""defocus_blur"":0.073603,""glare_flare"":0.148036,""vignetting"":0.483731,""sensor_noise"":0.001885,""exposure_shift"":0.181672,""compression"":0.194158,""lens_occlusion"":0.164606}","[{""issue"":""vignetting"",""prob"":0.999544},{""issue"":""low_light"",""prob"":0.93998},{""issue"":""compression"",""prob"":0.890509},{""issue"":""exposure_shift"",""prob"":0.46681},{""issue"":""glare_flare"",""prob"":0.393592}]"
S06_lens_occlusion_s2,S06,video_003,test,corrupted,lens_occlusion,2,s2,0.18,0,-1.0,cloudy,night,urban,moderate,30,1280x720,128,corrupted/lens_occlusion/s2/S06_lens_occlusion_s2.mp4,"{""severity"":0.18,""n_blobs"":9,""target_coverage"":0.12819608774757496,""coverage_reached"":0.14818467881944444,""blobs"":[{""cx"":738.101145314708,""cy"":245.1165354537235,""R_px"":72.10308917460476,""k"":0.3709270997881733,""alpha_strength"":0.5389889144644554},{""cx"":919.9524658681469,""cy"":375.1744152909771,""R_px"":79.35834162388149,""k"":0.39861399851471224,""alpha_strength"":0.5110363753695772},{""cx"":317.22826889085877,""cy"":350.74086143131933,""R_px"":86.0133676291897,""k"":0.3465861395916574,""alpha_strength"":0.5137132662272996},{""cx"":307.46285724566496,""cy"":438.85114779357343,""R_px"":88.79004949621437,""k"":0.42731756333846904,""alpha_strength"":0.49358440665521797},{""cx"":600.1987991811819,""cy"":335.9433562522709,""R_px"":81.46993930965026,""k"":0.3712143847005104,""alpha_strength"":0.49702405846316927},{""cx"":842.6575539751366,""cy"":70.57486425249279,""R_px"":70.11160249200854,""k"":0.4357354634885385,""alpha_strength"":0.48111959909769614},{""cx"":869.5247694208625,""cy"":430.6032782829546,""R_px"":85.9882140035114,""k"":0.4359882043466307,""alpha_strength"":0.5219482520129205},{""cx"":316.4861816642738,""cy"":425.04795671993026,""R_px"":88.239644139094,""k"":0.37373660531747793,""alpha_strength"":0.5445619687521581},{""cx"":1012.4768138585276,""cy"":234.89744559201006,""R_px"":88.42300184641368,""k"":0.4043509112837704,""alpha_strength"":0.5595035877919521}]}",0.733170,0.270339,vignetting,0.999405,"{""haze_fog"":0.043621,""rain"":4.1e-05,""snow"":0.0,""low_light"":0.950054,""motion_blur"":0.0,""defocus_blur"":0.076056,""glare_flare"":0.392425,""vignetting"":0.999405,""sensor_noise"":0.0,""exposure_shift"":0.403849,""compression"":0.902775,""lens_occlusion"":0.039527}","{""haze_fog"":0.134436,""rain"":0.051079,""snow"":0.009211,""low_light"":0.18813,""motion_blur"":0.093336,""defocus_blur"":0.071853,""glare_flare"":0.146715,""vignetting"":0.486935,""sensor_noise"":0.001734,""exposure_shift"":0.174877,""compression"":0.198107,""lens_occlusion"":0.16071}","[{""issue"":""vignetting"",""prob"":0.999405},{""issue"":""low_light"",""prob"":0.950054},{""issue"":""compression"",""prob"":0.902775},{""issue"":""exposure_shift"",""prob"":0.403849},{""issue"":""glare_flare"",""prob"":0.392425}]"
S06_lens_occlusion_s3,S06,video_003,test,corrupted,lens_occlusion,3,s3,0.35,0,-1.0,cloudy,night,urban,moderate,30,1280x720,128,corrupted/lens_occlusion/s3/S06_lens_occlusion_s3.mp4,"{""severity"":0.35,""n_blobs"":6,""target_coverage"":0.20651238262623056,""coverage_reached"":0.20944010416666667,""blobs"":[{""cx"":787.7103021112027,""cy"":180.0718625721992,""R_px"":118.0550809826875,""k"":0.5182374883557583,""alpha_strength"":0.5813313920433681},{""cx"":938.4897451629079,""cy"":528.6826705203056,""R_px"":128.4849961570829,""k"":0.6254699489849241,""alpha_strength"":0.6011794627852359},{""cx"":878.4365049259759,""cy"":223.37832905631558,""R_px"":130.87027319119517,""k"":0.5490993254717214,""alpha_strength"":0.6515978420579825},{""cx"":640.7576834320695,""cy"":588.4565923825959,""R_px"":108.56477788670377,""k"":0.518849766390321,""alpha_strength"":0.6157931485196215},{""cx"":735.7431234034249,""cy"":250.10840577276537,""R_px"":129.7634297044086,""k"":0.5750994791300622,""alpha_strength"":0.572039887878567},{""cx"":582.4010934161051,""cy"":300.0016912030706,""R_px"":99.25989325470333,""k"":0.5020825917667747,""alpha_strength"":0.61091983837939}]}",0.509796,0.248636,vignetting,0.999283,"{""haze_fog"":0.020421,""rain"":1.4e-05,""snow"":0.0,""low_light"":0.962188,""motion_blur"":0.0,""defocus_blur"":0.079691,""glare_flare"":0.444587,""vignetting"":0.999283,""sensor_noise"":0.0,""exposure_shift"":0.35097,""compression"":0.961486,""lens_occlusion"":0.037862}","{""haze_fog"":0.157337,""rain"":0.055868,""snow"":0.009225,""low_light"":0.191613,""motion_blur"":0.104283,""defocus_blur"":0.077766,""glare_flare"":0.177851,""vignetting"":0.498095,""sensor_noise"":0.002332,""exposure_shift"":0.18257,""compression"":0.206869,""lens_occlusion"":0.154707}","[{""issue"":""vignetting"",""prob"":0.999283},{""issue"":""low_light"",""prob"":0.962188},{""issue"":""compression"",""prob"":0.961486},{""issue"":""glare_flare"",""prob"":0.444587},{""issue"":""exposure_shift"",""prob"":0.35097}]"
S06_lens_occlusion_s4,S06,video_003,test,corrupted,lens_occlusion,4,s4,0.55,0,-1.0,cloudy,night,urban,moderate,30,1280x720,128,corrupted/lens_occlusion/s4/S06_lens_occlusion_s4.mp4,"{""severity"":0.55,""n_blobs"":4,""target_coverage"":0.30638438084827657,""coverage_reached"":0.31051323784722223,""blobs"":[{""cx"":450.596141480975,""cy"":116.75973587733303,""R_px"":173.84734600181866,""k"":0.7275401995108942,""alpha_strength"":0.7700362491456122},{""cx"":935.7508661894467,""cy"":597.1770832948519,""R_px"":183.786015032435,""k"":0.7132317400244883,""alpha_strength"":0.7414848396875318},{""cx"":228.36210399369483,""cy"":411.4317104183537,""R_px"":173.57120474920166,""k"":0.620494857475532,""alpha_strength"":0.6892888442837327},{""cx"":305.65791483826706,""cy"":108.58010072592063,""R_px"":158.43329205687348,""k"":0.7001963529592239,""alpha_strength"":0.6968644865518264}]}",0.286830,0.224396,vignetting,0.999507,"{""haze_fog"":0.052021,""rain"":0.00016,""snow"":5e-06,""low_light"":0.893423,""motion_blur"":1.2e-05,""defocus_blur"":0.092838,""glare_flare"":0.315123,""vignetting"":0.999507,""sensor_noise"":0.0,""exposure_shift"":0.331601,""compression"":0.950946,""lens_occlusion"":0.092791}","{""haze_fog"":0.196478,""rain"":0.067892,""snow"":0.014784,""low_light"":0.193842,""motion_blur"":0.111784,""defocus_blur"":0.092407,""glare_flare"":0.174668,""vignetting"":0.507677,""sensor_noise"":0.002995,""exposure_shift"":0.203178,""compression"":0.244077,""lens_occlusion"":0.177354}","[{""issue"":""vignetting"",""prob"":0.999507},{""issue"":""compression"",""prob"":0.950946},{""issue"":""low_light"",""prob"":0.893423},{""issue"":""exposure_shift"",""prob"":0.331601},{""issue"":""glare_flare"",""prob"":0.315123}]"
S06_lens_occlusion_s5,S06,video_003,test,corrupted,lens_occlusion,5,s5,0.75,0,-1.0,cloudy,night,urban,moderate,30,1280x720,128,corrupted/lens_occlusion/s5/S06_lens_occlusion_s5.mp4,"{""severity"":0.75,""n_blobs"":3,""target_coverage"":0.41197882156696997,""coverage_reached"":0.4170865885416667,""blobs"":[{""cx"":884.6630863386882,""cy"":344.69961179882614,""R_px"":227.82747130961286,""k"":0.9569849514242162,""alpha_strength"":0.8679437411960979},{""cx"":436.14569054593767,""cy"":264.33908597228117,""R_px"":239.10004620380832,""k"":1.0196890097236322,""alpha_strength"":0.8691100639345524},{""cx"":1011.0770155784363,""cy"":341.9965548280441,""R_px"":242.90509079140713,""k"":0.8738445078334512,""alpha_strength"":0.8869259757852794}]}",0.114387,0.183453,vignetting,0.995631,"{""haze_fog"":0.085394,""rain"":9.9e-05,""snow"":2e-06,""low_light"":0.910022,""motion_blur"":0.000907,""defocus_blur"":0.11725,""glare_flare"":0.456221,""vignetting"":0.995631,""sensor_noise"":6e-06,""exposure_shift"":0.130193,""compression"":0.962238,""lens_occlusion"":0.055779}","{""haze_fog"":0.257157,""rain"":0.075662,""snow"":0.022973,""low_light"":0.213629,""motion_blur"":0.166773,""defocus_blur"":0.129742,""glare_flare"":0.252133,""vignetting"":0.498913,""sensor_noise"":0.005733,""exposure_shift"":0.214937,""compression"":0.312764,""lens_occlusion"":0.173052}","[{""issue"":""vignetting"",""prob"":0.995631},{""issue"":""compression"",""prob"":0.962238},{""issue"":""low_light"",""prob"":0.910022},{""issue"":""glare_flare"",""prob"":0.456221}]"
S06_sensor_noise_s1,S06,video_003,test,corrupted,sensor_noise,1,s1,0.08,0,-1.0,cloudy,night,urban,moderate,30,1280x720,128,corrupted/sensor_noise/s1/S06_sensor_noise_s1.mp4,"{""severity"":0.08,""sigma_r"":0.0029944249597457424,""sigma_s"":0.008931405996070577,""per_channel"":true}",0.928613,0.305310,vignetting,0.999070,"{""haze_fog"":0.010013,""rain"":1e-06,""snow"":0.0,""low_light"":0.96932,""motion_blur"":0.0,""defocus_blur"":0.091065,""glare_flare"":0.316176,""vignetting"":0.99907,""sensor_noise"":0.0,""exposure_shift"":0.546363,""compression"":0.873724,""lens_occlusion"":0.023691}","{""haze_fog"":0.121972,""rain"":0.040941,""snow"":0.006489,""low_light"":0.19199,""motion_blur"":0.088404,""defocus_blur"":0.077689,""glare_flare"":0.125273,""vignetting"":0.490281,""sensor_noise"":0.001615,""exposure_shift"":0.178247,""compression"":0.19118,""lens_occlusion"":0.139032}","[{""issue"":""vignetting"",""prob"":0.99907},{""issue"":""low_light"",""prob"":0.96932},{""issue"":""compression"",""prob"":0.873724},{""issue"":""exposure_shift"",""prob"":0.546363},{""issue"":""glare_flare"",""prob"":0.316176}]"
S06_sensor_noise_s2,S06,video_003,test,corrupted,sensor_noise,2,s2,0.18,0,-1.0,cloudy,night,urban,moderate,30,1280x720,128,corrupted/sensor_noise/s2/S06_sensor_noise_s2.mp4,"{""severity"":0.18,""sigma_r"":0.004768759449989821,""sigma_s"":0.017689172588499252,""per_channel"":true}",0.838388,0.304821,vignetting,0.999449,"{""haze_fog"":0.012523,""rain"":4e-06,""snow"":0.0,""low_light"":0.983845,""motion_blur"":0.0,""defocus_blur"":0.081695,""glare_flare"":0.308398,""vignetting"":0.999449,""sensor_noise"":0.0,""exposure_shift"":0.481844,""compression"":0.904371,""lens_occlusion"":0.028508}","{""haze_fog"":0.123869,""rain"":0.040277,""snow"":0.007741,""low_light"":0.196613,""motion_blur"":0.0827,""defocus_blur"":0.076475,""glare_flare"":0.126029,""vignetting"":0.488835,""sensor_noise"":0.001783,""exposure_shift"":0.178783,""compression"":0.197222,""lens_occlusion"":0.142689}","[{""issue"":""vignetting"",""prob"":0.999449},{""issue"":""low_light"",""prob"":0.983845},{""issue"":""compression"",""prob"":0.904371},{""issue"":""exposure_shift"",""prob"":0.481844},{""issue"":""glare_flare"",""prob"":0.308398}]"
S06_sensor_noise_s3,S06,video_003,test,corrupted,sensor_noise,3,s3,0.35,0,-1.0,cloudy,night,urban,moderate,30,1280x720,128,corrupted/sensor_noise/s3/S06_sensor_noise_s3.mp4,"{""severity"":0.35,""sigma_r"":0.007037953746419273,""sigma_s"":0.02680890408759106,""per_channel"":true}",0.682056,0.363451,vignetting,0.998431,"{""haze_fog"":0.000701,""rain"":1e-06,""snow"":0.00023,""low_light"":0.997699,""motion_blur"":0.0,""defocus_blur"":0.071872,""glare_flare"":0.32092,""vignetting"":0.998431,""sensor_noise"":1e-05,""exposure_shift"":0.266032,""compression"":0.885696,""lens_occlusion"":0.014868}","{""haze_fog"":0.117947,""rain"":0.024079,""snow"":0.005637,""low_light"":0.205845,""motion_blur"":0.080304,""defocus_blur"":0.069859,""glare_flare"":0.113104,""vignetting"":0.453017,""sensor_noise"":0.003345,""exposure_shift"":0.151115,""compression"":0.195587,""lens_occlusion"":0.136195}","[{""issue"":""vignetting"",""prob"":0.998431},{""issue"":""low_light"",""prob"":0.997699},{""issue"":""compression"",""prob"":0.885696},{""issue"":""glare_flare"",""prob"":0.32092},{""issue"":""exposure_shift"",""prob"":0.266032}]"
S06_sensor_noise_s4,S06,video_003,test,corrupted,sensor_noise,4,s4,0.55,0,-1.0,cloudy,night,urban,moderate,30,1280x720,128,corrupted/sensor_noise/s4/S06_sensor_noise_s4.mp4,"{""severity"":0.55,""sigma_r"":0.011644777069587883,""sigma_s"":0.04792078153354949,""per_channel"":true}",0.492001,0.349901,vignetting,0.999608,"{""haze_fog"":2e-05,""rain"":0.0,""snow"":1e-06,""low_light"":0.998791,""motion_blur"":1e-06,""defocus_blur"":0.050925,""glare_flare"":0.447104,""vignetting"":0.999608,""sensor_noise"":3.2e-05,""exposure_shift"":0.039495,""compression"":0.911897,""lens_occlusion"":0.024623}","{""haze_fog"":0.103932,""rain"":0.03455,""snow"":0.010503,""low_light"":0.236528,""motion_blur"":0.092034,""defocus_blur"":0.068235,""glare_flare"":0.173926,""vignetting"":0.46481,""sensor_noise"":0.006733,""exposure_shift"":0.098757,""compression"":0.180294,""lens_occlusion"":0.148827}","[{""issue"":""vignetting"",""prob"":0.999608},{""issue"":""low_light"",""prob"":0.998791},{""issue"":""compression"",""prob"":0.911897},{""issue"":""glare_flare"",""prob"":0.447104}]"
S06_sensor_noise_s5,S06,video_003,test,corrupted,sensor_noise,5,s5,0.75,0,-1.0,cloudy,night,urban,moderate,30,1280x720,128,corrupted/sensor_noise/s5/S06_sensor_noise_s5.mp4,"{""severity"":0.75,""sigma_r"":0.01616957164494944,""sigma_s"":0.06460316050912089,""per_channel"":true}",0.291891,0.292144,vignetting,0.999342,"{""haze_fog"":3.9e-05,""rain"":3e-06,""snow"":2e-06,""low_light"":0.995662,""motion_blur"":0.0,""defocus_blur"":0.039434,""glare_flare"":0.519468,""vignetting"":0.999342,""sensor_noise"":0.000634,""exposure_shift"":0.005743,""compression"":0.964295,""lens_occlusion"":0.027459}","{""haze_fog"":0.112284,""rain"":0.059347,""snow"":0.012637,""low_light"":0.29093,""motion_blur"":0.086075,""defocus_blur"":0.067279,""glare_flare"":0.235161,""vignetting"":0.503708,""sensor_noise"":0.016864,""exposure_shift"":0.064314,""compression"":0.151916,""lens_occlusion"":0.163321}","[{""issue"":""vignetting"",""prob"":0.999342},{""issue"":""low_light"",""prob"":0.995662},{""issue"":""compression"",""prob"":0.964295},{""issue"":""glare_flare"",""prob"":0.519468}]"
S06_low_light_s1,S06,video_003,test,corrupted,low_light,1,s1,0.08,0,-1.0,cloudy,night,urban,moderate,30,1280x720,128,corrupted/low_light/s1/S06_low_light_s1.mp4,"{""severity"":0.08,""gamma"":1.3511170932776395,""sigma_r"":0.004134343273608062,""sigma_s"":0.014193417695098114,""amp_r"":2.0,""amp_s"":3.0,""desat"":0.02,""per_channel"":true}",0.911980,0.375007,vignetting,0.996920,"{""haze_fog"":1e-06,""rain"":0.0,""snow"":0.0,""low_light"":0.995606,""motion_blur"":0.0,""defocus_blur"":0.121983,""glare_flare"":0.11444,""vignetting"":0.99692,""sensor_noise"":0.0,""exposure_shift"":0.865041,""compression"":0.352943,""lens_occlusion"":0.01413}","{""haze_fog"":0.049504,""rain"":0.023666,""snow"":0.002786,""low_light"":0.160951,""motion_blur"":0.081017,""defocus_blur"":0.088538,""glare_flare"":0.063414,""vignetting"":0.462331,""sensor_noise"":0.000218,""exposure_shift"":0.283582,""compression"":0.114955,""lens_occlusion"":0.108263}","[{""issue"":""vignetting"",""prob"":0.99692},{""issue"":""low_light"",""prob"":0.995606},{""issue"":""exposure_shift"",""prob"":0.865041},{""issue"":""compression"",""prob"":0.352943}]"
S06_low_light_s2,S06,video_003,test,corrupted,low_light,2,s2,0.18,0,-1.0,cloudy,night,urban,moderate,30,1280x720,128,corrupted/low_light/s2/S06_low_light_s2.mp4,"{""severity"":0.18,""gamma"":1.7667106023470123,""sigma_r"":0.006850502744246631,""sigma_s"":0.029736186949136247,""amp_r"":2.0,""amp_s"":3.0,""desat"":0.045,""per_channel"":true}",0.803090,0.403094,low_light,0.997845,"{""haze_fog"":3e-06,""rain"":1e-06,""snow"":0.0,""low_light"":0.997845,""motion_blur"":0.0,""defocus_blur"":0.137414,""glare_flare"":0.123619,""vignetting"":0.997665,""sensor_noise"":0.0,""exposure_shift"":0.87112,""compression"":0.283155,""lens_occlusion"":0.010928}","{""haze_fog"":0.048737,""rain"":0.019473,""snow"":0.00242,""low_light"":0.168418,""motion_blur"":0.077455,""defocus_blur"":0.09202,""glare_flare"":0.056342,""vignetting"":0.460825,""sensor_noise"":0.000256,""exposure_shift"":0.329852,""compression"":0.096211,""lens_occlusion"":0.102521}","[{""issue"":""low_light"",""prob"":0.997845},{""issue"":""vignetting"",""prob"":0.997665},{""issue"":""exposure_shift"",""prob"":0.87112},{""issue"":""compression"",""prob"":0.283155}]"
S06_low_light_s3,S06,video_003,test,corrupted,low_light,3,s3,0.35,0,-1.0,cloudy,night,urban,moderate,30,1280x720,128,corrupted/low_light/s3/S06_low_light_s3.mp4,"{""severity"":0.35,""gamma"":2.019251218973743,""sigma_r"":0.01473878359870447,""sigma_s"":0.07308234689853366,""amp_r"":2.0,""amp_s"":3.0,""desat"":0.0875,""per_channel"":true}",0.621254,0.444368,vignetting,0.999037,"{""haze_fog"":0.0,""rain"":0.0,""snow"":0.0,""low_light"":0.996527,""motion_blur"":1e-06,""defocus_blur"":0.113027,""glare_flare"":0.139805,""vignetting"":0.999037,""sensor_noise"":0.0,""exposure_shift"":0.809197,""compression"":0.40497,""lens_occlusion"":0.014434}","{""haze_fog"":0.051439,""rain"":0.022404,""snow"":0.002901,""low_light"":0.196015,""motion_blur"":0.070994,""defocus_blur"":0.088238,""glare_flare"":0.076915,""vignetting"":0.463115,""sensor_noise"":0.00062,""exposure_shift"":0.304178,""compression"":0.079076,""lens_occlusion"":0.110292}","[{""issue"":""vignetting"",""prob"":0.999037},{""issue"":""low_light"",""prob"":0.996527},{""issue"":""exposure_shift"",""prob"":0.809197},{""issue"":""compression"",""prob"":0.40497}]"
S06_low_light_s4,S06,video_003,test,corrupted,low_light,4,s4,0.55,0,-1.0,cloudy,night,urban,moderate,30,1280x720,128,corrupted/low_light/s4/S06_low_light_s4.mp4,"{""severity"":0.55,""gamma"":2.2425510649175027,""sigma_r"":0.023145008748880955,""sigma_s"":0.12417787297735168,""amp_r"":2.0,""amp_s"":3.0,""desat"":0.1375,""per_channel"":true}",0.413809,0.449142,vignetting,0.999898,"{""haze_fog"":0.0,""rain"":7.4e-05,""snow"":2e-06,""low_light"":0.982781,""motion_blur"":0.0,""defocus_blur"":0.052736,""glare_flare"":0.111474,""vignetting"":0.999898,""sensor_noise"":0.0,""exposure_shift"":0.350731,""compression"":0.796112,""lens_occlusion"":0.012558}","{""haze_fog"":0.077753,""rain"":0.063668,""snow"":0.010063,""low_light"":0.237918,""motion_blur"":0.045433,""defocus_blur"":0.064331,""glare_flare"":0.110603,""vignetting"":0.474234,""sensor_noise"":0.001103,""exposure_shift"":0.162843,""compression"":0.086897,""lens_occlusion"":0.120664}","[{""issue"":""vignetting"",""prob"":0.999898},{""issue"":""low_light"",""prob"":0.982781},{""issue"":""compression"",""prob"":0.796112},{""issue"":""exposure_shift"",""prob"":0.350731}]"
S06_low_light_s5,S06,video_003,test,corrupted,low_light,5,s5,0.75,0,-1.0,cloudy,night,urban,moderate,30,1280x720,128,corrupted/low_light/s5/S06_low_light_s5.mp4,"{""severity"":0.75,""gamma"":2.5236791853808995,""sigma_r"":0.03612583519557047,""sigma_s"":0.24300211674564226,""amp_r"":2.0,""amp_s"":3.0,""desat"":0.1875,""per_channel"":true}",0.216134,0.332835,low_light,1.000000,"{""haze_fog"":0.0,""rain"":2e-06,""snow"":1.3e-05,""low_light"":1.0,""motion_blur"":0.0,""defocus_blur"":0.021966,""glare_flare"":0.461358,""vignetting"":0.999973,""sensor_noise"":0.125546,""exposure_shift"":0.037018,""compression"":0.92586,""lens_occlusion"":0.023282}","{""haze_fog"":0.0809,""rain"":0.129774,""snow"":0.030444,""low_light"":0.522071,""motion_blur"":0.022567,""defocus_blur"":0.046874,""glare_flare"":0.180832,""vignetting"":0.340407,""sensor_noise"":0.039175,""exposure_shift"":0.048667,""compression"":0.071344,""lens_occlusion"":0.105181}","[{""issue"":""low_light"",""prob"":1.0},{""issue"":""vignetting"",""prob"":0.999973},{""issue"":""compression"",""prob"":0.92586},{""issue"":""glare_flare"",""prob"":0.461358}]"
S06_overexposure_s1,S06,video_003,test,corrupted,overexposure,1,s1,0.08,0,-1.0,cloudy,night,urban,moderate,30,1280x720,128,corrupted/overexposure/s1/S06_overexposure_s1.mp4,"{""severity"":0.08,""delta_ev"":0.16,""scale"":1.11728713807222}",0.934886,0.309961,vignetting,0.999757,"{""haze_fog"":0.011792,""rain"":2e-06,""snow"":0.0,""low_light"":0.975437,""motion_blur"":0.0,""defocus_blur"":0.085143,""glare_flare"":0.294495,""vignetting"":0.999757,""sensor_noise"":0.0,""exposure_shift"":0.44594,""compression"":0.887204,""lens_occlusion"":0.03242}","{""haze_fog"":0.126049,""rain"":0.033835,""snow"":0.005746,""low_light"":0.18917,""motion_blur"":0.087911,""defocus_blur"":0.075743,""glare_flare"":0.124112,""vignetting"":0.480569,""sensor_noise"":0.001843,""exposure_shift"":0.156308,""compression"":0.191221,""lens_occlusion"":0.149292}","[{""issue"":""vignetting"",""prob"":0.999757},{""issue"":""low_light"",""prob"":0.975437},{""issue"":""compression"",""prob"":0.887204},{""issue"":""exposure_shift"",""prob"":0.44594},{""issue"":""glare_flare"",""prob"":0.294495}]"
S06_overexposure_s2,S06,video_003,test,corrupted,overexposure,2,s2,0.18,0,-1.0,cloudy,night,urban,moderate,30,1280x720,128,corrupted/overexposure/s2/S06_overexposure_s2.mp4,"{""severity"":0.18,""delta_ev"":0.36,""scale"":1.2834258975629043}",0.851932,0.323726,vignetting,0.999898,"{""haze_fog"":0.025402,""rain"":1e-06,""snow"":0.0,""low_light"":0.968298,""motion_blur"":0.0,""defocus_blur"":0.084021,""glare_flare"":0.247774,""vignetting"":0.999898,""sensor_noise"":0.0,""exposure_shift"":0.436187,""compression"":0.907547,""lens_occlusion"":0.049309}","{""haze_fog"":0.137451,""rain"":0.030645,""snow"":0.005257,""low_light"":0.190854,""motion_blur"":0.085072,""defocus_blur"":0.075197,""glare_flare"":0.117975,""vignetting"":0.467248,""sensor_noise"":0.00198,""exposure_shift"":0.146544,""compression"":0.186122,""lens_occlusion"":0.154389}","[{""issue"":""vignetting"",""prob"":0.999898},{""issue"":""low_light"",""prob"":0.968298},{""issue"":""compression"",""prob"":0.907547},{""issue"":""exposure_shift"",""prob"":0.436187}]"
S06_overexposure_s3,S06,video_003,test,corrupted,overexposure,3,s3,0.35,0,-1.0,cloudy,night,urban,moderate,30,1280x720,128,corrupted/overexposure/s3/S06_overexposure_s3.mp4,"{""severity"":0.35,""delta_ev"":0.7,""scale"":1.624504792712471}",0.706200,0.341401,vignetting,0.999947,"{""haze_fog"":0.020971,""rain"":0.0,""snow"":0.0,""low_light"":0.977379,""motion_blur"":0.0,""defocus_blur"":0.079688,""glare_flare"":0.10509,""vignetting"":0.999947,""sensor_noise"":0.0,""exposure_shift"":0.522543,""compression"":0.923145,""lens_occlusion"":0.034122}","{""haze_fog"":0.143309,""rain"":0.029932,""snow"":0.005376,""low_light"":0.193656,""motion_blur"":0.081357,""defocus_blur"":0.074445,""glare_flare"":0.110198,""vignetting"":0.459241,""sensor_noise"":0.002024,""exposure_shift"":0.138535,""compression"":0.18308,""lens_occlusion"":0.15747}","[{""issue"":""vignetting"",""prob"":0.999947},{""issue"":""low_light"",""prob"":0.977379},{""issue"":""compression"",""prob"":0.923145},{""issue"":""exposure_shift"",""prob"":0.522543}]"
S06_overexposure_s4,S06,video_003,test,corrupted,overexposure,4,s4,0.55,0,-1.0,cloudy,night,urban,moderate,30,1280x720,128,corrupted/overexposure/s4/S06_overexposure_s4.mp4,"{""severity"":0.55,""delta_ev"":1.1,""scale"":2.1435469250725863}",0.524770,0.328053,vignetting,0.999966,"{""haze_fog"":0.020977,""rain"":1e-06,""snow"":0.0,""low_light"":0.963362,""motion_blur"":0.0,""defocus_blur"":0.068335,""glare_flare"":0.07067,""vignetting"":0.999966,""sensor_noise"":1e-06,""exposure_shift"":0.646797,""compression"":0.952673,""lens_occlusion"":0.050591}","{""haze_fog"":0.150006,""rain"":0.034733,""snow"":0.007439,""low_light"":0.203555,""motion_blur"":0.077919,""defocus_blur"":0.072804,""glare_flare"":0.113055,""vignetting"":0.441757,""sensor_noise"":0.003266,""exposure_shift"":0.142728,""compression"":0.189667,""lens_occlusion"":0.171612}","[{""issue"":""vignetting"",""prob"":0.999966},{""issue"":""low_light"",""prob"":0.963362},{""issue"":""compression"",""prob"":0.952673},{""issue"":""exposure_shift"",""prob"":0.646797}]"
S06_overexposure_s5,S06,video_003,test,corrupted,overexposure,5,s5,0.75,0,-1.0,cloudy,night,urban,moderate,30,1280x720,128,corrupted/overexposure/s5/S06_overexposure_s5.mp4,"{""severity"":0.75,""delta_ev"":1.5,""scale"":2.8284271247461903}",0.326465,0.306500,vignetting,0.999927,"{""haze_fog"":0.024673,""rain"":0.0,""snow"":5e-06,""low_light"":0.930117,""motion_blur"":0.0,""defocus_blur"":0.06735,""glare_flare"":0.07157,""vignetting"":0.999927,""sensor_noise"":4e-06,""exposure_shift"":0.701368,""compression"":0.968145,""lens_occlusion"":0.052638}","{""haze_fog"":0.147549,""rain"":0.033119,""snow"":0.007971,""low_light"":0.201638,""motion_blur"":0.081606,""defocus_blur"":0.072613,""glare_flare"":0.119548,""vignetting"":0.409535,""sensor_noise"":0.005549,""exposure_shift"":0.153318,""compression"":0.210708,""lens_occlusion"":0.17943}","[{""issue"":""vignetting"",""prob"":0.999927},{""issue"":""compression"",""prob"":0.968145},{""issue"":""low_light"",""prob"":0.930117},{""issue"":""exposure_shift"",""prob"":0.701368}]"
S06_underexposure_s1,S06,video_003,test,corrupted,underexposure,1,s1,0.08,0,-1.0,cloudy,night,urban,moderate,30,1280x720,128,corrupted/underexposure/s1/S06_underexposure_s1.mp4,"{""severity"":0.08,""delta_ev"":-0.16,""scale"":0.8950250709279725}",0.934886,0.299125,vignetting,0.999893,"{""haze_fog"":0.018889,""rain"":5e-06,""snow"":0.0,""low_light"":0.973153,""motion_blur"":0.0,""defocus_blur"":0.081262,""glare_flare"":0.207068,""vignetting"":0.999893,""sensor_noise"":0.0,""exposure_shift"":0.905016,""compression"":0.849006,""lens_occlusion"":0.025308}","{""haze_fog"":0.119271,""rain"":0.061406,""snow"":0.01229,""low_light"":0.186943,""motion_blur"":0.068149,""defocus_blur"":0.075062,""glare_flare"":0.103734,""vignetting"":0.477231,""sensor_noise"":0.001282,""exposure_shift"":0.287878,""compression"":0.168124,""lens_occlusion"":0.139559}","[{""issue"":""vignetting"",""prob"":0.999893},{""issue"":""low_light"",""prob"":0.973153},{""issue"":""exposure_shift"",""prob"":0.905016},{""issue"":""compression"",""prob"":0.849006}]"
S06_underexposure_s2,S06,video_003,test,corrupted,underexposure,2,s2,0.18,0,-1.0,cloudy,night,urban,moderate,30,1280x720,128,corrupted/underexposure/s2/S06_underexposure_s2.mp4,"{""severity"":0.18,""delta_ev"":-0.36,""scale"":0.7791645796604999}",0.851932,0.299555,vignetting,0.999857,"{""haze_fog"":0.022124,""rain"":2.6e-05,""snow"":1e-06,""low_light"":0.942506,""motion_blur"":0.0,""defocus_blur"":0.073189,""glare_flare"":0.079056,""vignetting"":0.999857,""sensor_noise"":0.0,""exposure_shift"":0.981456,""compression"":0.867079,""lens_occlusion"":0.015675}","{""haze_fog"":0.109731,""rain"":0.068425,""snow"":0.015166,""low_light"":0.181032,""motion_blur"":0.053491,""defocus_blur"":0.072192,""glare_flare"":0.08078,""vignetting"":0.459385,""sensor_noise"":0.000778,""exposure_shift"":0.378228,""compression"":0.13875,""lens_occlusion"":0.121945}","[{""issue"":""vignetting"",""prob"":0.999857},{""issue"":""exposure_shift"",""prob"":0.981456},{""issue"":""low_light"",""prob"":0.942506},{""issue"":""compression"",""prob"":0.867079}]"
S06_underexposure_s3,S06,video_003,test,corrupted,underexposure,3,s3,0.35,0,-1.0,cloudy,night,urban,moderate,30,1280x720,128,corrupted/underexposure/s3/S06_underexposure_s3.mp4,"{""severity"":0.35,""delta_ev"":-0.7,""scale"":0.6155722066724582}",0.706200,0.230330,vignetting,0.999313,"{""haze_fog"":0.014975,""rain"":7e-06,""snow"":0.0,""low_light"":0.873413,""motion_blur"":0.0,""defocus_blur"":0.089361,""glare_flare"":0.012589,""vignetting"":0.999313,""sensor_noise"":0.0,""exposure_shift"":0.999188,""compression"":0.900633,""lens_occlusion"":0.016274}","{""haze_fog"":0.112267,""rain"":0.081204,""snow"":0.016176,""low_light"":0.171489,""motion_blur"":0.056253,""defocus_blur"":0.079293,""glare_flare"":0.065502,""vignetting"":0.458203,""sensor_noise"":0.000542,""exposure_shift"":0.545502,""compression"":0.136138,""lens_occlusion"":0.120339}","[{""issue"":""vignetting"",""prob"":0.999313},{""issue"":""exposure_shift"",""prob"":0.999188},{""issue"":""compression"",""prob"":0.900633},{""issue"":""low_light"",""prob"":0.873413}]"
S06_underexposure_s4,S06,video_003,test,corrupted,underexposure,4,s4,0.55,0,-1.0,cloudy,night,urban,moderate,30,1280x720,128,corrupted/underexposure/s4/S06_underexposure_s4.mp4,"{""severity"":0.55,""delta_ev"":-1.1,""scale"":0.4665164957684037}",0.524770,0.163106,exposure_shift,0.999825,"{""haze_fog"":0.001185,""rain"":3e-06,""snow"":0.0,""low_light"":0.796323,""motion_blur"":0.0,""defocus_blur"":0.11883,""glare_flare"":0.008327,""vignetting"":0.976789,""sensor_noise"":0.0,""exposure_shift"":0.999825,""compression"":0.896512,""lens_occlusion"":0.011785}","{""haze_fog"":0.115436,""rain"":0.079834,""snow"":0.014854,""low_light"":0.163873,""motion_blur"":0.075855,""defocus_blur"":0.09797,""glare_flare"":0.056253,""vignetting"":0.435426,""sensor_noise"":0.000543,""exposure_shift"":0.719345,""compression"":0.150887,""lens_occlusion"":0.110494}","[{""issue"":""exposure_shift"",""prob"":0.999825},{""issue"":""vignetting"",""prob"":0.976789},{""issue"":""compression"",""prob"":0.896512},{""issue"":""low_light"",""prob"":0.796323}]"
S06_underexposure_s5,S06,video_003,test,corrupted,underexposure,5,s5,0.75,0,-1.0,cloudy,night,urban,moderate,30,1280x720,128,corrupted/underexposure/s5/S06_underexposure_s5.mp4,"{""severity"":0.75,""delta_ev"":-1.5,""scale"":0.3535533905932738}",0.326465,0.114535,exposure_shift,0.999963,"{""haze_fog"":6.1e-05,""rain"":1e-06,""snow"":0.0,""low_light"":0.57333,""motion_blur"":1.2e-05,""defocus_blur"":0.173359,""glare_flare"":0.00643,""vignetting"":0.705218,""sensor_noise"":0.0,""exposure_shift"":0.999963,""compression"":0.863833,""lens_occlusion"":0.009128}","{""haze_fog"":0.126788,""rain"":0.084647,""snow"":0.014151,""low_light"":0.151386,""motion_blur"":0.118781,""defocus_blur"":0.137138,""glare_flare"":0.058257,""vignetting"":0.416389,""sensor_noise"":0.000519,""exposure_shift"":0.833246,""compression"":0.170418,""lens_occlusion"":0.109811}","[{""issue"":""exposure_shift"",""prob"":0.999963},{""issue"":""compression"",""prob"":0.863833},{""issue"":""vignetting"",""prob"":0.705218},{""issue"":""low_light"",""prob"":0.57333}]"
S06_jpeg_compression_s1,S06,video_003,test,corrupted,jpeg_compression,1,s1,0.08,0,-1.0,cloudy,night,urban,moderate,30,1280x720,128,corrupted/jpeg_compression/s1/S06_jpeg_compression_s1.mp4,"{""severity"":0.08,""quality"":89,""encode_ok"":true}",0.947560,0.295366,vignetting,0.999144,"{""haze_fog"":0.014338,""rain"":0.0,""snow"":0.0,""low_light"":0.981804,""motion_blur"":0.0,""defocus_blur"":0.108941,""glare_flare"":0.2895,""vignetting"":0.999144,""sensor_noise"":0.0,""exposure_shift"":0.645625,""compression"":0.90187,""lens_occlusion"":0.024459}","{""haze_fog"":0.131858,""rain"":0.036944,""snow"":0.005585,""low_light"":0.217565,""motion_blur"":0.083453,""defocus_blur"":0.079533,""glare_flare"":0.11872,""vignetting"":0.479738,""sensor_noise"":0.001912,""exposure_shift"":0.197293,""compression"":0.187505,""lens_occlusion"":0.134094}","[{""issue"":""vignetting"",""prob"":0.999144},{""issue"":""low_light"",""prob"":0.981804},{""issue"":""compression"",""prob"":0.90187},{""issue"":""exposure_shift"",""prob"":0.645625},{""issue"":""glare_flare"",""prob"":0.2895}]"
S06_jpeg_compression_s2,S06,video_003,test,corrupted,jpeg_compression,2,s2,0.18,0,-1.0,cloudy,night,urban,moderate,30,1280x720,128,corrupted/jpeg_compression/s2/S06_jpeg_compression_s2.mp4,"{""severity"":0.18,""quality"":79,""encode_ok"":true}",0.879678,0.283708,vignetting,0.999540,"{""haze_fog"":0.009069,""rain"":0.0,""snow"":0.0,""low_light"":0.9797,""motion_blur"":0.0,""defocus_blur"":0.112823,""glare_flare"":0.265436,""vignetting"":0.99954,""sensor_noise"":0.0,""exposure_shift"":0.68986,""compression"":0.891693,""lens_occlusion"":0.024203}","{""haze_fog"":0.127875,""rain"":0.036413,""snow"":0.005368,""low_light"":0.213285,""motion_blur"":0.08147,""defocus_blur"":0.081589,""glare_flare"":0.116579,""vignetting"":0.477926,""sensor_noise"":0.001834,""exposure_shift"":0.204212,""compression"":0.189327,""lens_occlusion"":0.130406}","[{""issue"":""vignetting"",""prob"":0.99954},{""issue"":""low_light"",""prob"":0.9797},{""issue"":""compression"",""prob"":0.891693},{""issue"":""exposure_shift"",""prob"":0.68986},{""issue"":""glare_flare"",""prob"":0.265436}]"
S06_jpeg_compression_s3,S06,video_003,test,corrupted,jpeg_compression,3,s3,0.35,0,-1.0,cloudy,night,urban,moderate,30,1280x720,128,corrupted/jpeg_compression/s3/S06_jpeg_compression_s3.mp4,"{""severity"":0.35,""quality"":67,""encode_ok"":true}",0.757080,0.271107,vignetting,0.998574,"{""haze_fog"":0.008692,""rain"":0.0,""snow"":0.0,""low_light"":0.979075,""motion_blur"":0.0,""defocus_blur"":0.122955,""glare_flare"":0.230592,""vignetting"":0.998574,""sensor_noise"":0.0,""exposure_shift"":0.652185,""compression"":0.924183,""lens_occlusion"":0.032797}","{""haze_fog"":0.121704,""rain"":0.036807,""snow"":0.00662,""low_light"":0.223979,""motion_blur"":0.080919,""defocus_blur"":0.084651,""glare_flare"":0.114322,""vignetting"":0.464362,""sensor_noise"":0.002284,""exposure_shift"":0.202959,""compression"":0.237118,""lens_occlusion"":0.136776}","[{""issue"":""vignetting"",""prob"":0.998574},{""issue"":""low_light"",""prob"":0.979075},{""issue"":""compression"",""prob"":0.924183},{""issue"":""exposure_shift"",""prob"":0.652185}]"
S06_jpeg_compression_s4,S06,video_003,test,corrupted,jpeg_compression,4,s4,0.55,0,-1.0,cloudy,night,urban,moderate,30,1280x720,128,corrupted/jpeg_compression/s4/S06_jpeg_compression_s4.mp4,"{""severity"":0.55,""quality"":48,""encode_ok"":true}",0.597001,0.288172,vignetting,0.998725,"{""haze_fog"":0.001006,""rain"":0.0,""snow"":0.0,""low_light"":0.985674,""motion_blur"":0.0,""defocus_blur"":0.123395,""glare_flare"":0.213204,""vignetting"":0.998725,""sensor_noise"":0.0,""exposure_shift"":0.455895,""compression"":0.824397,""lens_occlusion"":0.015618}","{""haze_fog"":0.084314,""rain"":0.035416,""snow"":0.008539,""low_light"":0.206497,""motion_blur"":0.086283,""defocus_blur"":0.094112,""glare_flare"":0.103054,""vignetting"":0.466839,""sensor_noise"":0.002166,""exposure_shift"":0.185107,""compression"":0.289355,""lens_occlusion"":0.115698}","[{""issue"":""vignetting"",""prob"":0.998725},{""issue"":""low_light"",""prob"":0.985674},{""issue"":""compression"",""prob"":0.824397},{""issue"":""exposure_shift"",""prob"":0.455895}]"
S06_jpeg_compression_s5,S06,video_003,test,corrupted,jpeg_compression,5,s5,0.75,0,-1.0,cloudy,night,urban,moderate,30,1280x720,128,corrupted/jpeg_compression/s5/S06_jpeg_compression_s5.mp4,"{""severity"":0.75,""quality"":30,""encode_ok"":true}",0.408384,0.197048,vignetting,0.990578,"{""haze_fog"":0.000274,""rain"":0.0,""snow"":0.0,""low_light"":0.95412,""motion_blur"":5e-06,""defocus_blur"":0.154891,""glare_flare"":0.175859,""vignetting"":0.990578,""sensor_noise"":0.0,""exposure_shift"":0.422361,""compression"":0.824263,""lens_occlusion"":0.016137}","{""haze_fog"":0.069121,""rain"":0.04361,""snow"":0.018458,""low_light"":0.210638,""motion_blur"":0.095905,""defocus_blur"":0.118291,""glare_flare"":0.114613,""vignetting"":0.464078,""sensor_noise"":0.002522,""exposure_shift"":0.214658,""compression"":0.458622,""lens_occlusion"":0.108911}","[{""issue"":""vignetting"",""prob"":0.990578},{""issue"":""low_light"",""prob"":0.95412},{""issue"":""compression"",""prob"":0.824263},{""issue"":""exposure_shift"",""prob"":0.422361}]"
S07_clean,S07,video_006,test,clean,clean,0,s0,0.0,1,1.0,cloudy,night,urban,moderate,30,1280x720,128,clean_clips/S07_clean.mp4,{},1.000000,0.181393,vignetting,0.999991,"{""haze_fog"":0.000295,""rain"":9e-06,""snow"":0.0,""low_light"":0.953388,""motion_blur"":0.000235,""defocus_blur"":0.167362,""glare_flare"":0.086155,""vignetting"":0.999991,""sensor_noise"":0.0,""exposure_shift"":0.330175,""compression"":0.548861,""lens_occlusion"":0.022428}","{""haze_fog"":0.371463,""rain"":0.095353,""snow"":0.019652,""low_light"":0.180697,""motion_blur"":0.184793,""defocus_blur"":0.158529,""glare_flare"":0.186049,""vignetting"":0.557999,""sensor_noise"":0.003193,""exposure_shift"":0.307194,""compression"":0.201337,""lens_occlusion"":0.157661}","[{""issue"":""vignetting"",""prob"":0.999991},{""issue"":""low_light"",""prob"":0.953388},{""issue"":""compression"",""prob"":0.548861},{""issue"":""exposure_shift"",""prob"":0.330175}]"
S07_fog_s1,S07,video_006,test,corrupted,fog,1,s1,0.08,0,-1.0,cloudy,night,urban,moderate,30,1280x720,128,corrupted/fog/s1/S07_fog_s1.mp4,"{""mask_mean"":0.25589412450790405,""severity"":0.08,""k"":0.896,""gamma"":0.7,""depth_shift"":0.3,""distance_exp"":1.5,""t_min"":0.25,""contrast_scale"":0.95,""darken_factor"":0.88,""blur_kernel"":5,""A"":[0.4931982457637787,0.5191560387611389,0.5451138615608215],""depth_min"":0.0,""depth_max"":1.0}",0.911980,0.050366,vignetting,0.936066,"{""haze_fog"":0.195369,""rain"":5.2e-05,""snow"":4e-06,""low_light"":0.021432,""motion_blur"":0.000661,""defocus_blur"":0.155117,""glare_flare"":0.055042,""vignetting"":0.936066,""sensor_noise"":1e-06,""exposure_shift"":0.855529,""compression"":0.906021,""lens_occlusion"":0.011321}","{""haze_fog"":0.351713,""rain"":0.298088,""snow"":0.063273,""low_light"":0.161437,""motion_blur"":0.192188,""defocus_blur"":0.214955,""glare_flare"":0.152058,""vignetting"":0.537124,""sensor_noise"":0.010867,""exposure_shift"":0.708867,""compression"":0.266995,""lens_occlusion"":0.105975}","[{""issue"":""vignetting"",""prob"":0.936066},{""issue"":""compression"",""prob"":0.906021},{""issue"":""exposure_shift"",""prob"":0.855529}]"
S07_fog_s2,S07,video_006,test,corrupted,fog,2,s2,0.18,0,-1.0,cloudy,night,urban,moderate,30,1280x720,128,corrupted/fog/s2/S07_fog_s2.mp4,"{""mask_mean"":0.28268784284591675,""severity"":0.18,""k"":1.016,""gamma"":0.7,""depth_shift"":0.3,""distance_exp"":1.5,""t_min"":0.25,""contrast_scale"":0.95,""darken_factor"":0.88,""blur_kernel"":5,""A"":[0.491165429353714,0.5170162320137024,0.5428670644760132],""depth_min"":0.0,""depth_max"":1.0}",0.803090,0.044268,exposure_shift,0.946720,"{""haze_fog"":0.208133,""rain"":4.4e-05,""snow"":5e-06,""low_light"":0.01508,""motion_blur"":0.001781,""defocus_blur"":0.163419,""glare_flare"":0.042321,""vignetting"":0.849626,""sensor_noise"":0.0,""exposure_shift"":0.94672,""compression"":0.895841,""lens_occlusion"":0.009744}","{""haze_fog"":0.323789,""rain"":0.306435,""snow"":0.058653,""low_light"":0.150235,""motion_blur"":0.197579,""defocus_blur"":0.231411,""glare_flare"":0.144011,""vignetting"":0.540597,""sensor_noise"":0.010341,""exposure_shift"":0.765702,""compression"":0.26894,""lens_occlusion"":0.100564}","[{""issue"":""exposure_shift"",""prob"":0.94672},{""issue"":""compression"",""prob"":0.895841},{""issue"":""vignetting"",""prob"":0.849626}]"
S07_fog_s3,S07,video_006,test,corrupted,fog,3,s3,0.35,0,-1.0,cloudy,night,urban,moderate,30,1280x720,128,corrupted/fog/s3/S07_fog_s3.mp4,"{""mask_mean"":0.32495781779289246,""severity"":0.35,""k"":1.22,""gamma"":0.7,""depth_shift"":0.3,""distance_exp"":1.5,""t_min"":0.25,""contrast_scale"":0.95,""darken_factor"":0.88,""blur_kernel"":5,""A"":[0.4021780490875244,0.42334529757499695,0.44451257586479187],""depth_min"":0.0,""depth_max"":1.0}",0.621254,0.034234,exposure_shift,0.985150,"{""haze_fog"":0.249646,""rain"":3.9e-05,""snow"":4e-06,""low_light"":0.011226,""motion_blur"":0.003444,""defocus_blur"":0.160574,""glare_flare"":0.03477,""vignetting"":0.626982,""sensor_noise"":0.0,""exposure_shift"":0.98515,""compression"":0.882867,""lens_occlusion"":0.008643}","{""haze_fog"":0.305677,""rain"":0.297529,""snow"":0.055475,""low_light"":0.151756,""motion_blur"":0.207595,""defocus_blur"":0.254168,""glare_flare"":0.135259,""vignetting"":0.539522,""sensor_noise"":0.012416,""exposure_shift"":0.820148,""compression"":0.27823,""lens_occlusion"":0.097332}","[{""issue"":""exposure_shift"",""prob"":0.98515},{""issue"":""compression"",""prob"":0.882867},{""issue"":""vignetting"",""prob"":0.626982}]"
S07_fog_s4,S07,video_006,test,corrupted,fog,4,s4,0.55,0,-1.0,cloudy,night,urban,moderate,30,1280x720,128,corrupted/fog/s4/S07_fog_s4.mp4,"{""mask_mean"":0.3698747754096985,""severity"":0.55,""k"":1.46,""gamma"":0.7,""depth_shift"":0.3,""distance_exp"":1.5,""t_min"":0.25,""contrast_scale"":0.95,""darken_factor"":0.88,""blur_kernel"":5,""A"":[0.41825687885284424,0.44027039408683777,0.4622839093208313],""depth_min"":0.0,""depth_max"":1.0}",0.413809,0.029390,exposure_shift,0.996079,"{""haze_fog"":0.358103,""rain"":4.3e-05,""snow"":3e-06,""low_light"":0.006778,""motion_blur"":0.002213,""defocus_blur"":0.157185,""glare_flare"":0.084785,""vignetting"":0.648852,""sensor_noise"":1e-06,""exposure_shift"":0.996079,""compression"":0.883559,""lens_occlusion"":0.00878}","{""haze_fog"":0.306323,""rain"":0.315222,""snow"":0.056008,""low_light"":0.153206,""motion_blur"":0.206047,""defocus_blur"":0.270333,""glare_flare"":0.133529,""vignetting"":0.525651,""sensor_noise"":0.01255,""exposure_shift"":0.842232,""compression"":0.274131,""lens_occlusion"":0.093546}","[{""issue"":""exposure_shift"",""prob"":0.996079},{""issue"":""compression"",""prob"":0.883559},{""issue"":""vignetting"",""prob"":0.648852},{""issue"":""haze_fog"",""prob"":0.358103}]"
S07_fog_s5,S07,video_006,test,corrupted,fog,5,s5,0.75,0,-1.0,cloudy,night,urban,moderate,30,1280x720,128,corrupted/fog/s5/S07_fog_s5.mp4,"{""mask_mean"":0.4101487696170807,""severity"":0.75,""k"":1.7,""gamma"":0.7,""depth_shift"":0.3,""distance_exp"":1.5,""t_min"":0.25,""contrast_scale"":0.95,""darken_factor"":0.88,""blur_kernel"":5,""A"":[0.4171411693096161,0.43909597396850586,0.46105074882507324],""depth_min"":0.0,""depth_max"":1.0}",0.216134,0.024358,exposure_shift,0.998103,"{""haze_fog"":0.343796,""rain"":4.7e-05,""snow"":3e-06,""low_light"":0.007707,""motion_blur"":0.001047,""defocus_blur"":0.160558,""glare_flare"":0.006445,""vignetting"":0.520661,""sensor_noise"":1e-06,""exposure_shift"":0.998103,""compression"":0.891195,""lens_occlusion"":0.00824}","{""haze_fog"":0.317227,""rain"":0.312973,""snow"":0.049751,""low_light"":0.152649,""motion_blur"":0.217214,""defocus_blur"":0.280774,""glare_flare"":0.126275,""vignetting"":0.521487,""sensor_noise"":0.01333,""exposure_shift"":0.881427,""compression"":0.284968,""lens_occlusion"":0.094861}","[{""issue"":""exposure_shift"",""prob"":0.998103},{""issue"":""compression"",""prob"":0.891195},{""issue"":""vignetting"",""prob"":0.520661},{""issue"":""haze_fog"",""prob"":0.343796}]"
S07_rain_s1,S07,video_006,test,corrupted,rain,1,s1,0.08,0,-1.0,cloudy,night,urban,moderate,30,1280x720,128,corrupted/rain/s1/S07_rain_s1.mp4,"{""mask_mean"":0.01298549585044384,""severity"":0.08,""alpha"":0.10264541441727845,""eta"":0.7457690121056156,""depth_separation_exp"":1.6,""density"":0.0015934972116174026,""density_far"":0.0010357731875513118,""density_near"":0.0005577240240660908,""base_angle_deg"":77.90573765425903,""far_angle_deg"":80.11947395784628,""near_angle_deg"":84.27692162016521,""blur_sigma"":0.27950221809197334,""invert_depth"":false,""multilayer"":true,""rainy_tone"":true,""apply_rain_haze"":true,""rain_haze_strength"":0.041999999999999996,""apply_overcast_sky"":true,""overcast_mask_mean"":5.826014239573851e-05,""extra_desat"":0.0048,""patchiness"":true,""brightness_randomness"":false,""apply_visibility_blur"":false,""visibility_blur_sigma"":0.0,""device"":""cuda""}",0.925000,0.202849,vignetting,0.999997,"{""haze_fog"":0.001546,""rain"":0.000298,""snow"":0.000854,""low_light"":0.901331,""motion_blur"":0.0,""defocus_blur"":0.085934,""glare_flare"":0.100343,""vignetting"":0.999997,""sensor_noise"":0.0,""exposure_shift"":0.07889,""compression"":0.779265,""lens_occlusion"":0.01128}","{""haze_fog"":0.337243,""rain"":0.103291,""snow"":0.051256,""low_light"":0.187075,""motion_blur"":0.116568,""defocus_blur"":0.100873,""glare_flare"":0.189509,""vignetting"":0.552701,""sensor_noise"":0.003137,""exposure_shift"":0.204843,""compression"":0.247269,""lens_occlusion"":0.163522}","[{""issue"":""vignetting"",""prob"":0.999997},{""issue"":""low_light"",""prob"":0.901331},{""issue"":""compression"",""prob"":0.779265}]"
S07_rain_s2,S07,video_006,test,corrupted,rain,2,s2,0.18,0,-1.0,cloudy,night,urban,moderate,30,1280x720,128,corrupted/rain/s2/S07_rain_s2.mp4,"{""mask_mean"":0.020260905846953392,""severity"":0.18,""alpha"":0.1071976943131052,""eta"":0.7771764042286761,""depth_separation_exp"":1.6,""density"":0.002197484218141394,""density_far"":0.001428364741791906,""density_near"":0.0007691194763494878,""base_angle_deg"":75.34099299619693,""far_angle_deg"":74.94849750024656,""near_angle_deg"":82.31734842202049,""blur_sigma"":0.38223390573018085,""invert_depth"":false,""multilayer"":true,""rainy_tone"":true,""apply_rain_haze"":true,""rain_haze_strength"":0.056999999999999995,""apply_overcast_sky"":true,""overcast_mask_mean"":5.826014239573851e-05,""extra_desat"":0.010799999999999999,""patchiness"":true,""brightness_randomness"":false,""apply_visibility_blur"":false,""visibility_blur_sigma"":0.0,""device"":""cuda""}",0.830646,0.195600,vignetting,0.999992,"{""haze_fog"":9.5e-05,""rain"":0.002505,""snow"":0.001023,""low_light"":0.858801,""motion_blur"":0.0,""defocus_blur"":0.06659,""glare_flare"":0.115745,""vignetting"":0.999992,""sensor_noise"":0.0,""exposure_shift"":0.062532,""compression"":0.845402,""lens_occlusion"":0.010322}","{""haze_fog"":0.207735,""rain"":0.146558,""snow"":0.085611,""low_light"":0.174736,""motion_blur"":0.109263,""defocus_blur"":0.088971,""glare_flare"":0.204552,""vignetting"":0.57576,""sensor_noise"":0.001992,""exposure_shift"":0.167219,""compression"":0.295833,""lens_occlusion"":0.160762}","[{""issue"":""vignetting"",""prob"":0.999992},{""issue"":""low_light"",""prob"":0.858801},{""issue"":""compression"",""prob"":0.845402}]"
S07_rain_s3,S07,video_006,test,corrupted,rain,3,s3,0.35,0,-1.0,cloudy,night,urban,moderate,30,1280x720,128,corrupted/rain/s3/S07_rain_s3.mp4,"{""mask_mean"":0.026338662952184677,""severity"":0.35,""alpha"":0.15067485925625013,""eta"":1.0517690712278984,""depth_separation_exp"":1.6,""density"":0.0033890872001482936,""density_far"":0.002202906680096391,""density_near"":0.0011861805200519026,""base_angle_deg"":84.29809419143585,""far_angle_deg"":77.25392963508146,""near_angle_deg"":83.21132289261386,""blur_sigma"":0.4500098157713,""invert_depth"":false,""multilayer"":true,""rainy_tone"":true,""apply_rain_haze"":true,""rain_haze_strength"":0.08249999999999999,""apply_overcast_sky"":true,""overcast_mask_mean"":5.826014239573851e-05,""extra_desat"":0.020999999999999998,""patchiness"":true,""brightness_randomness"":false,""apply_visibility_blur"":false,""visibility_blur_sigma"":0.0,""device"":""cuda""}",0.668458,0.124069,vignetting,0.999888,"{""haze_fog"":2e-06,""rain"":0.720478,""snow"":8.7e-05,""low_light"":0.185609,""motion_blur"":0.0,""defocus_blur"":0.035662,""glare_flare"":0.191974,""vignetting"":0.999888,""sensor_noise"":0.0,""exposure_shift"":0.021714,""compression"":0.678843,""lens_occlusion"":0.007773}","{""haze_fog"":0.079591,""rain"":0.26781,""snow"":0.083219,""low_light"":0.140524,""motion_blur"":0.104275,""defocus_blur"":0.086063,""glare_flare"":0.243036,""vignetting"":0.645769,""sensor_noise"":0.000563,""exposure_shift"":0.115788,""compression"":0.323219,""lens_occlusion"":0.149487}","[{""issue"":""vignetting"",""prob"":0.999888},{""issue"":""rain"",""prob"":0.720478},{""issue"":""compression"",""prob"":0.678843}]"
S07_rain_s4,S07,video_006,test,corrupted,rain,4,s4,0.55,0,-1.0,cloudy,night,urban,moderate,30,1280x720,128,corrupted/rain/s4/S07_rain_s4.mp4,"{""mask_mean"":0.05951011925935745,""severity"":0.55,""alpha"":0.17689038728343495,""eta"":1.1819102873632505,""depth_separation_exp"":1.6,""density"":0.0044872325061608995,""density_far"":0.0029167011290045846,""density_near"":0.0015705313771563147,""base_angle_deg"":82.45181658193333,""far_angle_deg"":81.72781990140093,""near_angle_deg"":86.86957560048812,""blur_sigma"":0.5431704302895085,""invert_depth"":false,""multilayer"":true,""rainy_tone"":true,""apply_rain_haze"":true,""rain_haze_strength"":0.1125,""apply_overcast_sky"":true,""overcast_mask_mean"":5.826014239573851e-05,""extra_desat"":0.033,""patchiness"":true,""brightness_randomness"":false,""apply_visibility_blur"":false,""visibility_blur_sigma"":0.0,""device"":""cuda""}",0.473973,0.061008,vignetting,0.999948,"{""haze_fog"":0.000106,""rain"":0.786687,""snow"":6.3e-05,""low_light"":0.161674,""motion_blur"":0.0,""defocus_blur"":0.05215,""glare_flare"":0.056699,""vignetting"":0.999948,""sensor_noise"":0.0,""exposure_shift"":0.083233,""compression"":0.852752,""lens_occlusion"":0.006966}","{""haze_fog"":0.112904,""rain"":0.40641,""snow"":0.088304,""low_light"":0.151605,""motion_blur"":0.095754,""defocus_blur"":0.119973,""glare_flare"":0.194648,""vignetting"":0.709999,""sensor_noise"":0.001635,""exposure_shift"":0.183036,""compression"":0.396969,""lens_occlusion"":0.118714}","[{""issue"":""vignetting"",""prob"":0.999948},{""issue"":""compression"",""prob"":0.852752},{""issue"":""rain"",""prob"":0.786687}]"
S07_rain_s5,S07,video_006,test,corrupted,rain,5,s5,0.75,0,-1.0,cloudy,night,urban,moderate,30,1280x720,128,corrupted/rain/s5/S07_rain_s5.mp4,"{""mask_mean"":0.08383190631866455,""severity"":0.75,""alpha"":0.23713800540690658,""eta"":1.6160118446684963,""depth_separation_exp"":1.6,""density"":0.006543640383491658,""density_far"":0.004253366249269578,""density_near"":0.00229027413422208,""base_angle_deg"":80.97669349056912,""far_angle_deg"":80.72203852917131,""near_angle_deg"":84.12491563653165,""blur_sigma"":0.7041188148909515,""invert_depth"":false,""multilayer"":true,""rainy_tone"":true,""apply_rain_haze"":true,""rain_haze_strength"":0.1425,""apply_overcast_sky"":true,""overcast_mask_mean"":5.826014239573851e-05,""extra_desat"":0.045,""patchiness"":true,""brightness_randomness"":false,""apply_visibility_blur"":false,""visibility_blur_sigma"":0.0,""device"":""cuda""}",0.273573,0.054396,vignetting,0.999968,"{""haze_fog"":0.003909,""rain"":0.955919,""snow"":2e-06,""low_light"":0.332426,""motion_blur"":0.0,""defocus_blur"":0.039416,""glare_flare"":0.032875,""vignetting"":0.999968,""sensor_noise"":0.0,""exposure_shift"":0.142506,""compression"":0.922383,""lens_occlusion"":0.00609}","{""haze_fog"":0.139203,""rain"":0.517763,""snow"":0.060727,""low_light"":0.163273,""motion_blur"":0.087449,""defocus_blur"":0.121045,""glare_flare"":0.168197,""vignetting"":0.745405,""sensor_noise"":0.004495,""exposure_shift"":0.240707,""compression"":0.317887,""lens_occlusion"":0.102143}","[{""issue"":""vignetting"",""prob"":0.999968},{""issue"":""rain"",""prob"":0.955919},{""issue"":""compression"",""prob"":0.922383},{""issue"":""low_light"",""prob"":0.332426}]"
S07_snow_s1,S07,video_006,test,corrupted,snow,1,s1,0.08,0,-1.0,cloudy,night,urban,moderate,30,1280x720,128,corrupted/snow/s1/S07_snow_s1.mp4,"{""mask_mean"":0.008277371525764465,""severity"":0.08,""severity_scaled"":0.010606252855487957,""alpha"":0.10408982348475579,""eta"":0.7433957365057678,""depth_separation_exp"":1.4,""density"":0.001170968429848303,""small_fraction"":0.5973484367861279,""medium_fraction"":0.3,""large_fraction"":0.10265156321387199,""small_density"":0.0006994761610957906,""medium_density"":0.0003512905289544909,""large_density"":0.00012020173979802152,""small_sigma"":0.6095456275699391,""medium_sigma"":1.4169700045687807,""large_sigma"":2.547728137849696,""invert_depth"":false,""apply_snow_haze"":true,""snow_haze_strength"":0.023818251027975666,""apply_overcast_sky"":true,""overcast_mask_mean"":5.826014239573851e-05,""patchiness"":true,""apply_visibility_blur"":false,""visibility_blur_sigma"":0.0,""device"":""cuda""}",0.918467,0.198098,vignetting,0.999999,"{""haze_fog"":0.002155,""rain"":1e-06,""snow"":0.006366,""low_light"":0.904055,""motion_blur"":4e-06,""defocus_blur"":0.124238,""glare_flare"":0.045812,""vignetting"":0.999999,""sensor_noise"":0.0,""exposure_shift"":0.074648,""compression"":0.740111,""lens_occlusion"":0.012577}","{""haze_fog"":0.426663,""rain"":0.092388,""snow"":0.031339,""low_light"":0.179126,""motion_blur"":0.126178,""defocus_blur"":0.113146,""glare_flare"":0.17216,""vignetting"":0.539146,""sensor_noise"":0.002904,""exposure_shift"":0.205988,""compression"":0.246299,""lens_occlusion"":0.170268}","[{""issue"":""vignetting"",""prob"":0.999999},{""issue"":""low_light"",""prob"":0.904055},{""issue"":""compression"",""prob"":0.740111}]"
S07_snow_s2,S07,video_006,test,corrupted,snow,2,s2,0.18,0,-1.0,cloudy,night,urban,moderate,30,1280x720,128,corrupted/snow/s2/S07_snow_s2.mp4,"{""mask_mean"":0.014354254119098186,""severity"":0.18,""severity_scaled"":0.04565522728706038,""alpha"":0.11696988541008616,""eta"":0.7501017076618756,""depth_separation_exp"":1.4,""density"":0.00188544952124247,""small_fraction"":0.5885861931782348,""medium_fraction"":0.3,""large_fraction"":0.1114138068217651,""small_density"":0.0011097495561378308,""medium_density"":0.0005656348563727409,""large_density"":0.00021006510873189805,""small_sigma"":0.6410897045583543,""medium_sigma"":1.4730483636592966,""large_sigma"":2.7054485227917717,""invert_depth"":false,""apply_snow_haze"":true,""snow_haze_strength"":0.03643588182334174,""apply_overcast_sky"":true,""overcast_mask_mean"":5.826014239573851e-05,""patchiness"":true,""apply_visibility_blur"":false,""visibility_blur_sigma"":0.0,""device"":""cuda""}",0.816752,0.203345,vignetting,0.999999,"{""haze_fog"":0.011936,""rain"":7e-06,""snow"":0.004057,""low_light"":0.772519,""motion_blur"":3e-06,""defocus_blur"":0.117,""glare_flare"":0.049419,""vignetting"":0.999999,""sensor_noise"":0.0,""exposure_shift"":0.076647,""compression"":0.789463,""lens_occlusion"":0.014676}","{""haze_fog"":0.443036,""rain"":0.131104,""snow"":0.061802,""low_light"":0.171645,""motion_blur"":0.123531,""defocus_blur"":0.121593,""glare_flare"":0.190233,""vignetting"":0.546312,""sensor_noise"":0.0041,""exposure_shift"":0.19471,""compression"":0.278815,""lens_occlusion"":0.169577}","[{""issue"":""vignetting"",""prob"":0.999999},{""issue"":""compression"",""prob"":0.789463},{""issue"":""low_light"",""prob"":0.772519}]"
S07_snow_s3,S07,video_006,test,corrupted,snow,3,s3,0.35,0,-1.0,cloudy,night,urban,moderate,30,1280x720,128,corrupted/snow/s3/S07_snow_s3.mp4,"{""mask_mean"":0.02556418441236019,""severity"":0.35,""severity_scaled"":0.15112018613329828,""alpha"":0.16334103036297848,""eta"":0.8412826569690126,""depth_separation_exp"":1.4,""density"":0.0037144457553288965,""small_fraction"":0.5622199534666754,""medium_fraction"":0.3,""large_fraction"":0.13778004653332457,""small_density"":0.002088335519715502,""medium_density"":0.001114333726598669,""large_density"":0.0005117765090147253,""small_sigma"":0.7360081675199684,""medium_sigma"":1.6417922978132773,""large_sigma"":3.1800408375998424,""invert_depth"":false,""apply_snow_haze"":true,""snow_haze_strength"":0.07440326700798738,""apply_overcast_sky"":true,""overcast_mask_mean"":5.826014239573851e-05,""patchiness"":true,""apply_visibility_blur"":false,""visibility_blur_sigma"":0.0,""device"":""cuda""}",0.644424,0.172284,vignetting,0.999999,"{""haze_fog"":0.015738,""rain"":9e-05,""snow"":0.031845,""low_light"":0.661003,""motion_blur"":3e-06,""defocus_blur"":0.087162,""glare_flare"":0.034677,""vignetting"":0.999999,""sensor_noise"":0.0,""exposure_shift"":0.036834,""compression"":0.934209,""lens_occlusion"":0.01592}","{""haze_fog"":0.365922,""rain"":0.183203,""snow"":0.167294,""low_light"":0.173454,""motion_blur"":0.116589,""defocus_blur"":0.113883,""glare_flare"":0.212624,""vignetting"":0.561738,""sensor_noise"":0.007219,""exposure_shift"":0.159928,""compression"":0.376607,""lens_occlusion"":0.173539}","[{""issue"":""vignetting"",""prob"":0.999999},{""issue"":""compression"",""prob"":0.934209},{""issue"":""low_light"",""prob"":0.661003}]"
S07_snow_s4,S07,video_006,test,corrupted,snow,4,s4,0.55,0,-1.0,cloudy,night,urban,moderate,30,1280x720,128,corrupted/snow/s4/S07_snow_s4.mp4,"{""mask_mean"":0.07631285488605499,""severity"":0.55,""severity_scaled"":0.34092028363462246,""alpha"":0.2503750716718669,""eta"":1.0942849062730307,""depth_separation_exp"":1.4,""density"":0.007436281360102221,""small_fraction"":0.5147699290913443,""medium_fraction"":0.3,""large_fraction"":0.18523007090865562,""small_density"":0.003827974028443106,""medium_density"":0.0022308844080306664,""large_density"":0.0013774229236284484,""small_sigma"":0.9068282552711602,""medium_sigma"":1.945472453815396,""large_sigma"":4.034141276355801,""invert_depth"":false,""apply_snow_haze"":true,""snow_haze_strength"":0.14273130210846408,""apply_overcast_sky"":true,""overcast_mask_mean"":5.826014239573851e-05,""patchiness"":true,""apply_visibility_blur"":false,""visibility_blur_sigma"":0.0,""device"":""cuda""}",0.442871,0.135941,vignetting,0.999994,"{""haze_fog"":0.010774,""rain"":0.000206,""snow"":0.206015,""low_light"":0.867153,""motion_blur"":3e-06,""defocus_blur"":0.047112,""glare_flare"":0.022237,""vignetting"":0.999994,""sensor_noise"":3e-06,""exposure_shift"":0.107526,""compression"":0.997333,""lens_occlusion"":0.011799}","{""haze_fog"":0.26032,""rain"":0.185961,""snow"":0.288863,""low_light"":0.206293,""motion_blur"":0.072796,""defocus_blur"":0.098096,""glare_flare"":0.177327,""vignetting"":0.569326,""sensor_noise"":0.013349,""exposure_shift"":0.167303,""compression"":0.494415,""lens_occlusion"":0.155479}","[{""issue"":""vignetting"",""prob"":0.999994},{""issue"":""compression"",""prob"":0.997333},{""issue"":""low_light"",""prob"":0.867153}]"
S07_snow_s5,S07,video_006,test,corrupted,snow,5,s5,0.75,0,-1.0,cloudy,night,urban,moderate,30,1280x720,128,corrupted/snow/s5/S07_snow_s5.mp4,"{""mask_mean"":0.15237629413604736,""severity"":0.75,""severity_scaled"":0.5958134105899568,""alpha"":0.36341424017137164,""eta"":1.3737770117940151,""depth_separation_exp"":1.4,""density"":0.012461868162962957,""small_fraction"":0.45104664735251077,""medium_fraction"":0.3,""large_fraction"":0.2489533526474892,""small_density"":0.005620883854653434,""medium_density"":0.0037385604488888867,""large_density"":0.0031024238594206353,""small_sigma"":1.1362320695309611,""medium_sigma"":2.353301456943931,""large_sigma"":5.181160347654806,""invert_depth"":false,""apply_snow_haze"":true,""snow_haze_strength"":0.23449282781238445,""apply_overcast_sky"":true,""overcast_mask_mean"":5.826014239573851e-05,""patchiness"":true,""apply_visibility_blur"":false,""visibility_blur_sigma"":0.0,""device"":""cuda""}",0.243164,0.128994,vignetting,0.999945,"{""haze_fog"":0.002689,""rain"":4.5e-05,""snow"":0.400797,""low_light"":0.981633,""motion_blur"":1e-06,""defocus_blur"":0.032678,""glare_flare"":0.033788,""vignetting"":0.999945,""sensor_noise"":4.4e-05,""exposure_shift"":0.52292,""compression"":0.998982,""lens_occlusion"":0.010103}","{""haze_fog"":0.145616,""rain"":0.196839,""snow"":0.342321,""low_light"":0.265259,""motion_blur"":0.06252,""defocus_blur"":0.083133,""glare_flare"":0.106575,""vignetting"":0.536951,""sensor_noise"":0.025482,""exposure_shift"":0.196817,""compression"":0.499845,""lens_occlusion"":0.141567}","[{""issue"":""vignetting"",""prob"":0.999945},{""issue"":""compression"",""prob"":0.998982},{""issue"":""low_light"",""prob"":0.981633},{""issue"":""exposure_shift"",""prob"":0.52292},{""issue"":""snow"",""prob"":0.400797}]"
S07_glare_flare_s1,S07,video_006,test,corrupted,glare_flare,1,s1,0.08,0,-1.0,cloudy,night,urban,moderate,30,1280x720,128,corrupted/glare_flare/s1/S07_glare_flare_s1.mp4,"{""severity"":0.08,""severity_scaled"":0.02262741699796952,""bright_thresh"":0.8161533391103452,""bloom_strength"":0.09289762768884263,""streak_enabled"":true,""streak_angle_deg"":-2.899406705945337,""ghosts_enabled"":true,""ghost_count"":0,""flare_mean"":0.0008146434556692839,""device"":""cuda""}",0.889636,0.164911,vignetting,0.999990,"{""haze_fog"":0.001247,""rain"":4e-06,""snow"":0.0,""low_light"":0.850141,""motion_blur"":0.00296,""defocus_blur"":0.139604,""glare_flare"":0.423426,""vignetting"":0.99999,""sensor_noise"":3e-06,""exposure_shift"":0.063065,""compression"":0.833972,""lens_occlusion"":0.031928}","{""haze_fog"":0.422772,""rain"":0.108323,""snow"":0.025022,""low_light"":0.210831,""motion_blur"":0.246198,""defocus_blur"":0.153514,""glare_flare"":0.286592,""vignetting"":0.57669,""sensor_noise"":0.007406,""exposure_shift"":0.218625,""compression"":0.254973,""lens_occlusion"":0.170336}","[{""issue"":""vignetting"",""prob"":0.99999},{""issue"":""low_light"",""prob"":0.850141},{""issue"":""compression"",""prob"":0.833972},{""issue"":""glare_flare"",""prob"":0.423426}]"
S07_glare_flare_s2,S07,video_006,test,corrupted,glare_flare,2,s2,0.18,0,-1.0,cloudy,night,urban,moderate,30,1280x720,128,corrupted/glare_flare/s2/S07_glare_flare_s2.mp4,"{""severity"":0.18,""severity_scaled"":0.07636753236814713,""bright_thresh"":0.807017519497415,""bloom_strength"":0.12352949344984387,""streak_enabled"":true,""streak_angle_deg"":-17.65709365545449,""ghosts_enabled"":true,""ghost_count"":0,""flare_mean"":0.0011895055649802089,""device"":""cuda""}",0.757049,0.160707,vignetting,0.999985,"{""haze_fog"":0.00142,""rain"":2.6e-05,""snow"":0.0,""low_light"":0.813177,""motion_blur"":0.004203,""defocus_blur"":0.128312,""glare_flare"":0.594679,""vignetting"":0.999985,""sensor_noise"":3e-06,""exposure_shift"":0.068398,""compression"":0.865402,""lens_occlusion"":0.032309}","{""haze_fog"":0.412388,""rain"":0.114031,""snow"":0.026284,""low_light"":0.213961,""motion_blur"":0.266845,""defocus_blur"":0.150794,""glare_flare"":0.318723,""vignetting"":0.575916,""sensor_noise"":0.008393,""exposure_shift"":0.209531,""compression"":0.264898,""lens_occlusion"":0.175484}","[{""issue"":""vignetting"",""prob"":0.999985},{""issue"":""compression"",""prob"":0.865402},{""issue"":""low_light"",""prob"":0.813177},{""issue"":""glare_flare"",""prob"":0.594679}]"
S07_glare_flare_s3,S07,video_006,test,corrupted,glare_flare,3,s3,0.35,0,-1.0,cloudy,night,urban,moderate,30,1280x720,128,corrupted/glare_flare/s3/S07_glare_flare_s3.mp4,"{""severity"":0.35,""severity_scaled"":0.20706279240848655,""bright_thresh"":0.7847993252905573,""bloom_strength"":0.19802579167283735,""streak_enabled"":true,""streak_angle_deg"":0.07025782385465362,""ghosts_enabled"":true,""ghost_count"":0,""flare_mean"":0.0023613781668245792,""device"":""cuda""}",0.546526,0.137347,vignetting,0.999648,"{""haze_fog"":0.001487,""rain"":2.9e-05,""snow"":0.0,""low_light"":0.830803,""motion_blur"":0.009304,""defocus_blur"":0.115686,""glare_flare"":0.928519,""vignetting"":0.999648,""sensor_noise"":1.2e-05,""exposure_shift"":0.128579,""compression"":0.909925,""lens_occlusion"":0.033674}","{""haze_fog"":0.374448,""rain"":0.119052,""snow"":0.029051,""low_light"":0.226989,""motion_blur"":0.309348,""defocus_blur"":0.147581,""glare_flare"":0.419977,""vignetting"":0.562936,""sensor_noise"":0.011827,""exposure_shift"":0.211303,""compression"":0.299383,""lens_occlusion"":0.177149}","[{""issue"":""vignetting"",""prob"":0.999648},{""issue"":""glare_flare"",""prob"":0.928519},{""issue"":""compression"",""prob"":0.909925},{""issue"":""low_light"",""prob"":0.830803}]"
S07_glare_flare_s4,S07,video_006,test,corrupted,glare_flare,4,s4,0.55,0,-1.0,cloudy,night,urban,moderate,30,1280x720,128,corrupted/glare_flare/s4/S07_glare_flare_s4.mp4,"{""severity"":0.55,""severity_scaled"":0.4078909167902615,""bright_thresh"":0.7506585441456555,""bloom_strength"":0.3124978225704491,""streak_enabled"":true,""streak_angle_deg"":-1.697898729333808,""ghosts_enabled"":true,""ghost_count"":0,""flare_mean"":0.004969715606421232,""device"":""cuda""}",0.326310,0.087193,glare_flare,0.997096,"{""haze_fog"":0.000706,""rain"":5.6e-05,""snow"":0.0,""low_light"":0.864966,""motion_blur"":0.045943,""defocus_blur"":0.096935,""glare_flare"":0.997096,""vignetting"":0.985435,""sensor_noise"":5.8e-05,""exposure_shift"":0.287178,""compression"":0.935606,""lens_occlusion"":0.039066}","{""haze_fog"":0.293937,""rain"":0.11917,""snow"":0.028551,""low_light"":0.232519,""motion_blur"":0.368194,""defocus_blur"":0.145997,""glare_flare"":0.599291,""vignetting"":0.556919,""sensor_noise"":0.017214,""exposure_shift"":0.235666,""compression"":0.326852,""lens_occlusion"":0.183933}","[{""issue"":""glare_flare"",""prob"":0.997096},{""issue"":""vignetting"",""prob"":0.985435},{""issue"":""compression"",""prob"":0.935606},{""issue"":""low_light"",""prob"":0.864966},{""issue"":""exposure_shift"",""prob"":0.287178}]"
S07_glare_flare_s5,S07,video_006,test,corrupted,glare_flare,5,s5,0.75,0,-1.0,cloudy,night,urban,moderate,30,1280x720,128,corrupted/glare_flare/s5/S07_glare_flare_s5.mp4,"{""severity"":0.75,""severity_scaled"":0.649519052838329,""bright_thresh"":0.709581761017484,""bloom_strength"":0.4502258601178476,""streak_enabled"":true,""streak_angle_deg"":12.47690153863726,""ghosts_enabled"":true,""ghost_count"":0,""flare_mean"":0.010056163184344769,""device"":""cuda""}",0.143091,0.053457,glare_flare,0.999902,"{""haze_fog"":0.00135,""rain"":1.4e-05,""snow"":0.0,""low_light"":0.767528,""motion_blur"":0.255521,""defocus_blur"":0.098486,""glare_flare"":0.999902,""vignetting"":0.874142,""sensor_noise"":0.00021,""exposure_shift"":0.378714,""compression"":0.948747,""lens_occlusion"":0.045669}","{""haze_fog"":0.254321,""rain"":0.117641,""snow"":0.024888,""low_light"":0.22801,""motion_blur"":0.460518,""defocus_blur"":0.151343,""glare_flare"":0.757862,""vignetting"":0.537612,""sensor_noise"":0.022556,""exposure_shift"":0.245016,""compression"":0.344127,""lens_occlusion"":0.20223}","[{""issue"":""glare_flare"",""prob"":0.999902},{""issue"":""compression"",""prob"":0.948747},{""issue"":""vignetting"",""prob"":0.874142},{""issue"":""low_light"",""prob"":0.767528},{""issue"":""exposure_shift"",""prob"":0.378714},{""issue"":""motion_blur"",""prob"":0.255521}]"
S07_motion_blur_s1,S07,video_006,test,corrupted,motion_blur,1,s1,0.08,0,-1.0,cloudy,night,urban,moderate,30,1280x720,128,corrupted/motion_blur/s1/S07_motion_blur_s1.mp4,"{""severity"":0.08,""ksize"":11,""n_points"":11,""accel"":0.06586458741338713,""linear"":true,""psf_smooth_sigma"":0.08991266721906087}",0.896599,0.090215,vignetting,0.834892,"{""haze_fog"":0.000633,""rain"":1.4e-05,""snow"":0.0,""low_light"":0.35957,""motion_blur"":0.021951,""defocus_blur"":0.184688,""glare_flare"":0.294825,""vignetting"":0.834892,""sensor_noise"":0.0,""exposure_shift"":0.6089,""compression"":0.730369,""lens_occlusion"":0.021922}","{""haze_fog"":0.384561,""rain"":0.152127,""snow"":0.032351,""low_light"":0.164554,""motion_blur"":0.294529,""defocus_blur"":0.193984,""glare_flare"":0.222319,""vignetting"":0.485363,""sensor_noise"":0.004632,""exposure_shift"":0.530826,""compression"":0.312089,""lens_occlusion"":0.166024}","[{""issue"":""vignetting"",""prob"":0.834892},{""issue"":""compression"",""prob"":0.730369},{""issue"":""exposure_shift"",""prob"":0.6089},{""issue"":""low_light"",""prob"":0.35957},{""issue"":""glare_flare"",""prob"":0.294825}]"
S07_motion_blur_s2,S07,video_006,test,corrupted,motion_blur,2,s2,0.18,0,-1.0,cloudy,night,urban,moderate,30,1280x720,128,corrupted/motion_blur/s2/S07_motion_blur_s2.mp4,"{""severity"":0.18,""ksize"":13,""n_points"":14,""accel"":0.13915063655804275,""linear"":false,""psf_smooth_sigma"":0.2193703839767464}",0.771227,0.087163,compression,0.834399,"{""haze_fog"":0.000952,""rain"":6e-06,""snow"":0.0,""low_light"":0.224618,""motion_blur"":0.016546,""defocus_blur"":0.183431,""glare_flare"":0.162464,""vignetting"":0.829608,""sensor_noise"":0.0,""exposure_shift"":0.751204,""compression"":0.834399,""lens_occlusion"":0.01599}","{""haze_fog"":0.360599,""rain"":0.159908,""snow"":0.030044,""low_light"":0.153674,""motion_blur"":0.295632,""defocus_blur"":0.188456,""glare_flare"":0.162373,""vignetting"":0.447918,""sensor_noise"":0.004073,""exposure_shift"":0.598528,""compression"":0.324072,""lens_occlusion"":0.153312}","[{""issue"":""compression"",""prob"":0.834399},{""issue"":""vignetting"",""prob"":0.829608},{""issue"":""exposure_shift"",""prob"":0.751204}]"
S07_motion_blur_s3,S07,video_006,test,corrupted,motion_blur,3,s3,0.35,0,-1.0,cloudy,night,urban,moderate,30,1280x720,128,corrupted/motion_blur/s3/S07_motion_blur_s3.mp4,"{""severity"":0.35,""ksize"":19,""n_points"":19,""accel"":0.3000186244951717,""linear"":false,""psf_smooth_sigma"":0.45648272564558684}",0.568989,0.062382,exposure_shift,0.949897,"{""haze_fog"":0.002045,""rain"":2e-06,""snow"":0.0,""low_light"":0.021869,""motion_blur"":0.11244,""defocus_blur"":0.168517,""glare_flare"":0.041977,""vignetting"":0.709381,""sensor_noise"":0.0,""exposure_shift"":0.949897,""compression"":0.842772,""lens_occlusion"":0.021869}","{""haze_fog"":0.34378,""rain"":0.152688,""snow"":0.027403,""low_light"":0.13701,""motion_blur"":0.35135,""defocus_blur"":0.191072,""glare_flare"":0.148395,""vignetting"":0.404646,""sensor_noise"":0.004006,""exposure_shift"":0.749232,""compression"":0.312508,""lens_occlusion"":0.156175}","[{""issue"":""exposure_shift"",""prob"":0.949897},{""issue"":""compression"",""prob"":0.842772},{""issue"":""vignetting"",""prob"":0.709381}]"
S07_motion_blur_s4,S07,video_006,test,corrupted,motion_blur,4,s4,0.55,0,-1.0,cloudy,night,urban,moderate,30,1280x720,128,corrupted/motion_blur/s4/S07_motion_blur_s4.mp4,"{""severity"":0.55,""ksize"":27,""n_points"":26,""accel"":0.4694208286319474,""linear"":false,""psf_smooth_sigma"":0.6217651277314008}",0.351605,0.043529,exposure_shift,0.993799,"{""haze_fog"":0.002022,""rain"":1e-06,""snow"":0.0,""low_light"":0.00757,""motion_blur"":0.625671,""defocus_blur"":0.196973,""glare_flare"":0.048208,""vignetting"":0.417912,""sensor_noise"":0.0,""exposure_shift"":0.993799,""compression"":0.828486,""lens_occlusion"":0.017743}","{""haze_fog"":0.343622,""rain"":0.163595,""snow"":0.025318,""low_light"":0.129345,""motion_blur"":0.437214,""defocus_blur"":0.229112,""glare_flare"":0.165929,""vignetting"":0.390595,""sensor_noise"":0.004924,""exposure_shift"":0.836544,""compression"":0.337182,""lens_occlusion"":0.159656}","[{""issue"":""exposure_shift"",""prob"":0.993799},{""issue"":""compression"",""prob"":0.828486},{""issue"":""motion_blur"",""prob"":0.625671},{""issue"":""vignetting"",""prob"":0.417912}]"
S07_motion_blur_s5,S07,video_006,test,corrupted,motion_blur,5,s5,0.75,0,-1.0,cloudy,night,urban,moderate,30,1280x720,128,corrupted/motion_blur/s5/S07_motion_blur_s5.mp4,"{""severity"":0.75,""ksize"":33,""n_points"":32,""accel"":0.6129952092350327,""linear"":true,""psf_smooth_sigma"":0.9896722575442354}",0.162893,0.035227,exposure_shift,0.982480,"{""haze_fog"":0.001942,""rain"":1e-06,""snow"":0.0,""low_light"":0.006825,""motion_blur"":0.808803,""defocus_blur"":0.207139,""glare_flare"":0.061488,""vignetting"":0.506503,""sensor_noise"":0.0,""exposure_shift"":0.98248,""compression"":0.82208,""lens_occlusion"":0.015944}","{""haze_fog"":0.38315,""rain"":0.168676,""snow"":0.025164,""low_light"":0.131296,""motion_blur"":0.47921,""defocus_blur"":0.243304,""glare_flare"":0.18712,""vignetting"":0.423236,""sensor_noise"":0.006263,""exposure_shift"":0.830417,""compression"":0.358708,""lens_occlusion"":0.166567}","[{""issue"":""exposure_shift"",""prob"":0.98248},{""issue"":""compression"",""prob"":0.82208},{""issue"":""motion_blur"",""prob"":0.808803},{""issue"":""vignetting"",""prob"":0.506503}]"
S07_defocus_blur_s1,S07,video_006,test,corrupted,defocus_blur,1,s1,0.08,0,-1.0,cloudy,night,urban,moderate,30,1280x720,128,corrupted/defocus_blur/s1/S07_defocus_blur_s1.mp4,"{""severity"":0.08,""sigma_max_eff"":2.4,""d_f"":0.8044219613075256,""invert_depth"":true,""n_layers"":16}",0.896599,0.181425,vignetting,0.999991,"{""haze_fog"":0.000294,""rain"":9e-06,""snow"":0.0,""low_light"":0.953203,""motion_blur"":0.000235,""defocus_blur"":0.167308,""glare_flare"":0.086221,""vignetting"":0.999991,""sensor_noise"":0.0,""exposure_shift"":0.330102,""compression"":0.54877,""lens_occlusion"":0.022437}","{""haze_fog"":0.371261,""rain"":0.095357,""snow"":0.019666,""low_light"":0.180688,""motion_blur"":0.184731,""defocus_blur"":0.158501,""glare_flare"":0.186113,""vignetting"":0.557958,""sensor_noise"":0.003191,""exposure_shift"":0.307104,""compression"":0.201354,""lens_occlusion"":0.15766}","[{""issue"":""vignetting"",""prob"":0.999991},{""issue"":""low_light"",""prob"":0.953203},{""issue"":""compression"",""prob"":0.54877},{""issue"":""exposure_shift"",""prob"":0.330102}]"
S07_defocus_blur_s2,S07,video_006,test,corrupted,defocus_blur,2,s2,0.18,0,-1.0,cloudy,night,urban,moderate,30,1280x720,128,corrupted/defocus_blur/s2/S07_defocus_blur_s2.mp4,"{""severity"":0.18,""sigma_max_eff"":5.3999999999999995,""d_f"":0.8044219613075256,""invert_depth"":true,""n_layers"":16}",0.771227,0.181199,vignetting,0.999991,"{""haze_fog"":0.000293,""rain"":1e-05,""snow"":0.0,""low_light"":0.953167,""motion_blur"":0.000235,""defocus_blur"":0.16814,""glare_flare"":0.086014,""vignetting"":0.999991,""sensor_noise"":0.0,""exposure_shift"":0.328902,""compression"":0.547065,""lens_occlusion"":0.022038}","{""haze_fog"":0.371342,""rain"":0.094715,""snow"":0.019611,""low_light"":0.181178,""motion_blur"":0.184351,""defocus_blur"":0.159312,""glare_flare"":0.18581,""vignetting"":0.557393,""sensor_noise"":0.003189,""exposure_shift"":0.307878,""compression"":0.202665,""lens_occlusion"":0.156911}","[{""issue"":""vignetting"",""prob"":0.999991},{""issue"":""low_light"",""prob"":0.953167},{""issue"":""compression"",""prob"":0.547065},{""issue"":""exposure_shift"",""prob"":0.328902}]"
S07_defocus_blur_s3,S07,video_006,test,corrupted,defocus_blur,3,s3,0.35,0,-1.0,cloudy,night,urban,moderate,30,1280x720,128,corrupted/defocus_blur/s3/S07_defocus_blur_s3.mp4,"{""severity"":0.35,""sigma_max_eff"":10.5,""d_f"":0.8044219613075256,""invert_depth"":true,""n_layers"":16}",0.568989,0.180225,vignetting,0.999991,"{""haze_fog"":0.000316,""rain"":1.1e-05,""snow"":0.0,""low_light"":0.946097,""motion_blur"":0.000245,""defocus_blur"":0.165233,""glare_flare"":0.086318,""vignetting"":0.999991,""sensor_noise"":0.0,""exposure_shift"":0.323595,""compression"":0.547959,""lens_occlusion"":0.021899}","{""haze_fog"":0.371469,""rain"":0.098367,""snow"":0.020486,""low_light"":0.179905,""motion_blur"":0.184403,""defocus_blur"":0.157793,""glare_flare"":0.186706,""vignetting"":0.557276,""sensor_noise"":0.003213,""exposure_shift"":0.304355,""compression"":0.202434,""lens_occlusion"":0.158203}","[{""issue"":""vignetting"",""prob"":0.999991},{""issue"":""low_light"",""prob"":0.946097},{""issue"":""compression"",""prob"":0.547959},{""issue"":""exposure_shift"",""prob"":0.323595}]"
S07_defocus_blur_s4,S07,video_006,test,corrupted,defocus_blur,4,s4,0.55,0,-1.0,cloudy,night,urban,moderate,30,1280x720,128,corrupted/defocus_blur/s4/S07_defocus_blur_s4.mp4,"{""severity"":0.55,""sigma_max_eff"":16.5,""d_f"":0.8044219613075256,""invert_depth"":true,""n_layers"":16}",0.351605,0.162640,vignetting,0.999994,"{""haze_fog"":0.000418,""rain"":1.1e-05,""snow"":1e-06,""low_light"":0.924334,""motion_blur"":0.000296,""defocus_blur"":0.164194,""glare_flare"":0.113724,""vignetting"":0.999994,""sensor_noise"":0.0,""exposure_shift"":0.223981,""compression"":0.610906,""lens_occlusion"":0.022761}","{""haze_fog"":0.390356,""rain"":0.113203,""snow"":0.025693,""low_light"":0.187932,""motion_blur"":0.192974,""defocus_blur"":0.161016,""glare_flare"":0.198151,""vignetting"":0.555674,""sensor_noise"":0.003817,""exposure_shift"":0.304885,""compression"":0.231879,""lens_occlusion"":0.163198}","[{""issue"":""vignetting"",""prob"":0.999994},{""issue"":""low_light"",""prob"":0.924334},{""issue"":""compression"",""prob"":0.610906}]"
S07_defocus_blur_s5,S07,video_006,test,corrupted,defocus_blur,5,s5,0.75,0,-1.0,cloudy,night,urban,moderate,30,1280x720,128,corrupted/defocus_blur/s5/S07_defocus_blur_s5.mp4,"{""severity"":0.75,""sigma_max_eff"":22.5,""d_f"":0.8044219613075256,""invert_depth"":true,""n_layers"":16}",0.162893,0.147168,vignetting,0.999996,"{""haze_fog"":0.000671,""rain"":8e-06,""snow"":1e-06,""low_light"":0.88261,""motion_blur"":0.000507,""defocus_blur"":0.171632,""glare_flare"":0.130898,""vignetting"":0.999996,""sensor_noise"":0.0,""exposure_shift"":0.171241,""compression"":0.681403,""lens_occlusion"":0.022605}","{""haze_fog"":0.425571,""rain"":0.141819,""snow"":0.035411,""low_light"":0.194326,""motion_blur"":0.208214,""defocus_blur"":0.171677,""glare_flare"":0.207573,""vignetting"":0.558443,""sensor_noise"":0.00497,""exposure_shift"":0.304921,""compression"":0.260583,""lens_occlusion"":0.162836}","[{""issue"":""vignetting"",""prob"":0.999996},{""issue"":""low_light"",""prob"":0.88261},{""issue"":""compression"",""prob"":0.681403}]"
S07_lens_occlusion_s1,S07,video_006,test,corrupted,lens_occlusion,1,s1,0.08,0,-1.0,cloudy,night,urban,moderate,30,1280x720,128,corrupted/lens_occlusion/s1/S07_lens_occlusion_s1.mp4,"{""severity"":0.08,""n_blobs"":9,""target_coverage"":0.08683796394240399,""coverage_reached"":0.09039171006944445,""blobs"":[{""cx"":891.1447225993599,""cy"":125.06124147913751,""R_px"":53.62003412204043,""k"":0.33905867765387177,""alpha_strength"":0.44288790753916096},{""cx"":1088.1156723224112,""cy"":97.24578596809734,""R_px"":65.73923240578965,""k"":0.3489708878472453,""alpha_strength"":0.4552501047290469},{""cx"":367.29381434822545,""cy"":155.79904657879155,""R_px"":64.6878689447935,""k"":0.28376908410246976,""alpha_strength"":0.43781642090530454},{""cx"":240.6116036223916,""cy"":449.91499424080797,""R_px"":53.56773792475593,""k"":0.3461383373434616,""alpha_strength"":0.48009772874556905},{""cx"":362.1440013873673,""cy"":99.30114331688264,""R_px"":64.32280949908697,""k"":0.3102502518878285,""alpha_strength"":0.44536528627829347},{""cx"":1100.9482887666716,""cy"":240.29656429818127,""R_px"":67.03961295728872,""k"":0.2716087034311284,""alpha_strength"":0.4487794694164806},{""cx"":378.3464293390251,""cy"":87.308397755848,""R_px"":63.525813387936815,""k"":0.3192488945678096,""alpha_strength"":0.47619059013989323},{""cx"":329.6448401947946,""cy"":561.6721850810611,""R_px"":66.5901238917275,""k"":0.31991599140280974,""alpha_strength"":0.5002234844618678},{""cx"":173.0241342720195,""cy"":544.2780079377268,""R_px"":57.51480936344828,""k"":0.2879948456386046,""alpha_strength"":0.4713566494507503}]}",0.877737,0.161157,vignetting,0.999992,"{""haze_fog"":0.000312,""rain"":7e-06,""snow"":0.0,""low_light"":0.945643,""motion_blur"":0.000232,""defocus_blur"":0.16185,""glare_flare"":0.071576,""vignetting"":0.999992,""sensor_noise"":0.0,""exposure_shift"":0.338637,""compression"":0.599612,""lens_occlusion"":0.021476}","{""haze_fog"":0.378798,""rain"":0.100423,""snow"":0.021013,""low_light"":0.184683,""motion_blur"":0.179909,""defocus_blur"":0.15078,""glare_flare"":0.189378,""vignetting"":0.563227,""sensor_noise"":0.003316,""exposure_shift"":0.315744,""compression"":0.206634,""lens_occlusion"":0.158838}","[{""issue"":""vignetting"",""prob"":0.999992},{""issue"":""low_light"",""prob"":0.945643},{""issue"":""compression"",""prob"":0.599612},{""issue"":""exposure_shift"",""prob"":0.338637}]"
S07_lens_occlusion_s2,S07,video_006,test,corrupted,lens_occlusion,2,s2,0.18,0,-1.0,cloudy,night,urban,moderate,30,1280x720,128,corrupted/lens_occlusion/s2/S07_lens_occlusion_s2.mp4,"{""severity"":0.18,""n_blobs"":9,""target_coverage"":0.12819608774757496,""coverage_reached"":0.1314312065972222,""blobs"":[{""cx"":676.1472548460496,""cy"":305.701690803397,""R_px"":70.64582728225756,""k"":0.38600252349290565,""alpha_strength"":0.5392557770682656},{""cx"":1049.5159464595724,""cy"":160.75679955039584,""R_px"":80.49211740117093,""k"":0.42091610750261266,""alpha_strength"":0.4901176976519},{""cx"":411.4686014408147,""cy"":176.5430200339461,""R_px"":66.74304480251331,""k"":0.3498868947256184,""alpha_strength"":0.49173381396488736},{""cx"":548.9965857121689,""cy"":57.91210352199192,""R_px"":67.66588515956235,""k"":0.4610618559064307,""alpha_strength"":0.5034108303864391},{""cx"":280.54610548808154,""cy"":229.68019897900245,""R_px"":87.34849851848031,""k"":0.4476692559420631,""alpha_strength"":0.4870462055252736},{""cx"":342.76006185955316,""cy"":274.71117908777967,""R_px"":75.05800093756397,""k"":0.4416427348790811,""alpha_strength"":0.48158120297543017},{""cx"":283.28754549890215,""cy"":166.42701142477182,""R_px"":73.964071230514,""k"":0.4487891241119689,""alpha_strength"":0.5011360477820003},{""cx"":316.8168436971746,""cy"":538.7513217686071,""R_px"":75.26435432169669,""k"":0.4223511149934263,""alpha_strength"":0.5023885083615387},{""cx"":290.89340990476126,""cy"":69.94877268911003,""R_px"":70.64852943485127,""k"":0.42637824804548774,""alpha_strength"":0.5218554948532121}]}",0.733170,0.160764,vignetting,0.999994,"{""haze_fog"":0.000376,""rain"":3e-05,""snow"":0.0,""low_light"":0.898791,""motion_blur"":0.001092,""defocus_blur"":0.158007,""glare_flare"":0.114384,""vignetting"":0.999994,""sensor_noise"":0.0,""exposure_shift"":0.324859,""compression"":0.640197,""lens_occlusion"":0.024033}","{""haze_fog"":0.376086,""rain"":0.115593,""snow"":0.024098,""low_light"":0.17988,""motion_blur"":0.182253,""defocus_blur"":0.152885,""glare_flare"":0.20257,""vignetting"":0.570266,""sensor_noise"":0.003619,""exposure_shift"":0.315601,""compression"":0.215623,""lens_occlusion"":0.158408}","[{""issue"":""vignetting"",""prob"":0.999994},{""issue"":""low_light"",""prob"":0.898791},{""issue"":""compression"",""prob"":0.640197},{""issue"":""exposure_shift"",""prob"":0.324859}]"
S07_lens_occlusion_s3,S07,video_006,test,corrupted,lens_occlusion,3,s3,0.35,0,-1.0,cloudy,night,urban,moderate,30,1280x720,128,corrupted/lens_occlusion/s3/S07_lens_occlusion_s3.mp4,"{""severity"":0.35,""n_blobs"":7,""target_coverage"":0.20651238262623056,""coverage_reached"":0.225537109375,""blobs"":[{""cx"":938.9103634269255,""cy"":245.0425115341631,""R_px"":101.24629095695555,""k"":0.5810996862415021,""alpha_strength"":0.5700486217936538},{""cx"":675.7131226733433,""cy"":82.88418362869746,""R_px"":112.18171400908508,""k"":0.5629607791732804,""alpha_strength"":0.6110250357020857},{""cx"":590.540580286384,""cy"":493.42176141417013,""R_px"":115.64255153558483,""k"":0.48262313547504454,""alpha_strength"":0.606465640143014},{""cx"":939.7668184509969,""cy"":292.88190598780176,""R_px"":112.68213176955324,""k"":0.5113002478007703,""alpha_strength"":0.6029311650005674},{""cx"":815.9077605369955,""cy"":149.2249089347723,""R_px"":116.72901772656549,""k"":0.6271875027222442,""alpha_strength"":0.5709940231839159},{""cx"":359.0444503237328,""cy"":278.2704917638169,""R_px"":123.97349696298494,""k"":0.5977814525357115,""alpha_strength"":0.5682515666633632},{""cx"":337.80603706310114,""cy"":381.09046942649206,""R_px"":119.66577395058883,""k"":0.5814595664584233,""alpha_strength"":0.6245061832368888}]}",0.509796,0.138283,vignetting,0.999969,"{""haze_fog"":0.000592,""rain"":7e-05,""snow"":1e-06,""low_light"":0.879728,""motion_blur"":0.000201,""defocus_blur"":0.165215,""glare_flare"":0.165721,""vignetting"":0.999969,""sensor_noise"":0.0,""exposure_shift"":0.45085,""compression"":0.671612,""lens_occlusion"":0.025699}","{""haze_fog"":0.387039,""rain"":0.131021,""snow"":0.028595,""low_light"":0.179705,""motion_blur"":0.188449,""defocus_blur"":0.153283,""glare_flare"":0.215482,""vignetting"":0.570978,""sensor_noise"":0.002917,""exposure_shift"":0.375856,""compression"":0.220631,""lens_occlusion"":0.16366}","[{""issue"":""vignetting"",""prob"":0.999969},{""issue"":""low_light"",""prob"":0.879728},{""issue"":""compression"",""prob"":0.671612},{""issue"":""exposure_shift"",""prob"":0.45085}]"
S07_lens_occlusion_s4,S07,video_006,test,corrupted,lens_occlusion,4,s4,0.55,0,-1.0,cloudy,night,urban,moderate,30,1280x720,128,corrupted/lens_occlusion/s4/S07_lens_occlusion_s4.mp4,"{""severity"":0.55,""n_blobs"":6,""target_coverage"":0.30638438084827657,""coverage_reached"":0.3475618489583333,""blobs"":[{""cx"":542.3003733957066,""cy"":475.60146739910914,""R_px"":142.29641522947,""k"":0.7973684783173011,""alpha_strength"":0.7167791738274207},{""cx"":391.5257858299022,""cy"":303.54323945093495,""R_px"":140.11805180174304,""k"":0.749425158283692,""alpha_strength"":0.7618399769272989},{""cx"":692.8927817421389,""cy"":550.8401274218575,""R_px"":163.44039704551545,""k"":0.8250982790131123,""alpha_strength"":0.7067461391239961},{""cx"":425.840195456276,""cy"":226.37950713919068,""R_px"":175.86589642480473,""k"":0.6994538554947877,""alpha_strength"":0.7199071652823525},{""cx"":355.16464205600874,""cy"":319.10648628843546,""R_px"":175.72404386842413,""k"":0.6942673494752875,""alpha_strength"":0.6991641420345677},{""cx"":943.6301809293068,""cy"":133.71562446765788,""R_px"":178.3061792261426,""k"":0.7173843846654979,""alpha_strength"":0.7041976557151537}]}",0.286830,0.083114,vignetting,0.874648,"{""haze_fog"":0.002187,""rain"":0.000215,""snow"":2e-06,""low_light"":0.467511,""motion_blur"":0.012762,""defocus_blur"":0.186059,""glare_flare"":0.272044,""vignetting"":0.874648,""sensor_noise"":0.0,""exposure_shift"":0.600942,""compression"":0.733351,""lens_occlusion"":0.023009}","{""haze_fog"":0.403618,""rain"":0.16727,""snow"":0.033767,""low_light"":0.166394,""motion_blur"":0.258514,""defocus_blur"":0.17725,""glare_flare"":0.278826,""vignetting"":0.547132,""sensor_noise"":0.004491,""exposure_shift"":0.508951,""compression"":0.276863,""lens_occlusion"":0.167368}","[{""issue"":""vignetting"",""prob"":0.874648},{""issue"":""compression"",""prob"":0.733351},{""issue"":""exposure_shift"",""prob"":0.600942},{""issue"":""low_light"",""prob"":0.467511},{""issue"":""glare_flare"",""prob"":0.272044}]"
S07_lens_occlusion_s5,S07,video_006,test,corrupted,lens_occlusion,5,s5,0.75,0,-1.0,cloudy,night,urban,moderate,30,1280x720,128,corrupted/lens_occlusion/s5/S07_lens_occlusion_s5.mp4,"{""severity"":0.75,""n_blobs"":4,""target_coverage"":0.41197882156696997,""coverage_reached"":0.43331597222222223,""blobs"":[{""cx"":807.2103244152572,""cy"":478.9630274999385,""R_px"":189.31463621119212,""k"":0.9527054926433551,""alpha_strength"":0.8621458149694048},{""cx"":416.55218463506935,""cy"":191.81043967039614,""R_px"":207.58603964846907,""k"":0.7640215986175001,""alpha_strength"":0.8345607491815268},{""cx"":367.4811425418484,""cy"":398.1166976127408,""R_px"":211.12903237721605,""k"":0.8847599027683132,""alpha_strength"":0.8460839172348615},{""cx"":946.5759780625644,""cy"":404.9957403314151,""R_px"":228.24416732563134,""k"":0.9971806042554215,""alpha_strength"":0.8604504645553097}]}",0.114387,0.068351,vignetting,0.894510,"{""haze_fog"":0.003913,""rain"":0.000157,""snow"":7e-06,""low_light"":0.345364,""motion_blur"":0.00583,""defocus_blur"":0.18013,""glare_flare"":0.396214,""vignetting"":0.89451,""sensor_noise"":0.0,""exposure_shift"":0.480627,""compression"":0.761536,""lens_occlusion"":0.020036}","{""haze_fog"":0.449945,""rain"":0.172892,""snow"":0.043144,""low_light"":0.180276,""motion_blur"":0.279616,""defocus_blur"":0.168121,""glare_flare"":0.310305,""vignetting"":0.561934,""sensor_noise"":0.005689,""exposure_shift"":0.509362,""compression"":0.294986,""lens_occlusion"":0.170139}","[{""issue"":""vignetting"",""prob"":0.89451},{""issue"":""compression"",""prob"":0.761536},{""issue"":""exposure_shift"",""prob"":0.480627},{""issue"":""glare_flare"",""prob"":0.396214},{""issue"":""low_light"",""prob"":0.345364}]"
S07_sensor_noise_s1,S07,video_006,test,corrupted,sensor_noise,1,s1,0.08,0,-1.0,cloudy,night,urban,moderate,30,1280x720,128,corrupted/sensor_noise/s1/S07_sensor_noise_s1.mp4,"{""severity"":0.08,""sigma_r"":0.002989585898622079,""sigma_s"":0.007529911515998806,""per_channel"":true}",0.928613,0.181032,vignetting,0.999992,"{""haze_fog"":0.000376,""rain"":1.3e-05,""snow"":1e-06,""low_light"":0.949994,""motion_blur"":0.000195,""defocus_blur"":0.164888,""glare_flare"":0.085182,""vignetting"":0.999992,""sensor_noise"":0.0,""exposure_shift"":0.329213,""compression"":0.572685,""lens_occlusion"":0.021079}","{""haze_fog"":0.373108,""rain"":0.10068,""snow"":0.020718,""low_light"":0.18151,""motion_blur"":0.179098,""defocus_blur"":0.15702,""glare_flare"":0.186784,""vignetting"":0.556215,""sensor_noise"":0.003157,""exposure_shift"":0.303635,""compression"":0.204127,""lens_occlusion"":0.158201}","[{""issue"":""vignetting"",""prob"":0.999992},{""issue"":""low_light"",""prob"":0.949994},{""issue"":""compression"",""prob"":0.572685},{""issue"":""exposure_shift"",""prob"":0.329213}]"
S07_sensor_noise_s2,S07,video_006,test,corrupted,sensor_noise,2,s2,0.18,0,-1.0,cloudy,night,urban,moderate,30,1280x720,128,corrupted/sensor_noise/s2/S07_sensor_noise_s2.mp4,"{""severity"":0.18,""sigma_r"":0.004384337304343877,""sigma_s"":0.015119297379355055,""per_channel"":true}",0.838388,0.177685,vignetting,0.999995,"{""haze_fog"":0.000505,""rain"":8e-06,""snow"":1e-06,""low_light"":0.924183,""motion_blur"":0.000183,""defocus_blur"":0.161253,""glare_flare"":0.068971,""vignetting"":0.999995,""sensor_noise"":0.0,""exposure_shift"":0.311493,""compression"":0.58395,""lens_occlusion"":0.022921}","{""haze_fog"":0.377025,""rain"":0.108932,""snow"":0.02314,""low_light"":0.180167,""motion_blur"":0.171988,""defocus_blur"":0.154735,""glare_flare"":0.186785,""vignetting"":0.564237,""sensor_noise"":0.003186,""exposure_shift"":0.297323,""compression"":0.203191,""lens_occlusion"":0.157078}","[{""issue"":""vignetting"",""prob"":0.999995},{""issue"":""low_light"",""prob"":0.924183},{""issue"":""compression"",""prob"":0.58395},{""issue"":""exposure_shift"",""prob"":0.311493}]"
S07_sensor_noise_s3,S07,video_006,test,corrupted,sensor_noise,3,s3,0.35,0,-1.0,cloudy,night,urban,moderate,30,1280x720,128,corrupted/sensor_noise/s3/S07_sensor_noise_s3.mp4,"{""severity"":0.35,""sigma_r"":0.00725286492585416,""sigma_s"":0.031439031788704615,""per_channel"":true}",0.682056,0.236740,vignetting,0.999995,"{""haze_fog"":0.000694,""rain"":4.9e-05,""snow"":2e-05,""low_light"":0.951936,""motion_blur"":5.8e-05,""defocus_blur"":0.133589,""glare_flare"":0.072314,""vignetting"":0.999995,""sensor_noise"":1e-06,""exposure_shift"":0.129448,""compression"":0.643896,""lens_occlusion"":0.017379}","{""haze_fog"":0.365437,""rain"":0.083889,""snow"":0.025867,""low_light"":0.188957,""motion_blur"":0.147598,""defocus_blur"":0.138112,""glare_flare"":0.194452,""vignetting"":0.534859,""sensor_noise"":0.004442,""exposure_shift"":0.252827,""compression"":0.195457,""lens_occlusion"":0.152712}","[{""issue"":""vignetting"",""prob"":0.999995},{""issue"":""low_light"",""prob"":0.951936},{""issue"":""compression"",""prob"":0.643896}]"
S07_sensor_noise_s4,S07,video_006,test,corrupted,sensor_noise,4,s4,0.55,0,-1.0,cloudy,night,urban,moderate,30,1280x720,128,corrupted/sensor_noise/s4/S07_sensor_noise_s4.mp4,"{""severity"":0.55,""sigma_r"":0.01133515625633702,""sigma_s"":0.04890940342127469,""per_channel"":true}",0.492001,0.231454,vignetting,0.999981,"{""haze_fog"":0.001599,""rain"":2.6e-05,""snow"":7.2e-05,""low_light"":0.937083,""motion_blur"":9.6e-05,""defocus_blur"":0.093511,""glare_flare"":0.197784,""vignetting"":0.999981,""sensor_noise"":1.2e-05,""exposure_shift"":0.044443,""compression"":0.717073,""lens_occlusion"":0.021404}","{""haze_fog"":0.379616,""rain"":0.107365,""snow"":0.036236,""low_light"":0.195982,""motion_blur"":0.179166,""defocus_blur"":0.140895,""glare_flare"":0.307558,""vignetting"":0.570967,""sensor_noise"":0.009814,""exposure_shift"":0.206656,""compression"":0.168356,""lens_occlusion"":0.165964}","[{""issue"":""vignetting"",""prob"":0.999981},{""issue"":""low_light"",""prob"":0.937083},{""issue"":""compression"",""prob"":0.717073}]"
S07_sensor_noise_s5,S07,video_006,test,corrupted,sensor_noise,5,s5,0.75,0,-1.0,cloudy,night,urban,moderate,30,1280x720,128,corrupted/sensor_noise/s5/S07_sensor_noise_s5.mp4,"{""severity"":0.75,""sigma_r"":0.013927484962385805,""sigma_s"":0.06726375792190877,""per_channel"":true}",0.291891,0.202407,vignetting,0.999809,"{""haze_fog"":0.009833,""rain"":0.00052,""snow"":5e-05,""low_light"":0.81149,""motion_blur"":4.3e-05,""defocus_blur"":0.08022,""glare_flare"":0.282304,""vignetting"":0.999809,""sensor_noise"":9e-06,""exposure_shift"":0.049,""compression"":0.847646,""lens_occlusion"":0.022864}","{""haze_fog"":0.404401,""rain"":0.142148,""snow"":0.026876,""low_light"":0.206721,""motion_blur"":0.169225,""defocus_blur"":0.128898,""glare_flare"":0.380353,""vignetting"":0.569118,""sensor_noise"":0.01164,""exposure_shift"":0.209754,""compression"":0.124695,""lens_occlusion"":0.193864}","[{""issue"":""vignetting"",""prob"":0.999809},{""issue"":""compression"",""prob"":0.847646},{""issue"":""low_light"",""prob"":0.81149},{""issue"":""glare_flare"",""prob"":0.282304}]"
S07_low_light_s1,S07,video_006,test,corrupted,low_light,1,s1,0.08,0,-1.0,cloudy,night,urban,moderate,30,1280x720,128,corrupted/low_light/s1/S07_low_light_s1.mp4,"{""severity"":0.08,""gamma"":1.3641084592662238,""sigma_r"":0.003750484496751406,""sigma_s"":0.013187756055391587,""amp_r"":2.0,""amp_s"":3.0,""desat"":0.02,""per_channel"":true}",0.911980,0.210785,vignetting,0.999920,"{""haze_fog"":0.0,""rain"":0.0,""snow"":0.0,""low_light"":0.997402,""motion_blur"":0.000192,""defocus_blur"":0.211739,""glare_flare"":0.092298,""vignetting"":0.99992,""sensor_noise"":0.0,""exposure_shift"":0.808099,""compression"":0.167969,""lens_occlusion"":0.014639}","{""haze_fog"":0.196922,""rain"":0.058065,""snow"":0.008409,""low_light"":0.17552,""motion_blur"":0.175595,""defocus_blur"":0.185516,""glare_flare"":0.126332,""vignetting"":0.536497,""sensor_noise"":0.001026,""exposure_shift"":0.449254,""compression"":0.147347,""lens_occlusion"":0.123891}","[{""issue"":""vignetting"",""prob"":0.99992},{""issue"":""low_light"",""prob"":0.997402},{""issue"":""exposure_shift"",""prob"":0.808099}]"
S07_low_light_s2,S07,video_006,test,corrupted,low_light,2,s2,0.18,0,-1.0,cloudy,night,urban,moderate,30,1280x720,128,corrupted/low_light/s2/S07_low_light_s2.mp4,"{""severity"":0.18,""gamma"":1.7241861850007894,""sigma_r"":0.0077028103194787785,""sigma_s"":0.028180589331224925,""amp_r"":2.0,""amp_s"":3.0,""desat"":0.045,""per_channel"":true}",0.803090,0.219985,vignetting,0.999939,"{""haze_fog"":0.0,""rain"":0.0,""snow"":0.0,""low_light"":0.998734,""motion_blur"":9.6e-05,""defocus_blur"":0.209756,""glare_flare"":0.100221,""vignetting"":0.999939,""sensor_noise"":0.0,""exposure_shift"":0.84459,""compression"":0.146463,""lens_occlusion"":0.013378}","{""haze_fog"":0.193451,""rain"":0.06781,""snow"":0.009874,""low_light"":0.176895,""motion_blur"":0.168165,""defocus_blur"":0.182856,""glare_flare"":0.122352,""vignetting"":0.558033,""sensor_noise"":0.001197,""exposure_shift"":0.466705,""compression"":0.127025,""lens_occlusion"":0.116936}","[{""issue"":""vignetting"",""prob"":0.999939},{""issue"":""low_light"",""prob"":0.998734},{""issue"":""exposure_shift"",""prob"":0.84459}]"
S07_low_light_s3,S07,video_006,test,corrupted,low_light,3,s3,0.35,0,-1.0,cloudy,night,urban,moderate,30,1280x720,128,corrupted/low_light/s3/S07_low_light_s3.mp4,"{""severity"":0.35,""gamma"":2.005108508867241,""sigma_r"":0.013978977015100334,""sigma_s"":0.06356191663447364,""amp_r"":2.0,""amp_s"":3.0,""desat"":0.0875,""per_channel"":true}",0.621254,0.311433,vignetting,0.999968,"{""haze_fog"":1e-06,""rain"":0.0,""snow"":0.0,""low_light"":0.997581,""motion_blur"":1e-05,""defocus_blur"":0.154851,""glare_flare"":0.148341,""vignetting"":0.999968,""sensor_noise"":0.0,""exposure_shift"":0.650561,""compression"":0.404404,""lens_occlusion"":0.009902}","{""haze_fog"":0.24037,""rain"":0.056951,""snow"":0.008722,""low_light"":0.176147,""motion_blur"":0.13069,""defocus_blur"":0.162219,""glare_flare"":0.138355,""vignetting"":0.542489,""sensor_noise"":0.001534,""exposure_shift"":0.404065,""compression"":0.101679,""lens_occlusion"":0.115187}","[{""issue"":""vignetting"",""prob"":0.999968},{""issue"":""low_light"",""prob"":0.997581},{""issue"":""exposure_shift"",""prob"":0.650561},{""issue"":""compression"",""prob"":0.404404}]"
S07_low_light_s4,S07,video_006,test,corrupted,low_light,4,s4,0.55,0,-1.0,cloudy,night,urban,moderate,30,1280x720,128,corrupted/low_light/s4/S07_low_light_s4.mp4,"{""severity"":0.55,""gamma"":2.2798552169761543,""sigma_r"":0.0242744383846528,""sigma_s"":0.12662453257848277,""amp_r"":2.0,""amp_s"":3.0,""desat"":0.1375,""per_channel"":true}",0.413809,0.350296,vignetting,0.999851,"{""haze_fog"":3.3e-05,""rain"":0.000122,""snow"":4.1e-05,""low_light"":0.999053,""motion_blur"":0.0,""defocus_blur"":0.067684,""glare_flare"":0.194581,""vignetting"":0.999851,""sensor_noise"":4e-05,""exposure_shift"":0.065037,""compression"":0.950934,""lens_occlusion"":0.020756}","{""haze_fog"":0.291714,""rain"":0.159716,""snow"":0.054487,""low_light"":0.240077,""motion_blur"":0.088457,""defocus_blur"":0.123543,""glare_flare"":0.250015,""vignetting"":0.525183,""sensor_noise"":0.008326,""exposure_shift"":0.205243,""compression"":0.165474,""lens_occlusion"":0.142309}","[{""issue"":""vignetting"",""prob"":0.999851},{""issue"":""low_light"",""prob"":0.999053},{""issue"":""compression"",""prob"":0.950934}]"
S07_low_light_s5,S07,video_006,test,corrupted,low_light,5,s5,0.75,0,-1.0,cloudy,night,urban,moderate,30,1280x720,128,corrupted/low_light/s5/S07_low_light_s5.mp4,"{""severity"":0.75,""gamma"":2.7285402413951627,""sigma_r"":0.035387307389084036,""sigma_s"":0.24125853076942086,""amp_r"":2.0,""amp_s"":3.0,""desat"":0.1875,""per_channel"":true}",0.216134,0.232065,low_light,0.999978,"{""haze_fog"":7e-06,""rain"":3.1e-05,""snow"":2e-06,""low_light"":0.999978,""motion_blur"":0.0,""defocus_blur"":0.050647,""glare_flare"":0.334832,""vignetting"":0.999823,""sensor_noise"":0.166984,""exposure_shift"":0.013656,""compression"":0.910581,""lens_occlusion"":0.046727}","{""haze_fog"":0.249784,""rain"":0.221574,""snow"":0.068531,""low_light"":0.446413,""motion_blur"":0.093924,""defocus_blur"":0.135059,""glare_flare"":0.348932,""vignetting"":0.42891,""sensor_noise"":0.079793,""exposure_shift"":0.123938,""compression"":0.17745,""lens_occlusion"":0.141132}","[{""issue"":""low_light"",""prob"":0.999978},{""issue"":""vignetting"",""prob"":0.999823},{""issue"":""compression"",""prob"":0.910581},{""issue"":""glare_flare"",""prob"":0.334832}]"
S07_overexposure_s1,S07,video_006,test,corrupted,overexposure,1,s1,0.08,0,-1.0,cloudy,night,urban,moderate,30,1280x720,128,corrupted/overexposure/s1/S07_overexposure_s1.mp4,"{""severity"":0.08,""delta_ev"":0.16,""scale"":1.11728713807222}",0.934886,0.175078,vignetting,0.999988,"{""haze_fog"":0.000516,""rain"":5e-06,""snow"":0.0,""low_light"":0.931946,""motion_blur"":0.000609,""defocus_blur"":0.166466,""glare_flare"":0.077407,""vignetting"":0.999988,""sensor_noise"":0.0,""exposure_shift"":0.259447,""compression"":0.567291,""lens_occlusion"":0.026321}","{""haze_fog"":0.375305,""rain"":0.090652,""snow"":0.016585,""low_light"":0.182016,""motion_blur"":0.194059,""defocus_blur"":0.151413,""glare_flare"":0.192274,""vignetting"":0.55531,""sensor_noise"":0.00308,""exposure_shift"":0.272625,""compression"":0.203867,""lens_occlusion"":0.171084}","[{""issue"":""vignetting"",""prob"":0.999988},{""issue"":""low_light"",""prob"":0.931946},{""issue"":""compression"",""prob"":0.567291},{""issue"":""exposure_shift"",""prob"":0.259447}]"
S07_overexposure_s2,S07,video_006,test,corrupted,overexposure,2,s2,0.18,0,-1.0,cloudy,night,urban,moderate,30,1280x720,128,corrupted/overexposure/s2/S07_overexposure_s2.mp4,"{""severity"":0.18,""delta_ev"":0.36,""scale"":1.2834258975629043}",0.851932,0.168592,vignetting,0.999989,"{""haze_fog"":0.001767,""rain"":1.6e-05,""snow"":0.0,""low_light"":0.863081,""motion_blur"":0.000477,""defocus_blur"":0.157132,""glare_flare"":0.061353,""vignetting"":0.999989,""sensor_noise"":0.0,""exposure_shift"":0.187723,""compression"":0.585683,""lens_occlusion"":0.030609}","{""haze_fog"":0.398325,""rain"":0.092009,""snow"":0.018574,""low_light"":0.181276,""motion_blur"":0.192486,""defocus_blur"":0.14646,""glare_flare"":0.204906,""vignetting"":0.545815,""sensor_noise"":0.003605,""exposure_shift"":0.251747,""compression"":0.215961,""lens_occlusion"":0.180889}","[{""issue"":""vignetting"",""prob"":0.999989},{""issue"":""low_light"",""prob"":0.863081},{""issue"":""compression"",""prob"":0.585683}]"
S07_overexposure_s3,S07,video_006,test,corrupted,overexposure,3,s3,0.35,0,-1.0,cloudy,night,urban,moderate,30,1280x720,128,corrupted/overexposure/s3/S07_overexposure_s3.mp4,"{""severity"":0.35,""delta_ev"":0.7,""scale"":1.624504792712471}",0.706200,0.174366,vignetting,0.999987,"{""haze_fog"":0.013873,""rain"":1e-05,""snow"":0.0,""low_light"":0.81078,""motion_blur"":0.000785,""defocus_blur"":0.146875,""glare_flare"":0.034118,""vignetting"":0.999987,""sensor_noise"":0.0,""exposure_shift"":0.150797,""compression"":0.625223,""lens_occlusion"":0.035816}","{""haze_fog"":0.409425,""rain"":0.082187,""snow"":0.016335,""low_light"":0.177197,""motion_blur"":0.202342,""defocus_blur"":0.142487,""glare_flare"":0.196679,""vignetting"":0.545661,""sensor_noise"":0.003944,""exposure_shift"":0.218883,""compression"":0.213577,""lens_occlusion"":0.199223}","[{""issue"":""vignetting"",""prob"":0.999987},{""issue"":""low_light"",""prob"":0.81078},{""issue"":""compression"",""prob"":0.625223}]"
S07_overexposure_s4,S07,video_006,test,corrupted,overexposure,4,s4,0.55,0,-1.0,cloudy,night,urban,moderate,30,1280x720,128,corrupted/overexposure/s4/S07_overexposure_s4.mp4,"{""severity"":0.55,""delta_ev"":1.1,""scale"":2.1435469250725863}",0.524770,0.158478,vignetting,0.999985,"{""haze_fog"":0.024069,""rain"":5e-06,""snow"":1e-06,""low_light"":0.698052,""motion_blur"":0.00542,""defocus_blur"":0.148774,""glare_flare"":0.023809,""vignetting"":0.999985,""sensor_noise"":1e-06,""exposure_shift"":0.18141,""compression"":0.657552,""lens_occlusion"":0.070839}","{""haze_fog"":0.387671,""rain"":0.071551,""snow"":0.013578,""low_light"":0.181123,""motion_blur"":0.215507,""defocus_blur"":0.137302,""glare_flare"":0.191812,""vignetting"":0.537351,""sensor_noise"":0.005125,""exposure_shift"":0.196742,""compression"":0.223689,""lens_occlusion"":0.2339}","[{""issue"":""vignetting"",""prob"":0.999985},{""issue"":""low_light"",""prob"":0.698052},{""issue"":""compression"",""prob"":0.657552}]"
S07_overexposure_s5,S07,video_006,test,corrupted,overexposure,5,s5,0.75,0,-1.0,cloudy,night,urban,moderate,30,1280x720,128,corrupted/overexposure/s5/S07_overexposure_s5.mp4,"{""severity"":0.75,""delta_ev"":1.5,""scale"":2.8284271247461903}",0.326465,0.181502,vignetting,0.999974,"{""haze_fog"":0.034269,""rain"":1e-06,""snow"":0.0,""low_light"":0.69002,""motion_blur"":0.004453,""defocus_blur"":0.143755,""glare_flare"":0.021916,""vignetting"":0.999974,""sensor_noise"":2e-06,""exposure_shift"":0.301362,""compression"":0.754046,""lens_occlusion"":0.03758}","{""haze_fog"":0.342293,""rain"":0.05871,""snow"":0.010449,""low_light"":0.183691,""motion_blur"":0.227265,""defocus_blur"":0.141586,""glare_flare"":0.175385,""vignetting"":0.52754,""sensor_noise"":0.006536,""exposure_shift"":0.190461,""compression"":0.218342,""lens_occlusion"":0.207126}","[{""issue"":""vignetting"",""prob"":0.999974},{""issue"":""compression"",""prob"":0.754046},{""issue"":""low_light"",""prob"":0.69002},{""issue"":""exposure_shift"",""prob"":0.301362}]"
S07_underexposure_s1,S07,video_006,test,corrupted,underexposure,1,s1,0.08,0,-1.0,cloudy,night,urban,moderate,30,1280x720,128,corrupted/underexposure/s1/S07_underexposure_s1.mp4,"{""severity"":0.08,""delta_ev"":-0.16,""scale"":0.8950250709279725}",0.934886,0.181588,vignetting,0.999992,"{""haze_fog"":0.000168,""rain"":2e-06,""snow"":0.0,""low_light"":0.947411,""motion_blur"":4.8e-05,""defocus_blur"":0.16379,""glare_flare"":0.048585,""vignetting"":0.999992,""sensor_noise"":0.0,""exposure_shift"":0.594621,""compression"":0.603412,""lens_occlusion"":0.021915}","{""haze_fog"":0.350727,""rain"":0.112256,""snow"":0.021468,""low_light"":0.173202,""motion_blur"":0.161515,""defocus_blur"":0.151541,""glare_flare"":0.156415,""vignetting"":0.544467,""sensor_noise"":0.002372,""exposure_shift"":0.359387,""compression"":0.188233,""lens_occlusion"":0.150236}","[{""issue"":""vignetting"",""prob"":0.999992},{""issue"":""low_light"",""prob"":0.947411},{""issue"":""compression"",""prob"":0.603412},{""issue"":""exposure_shift"",""prob"":0.594621}]"
S07_underexposure_s2,S07,video_006,test,corrupted,underexposure,2,s2,0.18,0,-1.0,cloudy,night,urban,moderate,30,1280x720,128,corrupted/underexposure/s2/S07_underexposure_s2.mp4,"{""severity"":0.18,""delta_ev"":-0.36,""scale"":0.7791645796604999}",0.851932,0.180101,vignetting,0.999968,"{""haze_fog"":5.8e-05,""rain"":3e-06,""snow"":1e-06,""low_light"":0.959887,""motion_blur"":1.9e-05,""defocus_blur"":0.169637,""glare_flare"":0.03029,""vignetting"":0.999968,""sensor_noise"":0.0,""exposure_shift"":0.794742,""compression"":0.58735,""lens_occlusion"":0.015657}","{""haze_fog"":0.298781,""rain"":0.105334,""snow"":0.023653,""low_light"":0.1671,""motion_blur"":0.144873,""defocus_blur"":0.156428,""glare_flare"":0.129657,""vignetting"":0.516013,""sensor_noise"":0.00185,""exposure_shift"":0.454836,""compression"":0.190252,""lens_occlusion"":0.13591}","[{""issue"":""vignetting"",""prob"":0.999968},{""issue"":""low_light"",""prob"":0.959887},{""issue"":""exposure_shift"",""prob"":0.794742},{""issue"":""compression"",""prob"":0.58735}]"
S07_underexposure_s3,S07,video_006,test,corrupted,underexposure,3,s3,0.35,0,-1.0,cloudy,night,urban,moderate,30,1280x720,128,corrupted/underexposure/s3/S07_underexposure_s3.mp4,"{""severity"":0.35,""delta_ev"":-0.7,""scale"":0.6155722066724582}",0.706200,0.158767,vignetting,0.999449,"{""haze_fog"":9e-06,""rain"":4e-06,""snow"":0.0,""low_light"":0.952184,""motion_blur"":5.4e-05,""defocus_blur"":0.180656,""glare_flare"":0.024474,""vignetting"":0.999449,""sensor_noise"":0.0,""exposure_shift"":0.944263,""compression"":0.546207,""lens_occlusion"":0.012933}","{""haze_fog"":0.24323,""rain"":0.109797,""snow"":0.018998,""low_light"":0.153003,""motion_blur"":0.158016,""defocus_blur"":0.167647,""glare_flare"":0.103543,""vignetting"":0.475781,""sensor_noise"":0.001184,""exposure_shift"":0.600373,""compression"":0.182873,""lens_occlusion"":0.128506}","[{""issue"":""vignetting"",""prob"":0.999449},{""issue"":""low_light"",""prob"":0.952184},{""issue"":""exposure_shift"",""prob"":0.944263},{""issue"":""compression"",""prob"":0.546207}]"
S07_underexposure_s4,S07,video_006,test,corrupted,underexposure,4,s4,0.55,0,-1.0,cloudy,night,urban,moderate,30,1280x720,128,corrupted/underexposure/s4/S07_underexposure_s4.mp4,"{""severity"":0.55,""delta_ev"":-1.1,""scale"":0.4665164957684037}",0.524770,0.121003,exposure_shift,0.997007,"{""haze_fog"":6e-06,""rain"":0.0,""snow"":1e-06,""low_light"":0.900292,""motion_blur"":0.00068,""defocus_blur"":0.221602,""glare_flare"":0.017362,""vignetting"":0.971698,""sensor_noise"":0.0,""exposure_shift"":0.997007,""compression"":0.512153,""lens_occlusion"":0.012971}","{""haze_fog"":0.229608,""rain"":0.110298,""snow"":0.018038,""low_light"":0.149326,""motion_blur"":0.207999,""defocus_blur"":0.205323,""glare_flare"":0.090306,""vignetting"":0.419195,""sensor_noise"":0.001267,""exposure_shift"":0.743284,""compression"":0.200903,""lens_occlusion"":0.13043}","[{""issue"":""exposure_shift"",""prob"":0.997007},{""issue"":""vignetting"",""prob"":0.971698},{""issue"":""low_light"",""prob"":0.900292},{""issue"":""compression"",""prob"":0.512153}]"
S07_underexposure_s5,S07,video_006,test,corrupted,underexposure,5,s5,0.75,0,-1.0,cloudy,night,urban,moderate,30,1280x720,128,corrupted/underexposure/s5/S07_underexposure_s5.mp4,"{""severity"":0.75,""delta_ev"":-1.5,""scale"":0.3535533905932738}",0.326465,0.112250,exposure_shift,0.999801,"{""haze_fog"":1e-06,""rain"":0.0,""snow"":0.0,""low_light"":0.788962,""motion_blur"":0.014604,""defocus_blur"":0.288403,""glare_flare"":0.018266,""vignetting"":0.607218,""sensor_noise"":0.0,""exposure_shift"":0.999801,""compression"":0.385979,""lens_occlusion"":0.00977}","{""haze_fog"":0.200718,""rain"":0.103486,""snow"":0.015234,""low_light"":0.143982,""motion_blur"":0.289915,""defocus_blur"":0.265123,""glare_flare"":0.081245,""vignetting"":0.396906,""sensor_noise"":0.001116,""exposure_shift"":0.847449,""compression"":0.21577,""lens_occlusion"":0.125095}","[{""issue"":""exposure_shift"",""prob"":0.999801},{""issue"":""low_light"",""prob"":0.788962},{""issue"":""vignetting"",""prob"":0.607218},{""issue"":""compression"",""prob"":0.385979},{""issue"":""defocus_blur"",""prob"":0.288403}]"
S07_jpeg_compression_s1,S07,video_006,test,corrupted,jpeg_compression,1,s1,0.08,0,-1.0,cloudy,night,urban,moderate,30,1280x720,128,corrupted/jpeg_compression/s1/S07_jpeg_compression_s1.mp4,"{""severity"":0.08,""quality"":87,""encode_ok"":true}",0.947560,0.170545,vignetting,0.999994,"{""haze_fog"":0.000601,""rain"":4e-06,""snow"":0.0,""low_light"":0.875876,""motion_blur"":0.000108,""defocus_blur"":0.18672,""glare_flare"":0.065091,""vignetting"":0.999994,""sensor_noise"":0.0,""exposure_shift"":0.41948,""compression"":0.597999,""lens_occlusion"":0.023766}","{""haze_fog"":0.381936,""rain"":0.101958,""snow"":0.018229,""low_light"":0.189292,""motion_blur"":0.171158,""defocus_blur"":0.154471,""glare_flare"":0.182494,""vignetting"":0.548571,""sensor_noise"":0.002836,""exposure_shift"":0.320806,""compression"":0.195665,""lens_occlusion"":0.154165}","[{""issue"":""vignetting"",""prob"":0.999994},{""issue"":""low_light"",""prob"":0.875876},{""issue"":""compression"",""prob"":0.597999},{""issue"":""exposure_shift"",""prob"":0.41948}]"
S07_jpeg_compression_s2,S07,video_006,test,corrupted,jpeg_compression,2,s2,0.18,0,-1.0,cloudy,night,urban,moderate,30,1280x720,128,corrupted/jpeg_compression/s2/S07_jpeg_compression_s2.mp4,"{""severity"":0.18,""quality"":77,""encode_ok"":true}",0.879678,0.175175,vignetting,0.999993,"{""haze_fog"":0.000394,""rain"":6e-06,""snow"":1e-06,""low_light"":0.901374,""motion_blur"":0.00011,""defocus_blur"":0.195285,""glare_flare"":0.058801,""vignetting"":0.999993,""sensor_noise"":0.0,""exposure_shift"":0.430935,""compression"":0.580871,""lens_occlusion"":0.018891}","{""haze_fog"":0.361249,""rain"":0.095536,""snow"":0.019423,""low_light"":0.19705,""motion_blur"":0.164961,""defocus_blur"":0.153467,""glare_flare"":0.173365,""vignetting"":0.543725,""sensor_noise"":0.002747,""exposure_shift"":0.328686,""compression"":0.205522,""lens_occlusion"":0.147458}","[{""issue"":""vignetting"",""prob"":0.999993},{""issue"":""low_light"",""prob"":0.901374},{""issue"":""compression"",""prob"":0.580871},{""issue"":""exposure_shift"",""prob"":0.430935}]"
S07_jpeg_compression_s3,S07,video_006,test,corrupted,jpeg_compression,3,s3,0.35,0,-1.0,cloudy,night,urban,moderate,30,1280x720,128,corrupted/jpeg_compression/s3/S07_jpeg_compression_s3.mp4,"{""severity"":0.35,""quality"":62,""encode_ok"":true}",0.757080,0.162712,vignetting,0.999993,"{""haze_fog"":0.000766,""rain"":1e-05,""snow"":0.0,""low_light"":0.852992,""motion_blur"":6e-05,""defocus_blur"":0.215858,""glare_flare"":0.040969,""vignetting"":0.999993,""sensor_noise"":0.0,""exposure_shift"":0.469629,""compression"":0.708408,""lens_occlusion"":0.021846}","{""haze_fog"":0.352314,""rain"":0.101097,""snow"":0.023332,""low_light"":0.201541,""motion_blur"":0.156408,""defocus_blur"":0.156994,""glare_flare"":0.177061,""vignetting"":0.533904,""sensor_noise"":0.002946,""exposure_shift"":0.337637,""compression"":0.235564,""lens_occlusion"":0.144717}","[{""issue"":""vignetting"",""prob"":0.999993},{""issue"":""low_light"",""prob"":0.852992},{""issue"":""compression"",""prob"":0.708408},{""issue"":""exposure_shift"",""prob"":0.469629}]"
S07_jpeg_compression_s4,S07,video_006,test,corrupted,jpeg_compression,4,s4,0.55,0,-1.0,cloudy,night,urban,moderate,30,1280x720,128,corrupted/jpeg_compression/s4/S07_jpeg_compression_s4.mp4,"{""severity"":0.55,""quality"":45,""encode_ok"":true}",0.597001,0.137214,vignetting,0.999891,"{""haze_fog"":9.6e-05,""rain"":3.3e-05,""snow"":0.0,""low_light"":0.86243,""motion_blur"":0.000108,""defocus_blur"":0.249965,""glare_flare"":0.055444,""vignetting"":0.999891,""sensor_noise"":0.0,""exposure_shift"":0.49139,""compression"":0.621385,""lens_occlusion"":0.017707}","{""haze_fog"":0.278298,""rain"":0.088412,""snow"":0.023402,""low_light"":0.197589,""motion_blur"":0.163986,""defocus_blur"":0.177009,""glare_flare"":0.171555,""vignetting"":0.538719,""sensor_noise"":0.002302,""exposure_shift"":0.361515,""compression"":0.284634,""lens_occlusion"":0.134841}","[{""issue"":""vignetting"",""prob"":0.999891},{""issue"":""low_light"",""prob"":0.86243},{""issue"":""compression"",""prob"":0.621385},{""issue"":""exposure_shift"",""prob"":0.49139}]"
S07_jpeg_compression_s5,S07,video_006,test,corrupted,jpeg_compression,5,s5,0.75,0,-1.0,cloudy,night,urban,moderate,30,1280x720,128,corrupted/jpeg_compression/s5/S07_jpeg_compression_s5.mp4,"{""severity"":0.75,""quality"":30,""encode_ok"":true}",0.408384,0.089520,vignetting,0.999816,"{""haze_fog"":1.7e-05,""rain"":8e-06,""snow"":1e-06,""low_light"":0.89833,""motion_blur"":0.000448,""defocus_blur"":0.320568,""glare_flare"":0.050629,""vignetting"":0.999816,""sensor_noise"":0.0,""exposure_shift"":0.706083,""compression"":0.616365,""lens_occlusion"":0.011917}","{""haze_fog"":0.20977,""rain"":0.100423,""snow"":0.039583,""low_light"":0.210483,""motion_blur"":0.18635,""defocus_blur"":0.230649,""glare_flare"":0.177291,""vignetting"":0.588453,""sensor_noise"":0.002216,""exposure_shift"":0.452,""compression"":0.428503,""lens_occlusion"":0.115726}","[{""issue"":""vignetting"",""prob"":0.999816},{""issue"":""low_light"",""prob"":0.89833},{""issue"":""exposure_shift"",""prob"":0.706083},{""issue"":""compression"",""prob"":0.616365},{""issue"":""defocus_blur"",""prob"":0.320568}]"
S08_clean,S08,video_007,test,clean,clean,0,s0,0.0,1,1.0,cloudy,night,urban,none,30,1280x720,128,clean_clips/S08_clean.mp4,{},1.000000,0.149144,vignetting,0.991926,"{""haze_fog"":4.7e-05,""rain"":5e-06,""snow"":0.0,""low_light"":0.827954,""motion_blur"":0.012374,""defocus_blur"":0.205109,""glare_flare"":0.266593,""vignetting"":0.991926,""sensor_noise"":0.0,""exposure_shift"":0.572125,""compression"":0.46597,""lens_occlusion"":0.01863}","{""haze_fog"":0.307117,""rain"":0.074249,""snow"":0.011848,""low_light"":0.180375,""motion_blur"":0.233562,""defocus_blur"":0.186092,""glare_flare"":0.182545,""vignetting"":0.544826,""sensor_noise"":0.002451,""exposure_shift"":0.423414,""compression"":0.213628,""lens_occlusion"":0.15498}","[{""issue"":""vignetting"",""prob"":0.991926},{""issue"":""low_light"",""prob"":0.827954},{""issue"":""exposure_shift"",""prob"":0.572125},{""issue"":""compression"",""prob"":0.46597},{""issue"":""glare_flare"",""prob"":0.266593}]"
S08_fog_s1,S08,video_007,test,corrupted,fog,1,s1,0.08,0,-1.0,cloudy,night,urban,none,30,1280x720,128,corrupted/fog/s1/S08_fog_s1.mp4,"{""mask_mean"":0.25358352065086365,""severity"":0.08,""k"":0.896,""gamma"":0.7,""depth_shift"":0.3,""distance_exp"":1.5,""t_min"":0.25,""contrast_scale"":0.95,""darken_factor"":0.88,""blur_kernel"":5,""A"":[0.4224257171154022,0.44465866684913635,0.4668915867805481],""depth_min"":0.0,""depth_max"":1.0}",0.911980,0.032727,exposure_shift,0.994104,"{""haze_fog"":0.140792,""rain"":5.7e-05,""snow"":3e-06,""low_light"":0.032487,""motion_blur"":0.028652,""defocus_blur"":0.212268,""glare_flare"":0.051587,""vignetting"":0.774497,""sensor_noise"":0.0,""exposure_shift"":0.994104,""compression"":0.892509,""lens_occlusion"":0.015189}","{""haze_fog"":0.368201,""rain"":0.274675,""snow"":0.046387,""low_light"":0.174339,""motion_blur"":0.291296,""defocus_blur"":0.277887,""glare_flare"":0.176264,""vignetting"":0.540875,""sensor_noise"":0.010463,""exposure_shift"":0.845345,""compression"":0.321946,""lens_occlusion"":0.114053}","[{""issue"":""exposure_shift"",""prob"":0.994104},{""issue"":""compression"",""prob"":0.892509},{""issue"":""vignetting"",""prob"":0.774497}]"
S08_fog_s2,S08,video_007,test,corrupted,fog,2,s2,0.18,0,-1.0,cloudy,night,urban,none,30,1280x720,128,corrupted/fog/s2/S08_fog_s2.mp4,"{""mask_mean"":0.28021830320358276,""severity"":0.18,""k"":1.016,""gamma"":0.7,""depth_shift"":0.3,""distance_exp"":1.5,""t_min"":0.25,""contrast_scale"":0.95,""darken_factor"":0.88,""blur_kernel"":5,""A"":[0.40857893228530884,0.4300830662250519,0.4515872299671173],""depth_min"":0.0,""depth_max"":1.0}",0.803090,0.026338,exposure_shift,0.998658,"{""haze_fog"":0.175384,""rain"":6.2e-05,""snow"":2e-06,""low_light"":0.016573,""motion_blur"":0.011999,""defocus_blur"":0.20614,""glare_flare"":0.032005,""vignetting"":0.719611,""sensor_noise"":0.0,""exposure_shift"":0.998658,""compression"":0.847554,""lens_occlusion"":0.011078}","{""haze_fog"":0.331701,""rain"":0.267558,""snow"":0.044119,""low_light"":0.160871,""motion_blur"":0.277536,""defocus_blur"":0.288695,""glare_flare"":0.162786,""vignetting"":0.562836,""sensor_noise"":0.012025,""exposure_shift"":0.874384,""compression"":0.301364,""lens_occlusion"":0.101685}","[{""issue"":""exposure_shift"",""prob"":0.998658},{""issue"":""compression"",""prob"":0.847554},{""issue"":""vignetting"",""prob"":0.719611}]"
S08_fog_s3,S08,video_007,test,corrupted,fog,3,s3,0.35,0,-1.0,cloudy,night,urban,none,30,1280x720,128,corrupted/fog/s3/S08_fog_s3.mp4,"{""mask_mean"":0.32227057218551636,""severity"":0.35,""k"":1.22,""gamma"":0.7,""depth_shift"":0.3,""distance_exp"":1.5,""t_min"":0.25,""contrast_scale"":0.95,""darken_factor"":0.88,""blur_kernel"":5,""A"":[0.44674551486968994,0.4702584147453308,0.49377134442329407],""depth_min"":0.0,""depth_max"":1.0}",0.621254,0.020819,exposure_shift,0.999555,"{""haze_fog"":0.221259,""rain"":3.2e-05,""snow"":2e-06,""low_light"":0.012646,""motion_blur"":0.014868,""defocus_blur"":0.199876,""glare_flare"":0.020114,""vignetting"":0.63068,""sensor_noise"":0.0,""exposure_shift"":0.999555,""compression"":0.807718,""lens_occlusion"":0.010513}","{""haze_fog"":0.318285,""rain"":0.279192,""snow"":0.041296,""low_light"":0.152819,""motion_blur"":0.282151,""defocus_blur"":0.300313,""glare_flare"":0.153885,""vignetting"":0.569463,""sensor_noise"":0.012238,""exposure_shift"":0.899226,""compression"":0.294122,""lens_occlusion"":0.099859}","[{""issue"":""exposure_shift"",""prob"":0.999555},{""issue"":""compression"",""prob"":0.807718},{""issue"":""vignetting"",""prob"":0.63068}]"
S08_fog_s4,S08,video_007,test,corrupted,fog,4,s4,0.55,0,-1.0,cloudy,night,urban,none,30,1280x720,128,corrupted/fog/s4/S08_fog_s4.mp4,"{""mask_mean"":0.3669999837875366,""severity"":0.55,""k"":1.46,""gamma"":0.7,""depth_shift"":0.3,""distance_exp"":1.5,""t_min"":0.25,""contrast_scale"":0.95,""darken_factor"":0.88,""blur_kernel"":5,""A"":[0.38120535016059875,0.4012688100337982,0.4213322401046753],""depth_min"":0.0,""depth_max"":1.0}",0.413809,0.017857,exposure_shift,0.999641,"{""haze_fog"":0.264477,""rain"":4.1e-05,""snow"":2e-06,""low_light"":0.00728,""motion_blur"":0.02805,""defocus_blur"":0.199024,""glare_flare"":0.006996,""vignetting"":0.609776,""sensor_noise"":0.0,""exposure_shift"":0.999641,""compression"":0.758939,""lens_occlusion"":0.00946}","{""haze_fog"":0.316858,""rain"":0.306682,""snow"":0.045676,""low_light"":0.151918,""motion_blur"":0.284602,""defocus_blur"":0.315471,""glare_flare"":0.139437,""vignetting"":0.575824,""sensor_noise"":0.012769,""exposure_shift"":0.907369,""compression"":0.292345,""lens_occlusion"":0.097844}","[{""issue"":""exposure_shift"",""prob"":0.999641},{""issue"":""compression"",""prob"":0.758939},{""issue"":""vignetting"",""prob"":0.609776},{""issue"":""haze_fog"",""prob"":0.264477}]"
S08_fog_s5,S08,video_007,test,corrupted,fog,5,s5,0.75,0,-1.0,cloudy,night,urban,none,30,1280x720,128,corrupted/fog/s5/S08_fog_s5.mp4,"{""mask_mean"":0.4071441888809204,""severity"":0.75,""k"":1.7,""gamma"":0.7,""depth_shift"":0.3,""distance_exp"":1.5,""t_min"":0.25,""contrast_scale"":0.95,""darken_factor"":0.88,""blur_kernel"":5,""A"":[0.45341160893440247,0.47727537155151367,0.5011391639709473],""depth_min"":0.0,""depth_max"":1.0}",0.216134,0.015112,exposure_shift,0.999911,"{""haze_fog"":0.364557,""rain"":3.7e-05,""snow"":2e-06,""low_light"":0.004683,""motion_blur"":0.011588,""defocus_blur"":0.188795,""glare_flare"":0.00482,""vignetting"":0.519988,""sensor_noise"":0.0,""exposure_shift"":0.999911,""compression"":0.799833,""lens_occlusion"":0.007911}","{""haze_fog"":0.328858,""rain"":0.30638,""snow"":0.045084,""low_light"":0.148732,""motion_blur"":0.277926,""defocus_blur"":0.323497,""glare_flare"":0.134977,""vignetting"":0.564372,""sensor_noise"":0.013539,""exposure_shift"":0.926653,""compression"":0.282352,""lens_occlusion"":0.096062}","[{""issue"":""exposure_shift"",""prob"":0.999911},{""issue"":""compression"",""prob"":0.799833},{""issue"":""vignetting"",""prob"":0.519988},{""issue"":""haze_fog"",""prob"":0.364557}]"
S08_rain_s1,S08,video_007,test,corrupted,rain,1,s1,0.08,0,-1.0,cloudy,night,urban,none,30,1280x720,128,corrupted/rain/s1/S08_rain_s1.mp4,"{""mask_mean"":0.012658890336751938,""severity"":0.08,""alpha"":0.08951282607101115,""eta"":0.649088757709871,""depth_separation_exp"":1.6,""density"":0.0015850235786383858,""density_far"":0.0010302653261149508,""density_near"":0.000554758252523435,""base_angle_deg"":75.80870453274544,""far_angle_deg"":75.41054041421388,""near_angle_deg"":81.4782838438971,""blur_sigma"":0.31357159829710923,""invert_depth"":false,""multilayer"":true,""rainy_tone"":true,""apply_rain_haze"":true,""rain_haze_strength"":0.041999999999999996,""apply_overcast_sky"":true,""overcast_mask_mean"":3.870172440656461e-05,""extra_desat"":0.0048,""patchiness"":true,""brightness_randomness"":false,""apply_visibility_blur"":false,""visibility_blur_sigma"":0.0,""device"":""cuda""}",0.925000,0.144050,vignetting,0.984908,"{""haze_fog"":0.000947,""rain"":3.7e-05,""snow"":0.000646,""low_light"":0.732731,""motion_blur"":0.000435,""defocus_blur"":0.104096,""glare_flare"":0.230936,""vignetting"":0.984908,""sensor_noise"":0.0,""exposure_shift"":0.240391,""compression"":0.796234,""lens_occlusion"":0.012221}","{""haze_fog"":0.348139,""rain"":0.107002,""snow"":0.053066,""low_light"":0.184524,""motion_blur"":0.173714,""defocus_blur"":0.119413,""glare_flare"":0.225777,""vignetting"":0.550087,""sensor_noise"":0.00391,""exposure_shift"":0.311559,""compression"":0.317705,""lens_occlusion"":0.169315}","[{""issue"":""vignetting"",""prob"":0.984908},{""issue"":""compression"",""prob"":0.796234},{""issue"":""low_light"",""prob"":0.732731}]"
S08_rain_s2,S08,video_007,test,corrupted,rain,2,s2,0.18,0,-1.0,cloudy,night,urban,none,30,1280x720,128,corrupted/rain/s2/S08_rain_s2.mp4,"{""mask_mean"":0.015913276001811028,""severity"":0.18,""alpha"":0.12078910780878611,""eta"":0.8328817344502066,""depth_separation_exp"":1.6,""density"":0.002229057619102953,""density_far"":0.0014488874524169195,""density_near"":0.0007801701666860335,""base_angle_deg"":75.15664620687534,""far_angle_deg"":76.78614176412776,""near_angle_deg"":75.37660965118133,""blur_sigma"":0.343978049485221,""invert_depth"":false,""multilayer"":true,""rainy_tone"":true,""apply_rain_haze"":true,""rain_haze_strength"":0.056999999999999995,""apply_overcast_sky"":true,""overcast_mask_mean"":3.870172440656461e-05,""extra_desat"":0.010799999999999999,""patchiness"":true,""brightness_randomness"":false,""apply_visibility_blur"":false,""visibility_blur_sigma"":0.0,""device"":""cuda""}",0.830646,0.150060,vignetting,0.996143,"{""haze_fog"":0.000488,""rain"":0.003576,""snow"":0.00092,""low_light"":0.655729,""motion_blur"":0.000195,""defocus_blur"":0.083375,""glare_flare"":0.14836,""vignetting"":0.996143,""sensor_noise"":0.0,""exposure_shift"":0.21821,""compression"":0.798864,""lens_occlusion"":0.011536}","{""haze_fog"":0.247818,""rain"":0.161153,""snow"":0.083743,""low_light"":0.178031,""motion_blur"":0.167859,""defocus_blur"":0.109662,""glare_flare"":0.226588,""vignetting"":0.592274,""sensor_noise"":0.002903,""exposure_shift"":0.284309,""compression"":0.32729,""lens_occlusion"":0.170574}","[{""issue"":""vignetting"",""prob"":0.996143},{""issue"":""compression"",""prob"":0.798864},{""issue"":""low_light"",""prob"":0.655729}]"
S08_rain_s3,S08,video_007,test,corrupted,rain,3,s3,0.35,0,-1.0,cloudy,night,urban,none,30,1280x720,128,corrupted/rain/s3/S08_rain_s3.mp4,"{""mask_mean"":0.02556314505636692,""severity"":0.35,""alpha"":0.1428986755144475,""eta"":0.9892041496239095,""depth_separation_exp"":1.6,""density"":0.0032494663909808925,""density_far"":0.00211215315413758,""density_near"":0.0011373132368433124,""base_angle_deg"":70.07746376771317,""far_angle_deg"":64.47791446828971,""near_angle_deg"":67.02069188354793,""blur_sigma"":0.4251096699160631,""invert_depth"":false,""multilayer"":true,""rainy_tone"":true,""apply_rain_haze"":true,""rain_haze_strength"":0.08249999999999999,""apply_overcast_sky"":true,""overcast_mask_mean"":3.870172440656461e-05,""extra_desat"":0.020999999999999998,""patchiness"":true,""brightness_randomness"":false,""apply_visibility_blur"":false,""visibility_blur_sigma"":0.0,""device"":""cuda""}",0.668458,0.083668,vignetting,0.921829,"{""haze_fog"":6e-06,""rain"":0.20924,""snow"":0.000299,""low_light"":0.180916,""motion_blur"":5.6e-05,""defocus_blur"":0.054681,""glare_flare"":0.255912,""vignetting"":0.921829,""sensor_noise"":0.0,""exposure_shift"":0.196462,""compression"":0.769789,""lens_occlusion"":0.006856}","{""haze_fog"":0.1036,""rain"":0.238972,""snow"":0.093227,""low_light"":0.140209,""motion_blur"":0.156604,""defocus_blur"":0.102184,""glare_flare"":0.2472,""vignetting"":0.69445,""sensor_noise"":0.000964,""exposure_shift"":0.274688,""compression"":0.404915,""lens_occlusion"":0.162705}","[{""issue"":""vignetting"",""prob"":0.921829},{""issue"":""compression"",""prob"":0.769789},{""issue"":""glare_flare"",""prob"":0.255912}]"
S08_rain_s4,S08,video_007,test,corrupted,rain,4,s4,0.55,0,-1.0,cloudy,night,urban,none,30,1280x720,128,corrupted/rain/s4/S08_rain_s4.mp4,"{""mask_mean"":0.06501437723636627,""severity"":0.55,""alpha"":0.19881383477234377,""eta"":1.307887754769741,""depth_separation_exp"":1.6,""density"":0.005178750035562032,""density_far"":0.0033661875231153207,""density_near"":0.001812562512446711,""base_angle_deg"":81.98566715019106,""far_angle_deg"":83.32632302481112,""near_angle_deg"":77.30841245140053,""blur_sigma"":0.5864246238736127,""invert_depth"":false,""multilayer"":true,""rainy_tone"":true,""apply_rain_haze"":true,""rain_haze_strength"":0.1125,""apply_overcast_sky"":true,""overcast_mask_mean"":3.870172440656461e-05,""extra_desat"":0.033,""patchiness"":true,""brightness_randomness"":false,""apply_visibility_blur"":false,""visibility_blur_sigma"":0.0,""device"":""cuda""}",0.473973,0.043148,vignetting,0.891649,"{""haze_fog"":2.7e-05,""rain"":0.403117,""snow"":3.8e-05,""low_light"":0.085594,""motion_blur"":4.4e-05,""defocus_blur"":0.083868,""glare_flare"":0.051565,""vignetting"":0.891649,""sensor_noise"":0.0,""exposure_shift"":0.36642,""compression"":0.891267,""lens_occlusion"":0.004885}","{""haze_fog"":0.124063,""rain"":0.345157,""snow"":0.088374,""low_light"":0.13452,""motion_blur"":0.138121,""defocus_blur"":0.146755,""glare_flare"":0.163628,""vignetting"":0.745321,""sensor_noise"":0.001847,""exposure_shift"":0.374948,""compression"":0.485317,""lens_occlusion"":0.122377}","[{""issue"":""vignetting"",""prob"":0.891649},{""issue"":""compression"",""prob"":0.891267},{""issue"":""rain"",""prob"":0.403117},{""issue"":""exposure_shift"",""prob"":0.36642}]"
S08_rain_s5,S08,video_007,test,corrupted,rain,5,s5,0.75,0,-1.0,cloudy,night,urban,none,30,1280x720,128,corrupted/rain/s5/S08_rain_s5.mp4,"{""mask_mean"":0.07337174564599991,""severity"":0.75,""alpha"":0.2324720823058745,""eta"":1.5480995742930301,""depth_separation_exp"":1.6,""density"":0.005944579075348381,""density_far"":0.003863976398976448,""density_near"":0.0020806026763719333,""base_angle_deg"":76.96444513977063,""far_angle_deg"":80.73331039727542,""near_angle_deg"":75.74625434894475,""blur_sigma"":0.6549440468711802,""invert_depth"":false,""multilayer"":true,""rainy_tone"":true,""apply_rain_haze"":true,""rain_haze_strength"":0.1425,""apply_overcast_sky"":true,""overcast_mask_mean"":3.870172440656461e-05,""extra_desat"":0.045,""patchiness"":true,""brightness_randomness"":false,""apply_visibility_blur"":false,""visibility_blur_sigma"":0.0,""device"":""cuda""}",0.273573,0.034501,compression,0.911694,"{""haze_fog"":0.000589,""rain"":0.425702,""snow"":2.7e-05,""low_light"":0.099085,""motion_blur"":6e-06,""defocus_blur"":0.067926,""glare_flare"":0.036661,""vignetting"":0.88748,""sensor_noise"":0.0,""exposure_shift"":0.550057,""compression"":0.911694,""lens_occlusion"":0.004039}","{""haze_fog"":0.147577,""rain"":0.446652,""snow"":0.065628,""low_light"":0.138667,""motion_blur"":0.129694,""defocus_blur"":0.149784,""glare_flare"":0.143676,""vignetting"":0.799832,""sensor_noise"":0.004732,""exposure_shift"":0.454543,""compression"":0.387981,""lens_occlusion"":0.10711}","[{""issue"":""compression"",""prob"":0.911694},{""issue"":""vignetting"",""prob"":0.88748},{""issue"":""exposure_shift"",""prob"":0.550057},{""issue"":""rain"",""prob"":0.425702}]"
S08_snow_s1,S08,video_007,test,corrupted,snow,1,s1,0.08,0,-1.0,cloudy,night,urban,none,30,1280x720,128,corrupted/snow/s1/S08_snow_s1.mp4,"{""mask_mean"":0.008003615774214268,""severity"":0.08,""severity_scaled"":0.010606252855487957,""alpha"":0.10469440018573488,""eta"":0.7271108616987992,""depth_separation_exp"":1.4,""density"":0.0012145542309190951,""small_fraction"":0.5973484367861279,""medium_fraction"":0.3,""large_fraction"":0.10265156321387199,""small_density"":0.0007255120712314993,""medium_density"":0.00036436626927572853,""large_density"":0.00012467589041186716,""small_sigma"":0.6095456275699391,""medium_sigma"":1.4169700045687807,""large_sigma"":2.547728137849696,""invert_depth"":false,""apply_snow_haze"":true,""snow_haze_strength"":0.023818251027975666,""apply_overcast_sky"":true,""overcast_mask_mean"":3.870172440656461e-05,""patchiness"":true,""apply_visibility_blur"":false,""visibility_blur_sigma"":0.0,""device"":""cuda""}",0.918467,0.146439,vignetting,0.999073,"{""haze_fog"":0.00163,""rain"":1e-06,""snow"":0.00374,""low_light"":0.720905,""motion_blur"":0.000623,""defocus_blur"":0.150783,""glare_flare"":0.120032,""vignetting"":0.999073,""sensor_noise"":0.0,""exposure_shift"":0.227344,""compression"":0.771964,""lens_occlusion"":0.012266}","{""haze_fog"":0.416836,""rain"":0.092679,""snow"":0.02622,""low_light"":0.18552,""motion_blur"":0.176023,""defocus_blur"":0.130544,""glare_flare"":0.196955,""vignetting"":0.551493,""sensor_noise"":0.003024,""exposure_shift"":0.3129,""compression"":0.293069,""lens_occlusion"":0.176582}","[{""issue"":""vignetting"",""prob"":0.999073},{""issue"":""compression"",""prob"":0.771964},{""issue"":""low_light"",""prob"":0.720905}]"
S08_snow_s2,S08,video_007,test,corrupted,snow,2,s2,0.18,0,-1.0,cloudy,night,urban,none,30,1280x720,128,corrupted/snow/s2/S08_snow_s2.mp4,"{""mask_mean"":0.01268802210688591,""severity"":0.18,""severity_scaled"":0.04565522728706038,""alpha"":0.11967110043196506,""eta"":0.7592320030436802,""depth_separation_exp"":1.4,""density"":0.001849224554013126,""small_fraction"":0.5885861931782348,""medium_fraction"":0.3,""large_fraction"":0.1114138068217651,""small_density"":0.0010884280405783048,""medium_density"":0.0005547673662039378,""large_density"":0.00020602914723088315,""small_sigma"":0.6410897045583543,""medium_sigma"":1.4730483636592966,""large_sigma"":2.7054485227917717,""invert_depth"":false,""apply_snow_haze"":true,""snow_haze_strength"":0.03643588182334174,""apply_overcast_sky"":true,""overcast_mask_mean"":3.870172440656461e-05,""patchiness"":true,""apply_visibility_blur"":false,""visibility_blur_sigma"":0.0,""device"":""cuda""}",0.816752,0.157946,vignetting,0.999593,"{""haze_fog"":0.004831,""rain"":4e-06,""snow"":0.002709,""low_light"":0.633503,""motion_blur"":0.000735,""defocus_blur"":0.135087,""glare_flare"":0.155508,""vignetting"":0.999593,""sensor_noise"":0.0,""exposure_shift"":0.243216,""compression"":0.852212,""lens_occlusion"":0.015427}","{""haze_fog"":0.416512,""rain"":0.133801,""snow"":0.056442,""low_light"":0.174722,""motion_blur"":0.171583,""defocus_blur"":0.143463,""glare_flare"":0.221761,""vignetting"":0.568232,""sensor_noise"":0.004918,""exposure_shift"":0.307233,""compression"":0.327214,""lens_occlusion"":0.172866}","[{""issue"":""vignetting"",""prob"":0.999593},{""issue"":""compression"",""prob"":0.852212},{""issue"":""low_light"",""prob"":0.633503}]"
S08_snow_s3,S08,video_007,test,corrupted,snow,3,s3,0.35,0,-1.0,cloudy,night,urban,none,30,1280x720,128,corrupted/snow/s3/S08_snow_s3.mp4,"{""mask_mean"":0.030889051035046577,""severity"":0.35,""severity_scaled"":0.15112018613329828,""alpha"":0.16734529394722616,""eta"":0.8463996556869744,""depth_separation_exp"":1.4,""density"":0.004053314664880178,""small_fraction"":0.5622199534666754,""medium_fraction"":0.3,""large_fraction"":0.13778004653332457,""small_density"":0.002278854382274727,""medium_density"":0.0012159943994640534,""large_density"":0.0005584658831413979,""small_sigma"":0.7360081675199684,""medium_sigma"":1.6417922978132773,""large_sigma"":3.1800408375998424,""invert_depth"":false,""apply_snow_haze"":true,""snow_haze_strength"":0.07440326700798738,""apply_overcast_sky"":true,""overcast_mask_mean"":3.870172440656461e-05,""patchiness"":true,""apply_visibility_blur"":false,""visibility_blur_sigma"":0.0,""device"":""cuda""}",0.644424,0.111474,vignetting,0.999628,"{""haze_fog"":0.005008,""rain"":6.6e-05,""snow"":0.021885,""low_light"":0.433773,""motion_blur"":0.000415,""defocus_blur"":0.103106,""glare_flare"":0.169297,""vignetting"":0.999628,""sensor_noise"":0.0,""exposure_shift"":0.282294,""compression"":0.951122,""lens_occlusion"":0.01892}","{""haze_fog"":0.338495,""rain"":0.18962,""snow"":0.161169,""low_light"":0.16395,""motion_blur"":0.162397,""defocus_blur"":0.136349,""glare_flare"":0.256592,""vignetting"":0.587238,""sensor_noise"":0.006864,""exposure_shift"":0.283509,""compression"":0.466418,""lens_occlusion"":0.184014}","[{""issue"":""vignetting"",""prob"":0.999628},{""issue"":""compression"",""prob"":0.951122},{""issue"":""low_light"",""prob"":0.433773},{""issue"":""exposure_shift"",""prob"":0.282294}]"
S08_snow_s4,S08,video_007,test,corrupted,snow,4,s4,0.55,0,-1.0,cloudy,night,urban,none,30,1280x720,128,corrupted/snow/s4/S08_snow_s4.mp4,"{""mask_mean"":0.06771566718816757,""severity"":0.55,""severity_scaled"":0.34092028363462246,""alpha"":0.2583182969057734,""eta"":1.1190140454705804,""depth_separation_exp"":1.4,""density"":0.00736432968270557,""small_fraction"":0.5147699290913443,""medium_fraction"":0.3,""large_fraction"":0.18523007090865562,""small_density"":0.0037909354685716286,""medium_density"":0.002209298904811671,""large_density"":0.0013640953093222701,""small_sigma"":0.9068282552711602,""medium_sigma"":1.945472453815396,""large_sigma"":4.034141276355801,""invert_depth"":false,""apply_snow_haze"":true,""snow_haze_strength"":0.14273130210846408,""apply_overcast_sky"":true,""overcast_mask_mean"":3.870172440656461e-05,""patchiness"":true,""apply_visibility_blur"":false,""visibility_blur_sigma"":0.0,""device"":""cuda""}",0.442871,0.097343,compression,0.998644,"{""haze_fog"":0.002992,""rain"":0.000199,""snow"":0.208771,""low_light"":0.721117,""motion_blur"":0.00113,""defocus_blur"":0.049568,""glare_flare"":0.070369,""vignetting"":0.979651,""sensor_noise"":2e-06,""exposure_shift"":0.303723,""compression"":0.998644,""lens_occlusion"":0.011122}","{""haze_fog"":0.251989,""rain"":0.2193,""snow"":0.297278,""low_light"":0.209565,""motion_blur"":0.101843,""defocus_blur"":0.110699,""glare_flare"":0.205459,""vignetting"":0.589981,""sensor_noise"":0.014975,""exposure_shift"":0.300288,""compression"":0.598354,""lens_occlusion"":0.156799}","[{""issue"":""compression"",""prob"":0.998644},{""issue"":""vignetting"",""prob"":0.979651},{""issue"":""low_light"",""prob"":0.721117},{""issue"":""exposure_shift"",""prob"":0.303723}]"
S08_snow_s5,S08,video_007,test,corrupted,snow,5,s5,0.75,0,-1.0,cloudy,night,urban,none,30,1280x720,128,corrupted/snow/s5/S08_snow_s5.mp4,"{""mask_mean"":0.14578084647655487,""severity"":0.75,""severity_scaled"":0.5958134105899568,""alpha"":0.385499212364128,""eta"":1.3863756816433048,""depth_separation_exp"":1.4,""density"":0.012484313465849994,""small_fraction"":0.45104664735251077,""medium_fraction"":0.3,""large_fraction"":0.2489533526474892,""small_density"":0.005631007733269444,""medium_density"":0.003745294039754998,""large_density"":0.0031080116928255516,""small_sigma"":1.1362320695309611,""medium_sigma"":2.353301456943931,""large_sigma"":5.181160347654806,""invert_depth"":false,""apply_snow_haze"":true,""snow_haze_strength"":0.23449282781238445,""apply_overcast_sky"":true,""overcast_mask_mean"":3.870172440656461e-05,""patchiness"":true,""apply_visibility_blur"":false,""visibility_blur_sigma"":0.0,""device"":""cuda""}",0.243164,0.092225,compression,0.999369,"{""haze_fog"":0.000647,""rain"":0.000138,""snow"":0.395252,""low_light"":0.803222,""motion_blur"":2.9e-05,""defocus_blur"":0.031212,""glare_flare"":0.074825,""vignetting"":0.875375,""sensor_noise"":3.4e-05,""exposure_shift"":0.902907,""compression"":0.999369,""lens_occlusion"":0.009796}","{""haze_fog"":0.104287,""rain"":0.242,""snow"":0.335522,""low_light"":0.22805,""motion_blur"":0.095677,""defocus_blur"":0.102474,""glare_flare"":0.107835,""vignetting"":0.517084,""sensor_noise"":0.024186,""exposure_shift"":0.379277,""compression"":0.585588,""lens_occlusion"":0.134057}","[{""issue"":""compression"",""prob"":0.999369},{""issue"":""exposure_shift"",""prob"":0.902907},{""issue"":""vignetting"",""prob"":0.875375},{""issue"":""low_light"",""prob"":0.803222},{""issue"":""snow"",""prob"":0.395252}]"
S08_glare_flare_s1,S08,video_007,test,corrupted,glare_flare,1,s1,0.08,0,-1.0,cloudy,night,urban,none,30,1280x720,128,corrupted/glare_flare/s1/S08_glare_flare_s1.mp4,"{""severity"":0.08,""severity_scaled"":0.02262741699796952,""bright_thresh"":0.8161533391103452,""bloom_strength"":0.09289762768884263,""streak_enabled"":true,""streak_angle_deg"":-15.750293155097266,""ghosts_enabled"":true,""ghost_count"":0,""flare_mean"":0.0006251699524000287,""device"":""cuda""}",0.889636,0.126552,vignetting,0.995700,"{""haze_fog"":0.000284,""rain"":3e-06,""snow"":0.0,""low_light"":0.803855,""motion_blur"":0.039885,""defocus_blur"":0.174469,""glare_flare"":0.701989,""vignetting"":0.9957,""sensor_noise"":1e-06,""exposure_shift"":0.416718,""compression"":0.761249,""lens_occlusion"":0.027847}","{""haze_fog"":0.355513,""rain"":0.100264,""snow"":0.018352,""low_light"":0.204945,""motion_blur"":0.262478,""defocus_blur"":0.180056,""glare_flare"":0.29668,""vignetting"":0.55541,""sensor_noise"":0.005691,""exposure_shift"":0.376985,""compression"":0.262181,""lens_occlusion"":0.161671}","[{""issue"":""vignetting"",""prob"":0.9957},{""issue"":""low_light"",""prob"":0.803855},{""issue"":""compression"",""prob"":0.761249},{""issue"":""glare_flare"",""prob"":0.701989},{""issue"":""exposure_shift"",""prob"":0.416718}]"
S08_glare_flare_s2,S08,video_007,test,corrupted,glare_flare,2,s2,0.18,0,-1.0,cloudy,night,urban,none,30,1280x720,128,corrupted/glare_flare/s2/S08_glare_flare_s2.mp4,"{""severity"":0.18,""severity_scaled"":0.07636753236814713,""bright_thresh"":0.807017519497415,""bloom_strength"":0.12352949344984387,""streak_enabled"":true,""streak_angle_deg"":4.183826446756807,""ghosts_enabled"":true,""ghost_count"":0,""flare_mean"":0.0009222601656801999,""device"":""cuda""}",0.757049,0.120237,vignetting,0.992360,"{""haze_fog"":0.000275,""rain"":8e-06,""snow"":1e-06,""low_light"":0.782586,""motion_blur"":0.061176,""defocus_blur"":0.167175,""glare_flare"":0.823885,""vignetting"":0.99236,""sensor_noise"":1e-06,""exposure_shift"":0.439542,""compression"":0.78135,""lens_occlusion"":0.027907}","{""haze_fog"":0.342387,""rain"":0.101427,""snow"":0.018748,""low_light"":0.206232,""motion_blur"":0.28496,""defocus_blur"":0.179715,""glare_flare"":0.342907,""vignetting"":0.557344,""sensor_noise"":0.006892,""exposure_shift"":0.370345,""compression"":0.273038,""lens_occlusion"":0.160434}","[{""issue"":""vignetting"",""prob"":0.99236},{""issue"":""glare_flare"",""prob"":0.823885},{""issue"":""low_light"",""prob"":0.782586},{""issue"":""compression"",""prob"":0.78135},{""issue"":""exposure_shift"",""prob"":0.439542}]"
S08_glare_flare_s3,S08,video_007,test,corrupted,glare_flare,3,s3,0.35,0,-1.0,cloudy,night,urban,none,30,1280x720,128,corrupted/glare_flare/s3/S08_glare_flare_s3.mp4,"{""severity"":0.35,""severity_scaled"":0.20706279240848655,""bright_thresh"":0.7847993252905573,""bloom_strength"":0.19802579167283735,""streak_enabled"":true,""streak_angle_deg"":0.31204480036588933,""ghosts_enabled"":true,""ghost_count"":0,""flare_mean"":0.002075205324217677,""device"":""cuda""}",0.546526,0.106473,vignetting,0.993682,"{""haze_fog"":0.000503,""rain"":8.1e-05,""snow"":2e-06,""low_light"":0.790236,""motion_blur"":0.07329,""defocus_blur"":0.142197,""glare_flare"":0.941653,""vignetting"":0.993682,""sensor_noise"":3e-06,""exposure_shift"":0.487467,""compression"":0.829869,""lens_occlusion"":0.032482}","{""haze_fog"":0.336017,""rain"":0.107383,""snow"":0.022034,""low_light"":0.211018,""motion_blur"":0.309516,""defocus_blur"":0.172322,""glare_flare"":0.435198,""vignetting"":0.547939,""sensor_noise"":0.008876,""exposure_shift"":0.360038,""compression"":0.296205,""lens_occlusion"":0.16804}","[{""issue"":""vignetting"",""prob"":0.993682},{""issue"":""glare_flare"",""prob"":0.941653},{""issue"":""compression"",""prob"":0.829869},{""issue"":""low_light"",""prob"":0.790236},{""issue"":""exposure_shift"",""prob"":0.487467}]"
S08_glare_flare_s4,S08,video_007,test,corrupted,glare_flare,4,s4,0.55,0,-1.0,cloudy,night,urban,none,30,1280x720,128,corrupted/glare_flare/s4/S08_glare_flare_s4.mp4,"{""severity"":0.55,""severity_scaled"":0.4078909167902615,""bright_thresh"":0.7506585441456555,""bloom_strength"":0.3124978225704491,""streak_enabled"":true,""streak_angle_deg"":-15.523019959484664,""ghosts_enabled"":true,""ghost_count"":0,""flare_mean"":0.005403141491115093,""device"":""cuda""}",0.326310,0.068773,glare_flare,0.995611,"{""haze_fog"":0.000183,""rain"":9.1e-05,""snow"":4e-06,""low_light"":0.864825,""motion_blur"":0.120625,""defocus_blur"":0.122821,""glare_flare"":0.995611,""vignetting"":0.856932,""sensor_noise"":2.1e-05,""exposure_shift"":0.724888,""compression"":0.857406,""lens_occlusion"":0.037766}","{""haze_fog"":0.240521,""rain"":0.106108,""snow"":0.021548,""low_light"":0.215988,""motion_blur"":0.339222,""defocus_blur"":0.168792,""glare_flare"":0.60841,""vignetting"":0.496861,""sensor_noise"":0.012705,""exposure_shift"":0.369515,""compression"":0.336076,""lens_occlusion"":0.17206}","[{""issue"":""glare_flare"",""prob"":0.995611},{""issue"":""low_light"",""prob"":0.864825},{""issue"":""compression"",""prob"":0.857406},{""issue"":""vignetting"",""prob"":0.856932},{""issue"":""exposure_shift"",""prob"":0.724888}]"
S08_glare_flare_s5,S08,video_007,test,corrupted,glare_flare,5,s5,0.75,0,-1.0,cloudy,night,urban,none,30,1280x720,128,corrupted/glare_flare/s5/S08_glare_flare_s5.mp4,"{""severity"":0.75,""severity_scaled"":0.649519052838329,""bright_thresh"":0.709581761017484,""bloom_strength"":0.4502258601178476,""streak_enabled"":true,""streak_angle_deg"":-17.551591330177494,""ghosts_enabled"":true,""ghost_count"":0,""flare_mean"":0.011964736506342888,""device"":""cuda""}",0.143091,0.053940,glare_flare,0.999862,"{""haze_fog"":0.000518,""rain"":2.2e-05,""snow"":1e-06,""low_light"":0.807791,""motion_blur"":0.151692,""defocus_blur"":0.116035,""glare_flare"":0.999862,""vignetting"":0.547147,""sensor_noise"":0.000114,""exposure_shift"":0.805136,""compression"":0.899529,""lens_occlusion"":0.04358}","{""haze_fog"":0.198958,""rain"":0.106619,""snow"":0.019424,""low_light"":0.205239,""motion_blur"":0.395528,""defocus_blur"":0.167507,""glare_flare"":0.722698,""vignetting"":0.470405,""sensor_noise"":0.01696,""exposure_shift"":0.332655,""compression"":0.334664,""lens_occlusion"":0.170713}","[{""issue"":""glare_flare"",""prob"":0.999862},{""issue"":""compression"",""prob"":0.899529},{""issue"":""low_light"",""prob"":0.807791},{""issue"":""exposure_shift"",""prob"":0.805136},{""issue"":""vignetting"",""prob"":0.547147}]"
S08_motion_blur_s1,S08,video_007,test,corrupted,motion_blur,1,s1,0.08,0,-1.0,cloudy,night,urban,none,30,1280x720,128,corrupted/motion_blur/s1/S08_motion_blur_s1.mp4,"{""severity"":0.08,""ksize"":11,""n_points"":11,""accel"":0.06046670913446022,""linear"":true,""psf_smooth_sigma"":0.10088652513935743}",0.896599,0.063280,exposure_shift,0.977628,"{""haze_fog"":0.000123,""rain"":1e-06,""snow"":0.0,""low_light"":0.193087,""motion_blur"":0.46802,""defocus_blur"":0.233465,""glare_flare"":0.347433,""vignetting"":0.578656,""sensor_noise"":0.0,""exposure_shift"":0.977628,""compression"":0.592315,""lens_occlusion"":0.016015}","{""haze_fog"":0.291795,""rain"":0.106753,""snow"":0.014903,""low_light"":0.154837,""motion_blur"":0.413468,""defocus_blur"":0.238818,""glare_flare"":0.204771,""vignetting"":0.435545,""sensor_noise"":0.003659,""exposure_shift"":0.736742,""compression"":0.308124,""lens_occlusion"":0.158841}","[{""issue"":""exposure_shift"",""prob"":0.977628},{""issue"":""compression"",""prob"":0.592315},{""issue"":""vignetting"",""prob"":0.578656},{""issue"":""motion_blur"",""prob"":0.46802},{""issue"":""glare_flare"",""prob"":0.347433}]"
S08_motion_blur_s2,S08,video_007,test,corrupted,motion_blur,2,s2,0.18,0,-1.0,cloudy,night,urban,none,30,1280x720,128,corrupted/motion_blur/s2/S08_motion_blur_s2.mp4,"{""severity"":0.18,""ksize"":13,""n_points"":14,""accel"":0.1561579641877948,""linear"":false,""psf_smooth_sigma"":0.23599389376367183}",0.771227,0.061722,exposure_shift,0.949176,"{""haze_fog"":0.000145,""rain"":4e-06,""snow"":0.0,""low_light"":0.222055,""motion_blur"":0.399113,""defocus_blur"":0.229127,""glare_flare"":0.329322,""vignetting"":0.559346,""sensor_noise"":0.0,""exposure_shift"":0.949176,""compression"":0.627772,""lens_occlusion"":0.015891}","{""haze_fog"":0.298196,""rain"":0.107447,""snow"":0.016985,""low_light"":0.152095,""motion_blur"":0.38785,""defocus_blur"":0.238207,""glare_flare"":0.219961,""vignetting"":0.416868,""sensor_noise"":0.003723,""exposure_shift"":0.706198,""compression"":0.32854,""lens_occlusion"":0.150853}","[{""issue"":""exposure_shift"",""prob"":0.949176},{""issue"":""compression"",""prob"":0.627772},{""issue"":""vignetting"",""prob"":0.559346},{""issue"":""motion_blur"",""prob"":0.399113},{""issue"":""glare_flare"",""prob"":0.329322}]"
S08_motion_blur_s3,S08,video_007,test,corrupted,motion_blur,3,s3,0.35,0,-1.0,cloudy,night,urban,none,30,1280x720,128,corrupted/motion_blur/s3/S08_motion_blur_s3.mp4,"{""severity"":0.35,""ksize"":19,""n_points"":19,""accel"":0.2660485780153143,""linear"":true,""psf_smooth_sigma"":0.3995707218009677}",0.568989,0.048051,exposure_shift,0.929594,"{""haze_fog"":8.8e-05,""rain"":1e-06,""snow"":0.0,""low_light"":0.074255,""motion_blur"":0.586067,""defocus_blur"":0.219799,""glare_flare"":0.206139,""vignetting"":0.377152,""sensor_noise"":0.0,""exposure_shift"":0.929594,""compression"":0.662714,""lens_occlusion"":0.017703}","{""haze_fog"":0.306211,""rain"":0.119003,""snow"":0.017945,""low_light"":0.149685,""motion_blur"":0.454581,""defocus_blur"":0.238003,""glare_flare"":0.190581,""vignetting"":0.431469,""sensor_noise"":0.00404,""exposure_shift"":0.788784,""compression"":0.311176,""lens_occlusion"":0.165064}","[{""issue"":""exposure_shift"",""prob"":0.929594},{""issue"":""compression"",""prob"":0.662714},{""issue"":""motion_blur"",""prob"":0.586067},{""issue"":""vignetting"",""prob"":0.377152}]"
S08_motion_blur_s4,S08,video_007,test,corrupted,motion_blur,4,s4,0.55,0,-1.0,cloudy,night,urban,none,30,1280x720,128,corrupted/motion_blur/s4/S08_motion_blur_s4.mp4,"{""severity"":0.55,""ksize"":27,""n_points"":26,""accel"":0.4390396994158542,""linear"":true,""psf_smooth_sigma"":0.6602145379416046}",0.351605,0.034567,exposure_shift,0.999154,"{""haze_fog"":0.000156,""rain"":1e-06,""snow"":0.0,""low_light"":0.033696,""motion_blur"":0.939803,""defocus_blur"":0.245707,""glare_flare"":0.12154,""vignetting"":0.110334,""sensor_noise"":0.0,""exposure_shift"":0.999154,""compression"":0.490846,""lens_occlusion"":0.014734}","{""haze_fog"":0.333782,""rain"":0.131699,""snow"":0.0171,""low_light"":0.145432,""motion_blur"":0.566845,""defocus_blur"":0.283074,""glare_flare"":0.195816,""vignetting"":0.439916,""sensor_noise"":0.005087,""exposure_shift"":0.882545,""compression"":0.317307,""lens_occlusion"":0.180861}","[{""issue"":""exposure_shift"",""prob"":0.999154},{""issue"":""motion_blur"",""prob"":0.939803},{""issue"":""compression"",""prob"":0.490846}]"
S08_motion_blur_s5,S08,video_007,test,corrupted,motion_blur,5,s5,0.75,0,-1.0,cloudy,night,urban,none,30,1280x720,128,corrupted/motion_blur/s5/S08_motion_blur_s5.mp4,"{""severity"":0.75,""ksize"":33,""n_points"":32,""accel"":0.5427765621406015,""linear"":true,""psf_smooth_sigma"":0.8235960435426837}",0.162893,0.031800,exposure_shift,0.998325,"{""haze_fog"":0.000124,""rain"":2e-06,""snow"":0.0,""low_light"":0.033371,""motion_blur"":0.975575,""defocus_blur"":0.228803,""glare_flare"":0.244135,""vignetting"":0.086402,""sensor_noise"":0.0,""exposure_shift"":0.998325,""compression"":0.499786,""lens_occlusion"":0.016953}","{""haze_fog"":0.329757,""rain"":0.142154,""snow"":0.019361,""low_light"":0.144558,""motion_blur"":0.584867,""defocus_blur"":0.28117,""glare_flare"":0.219354,""vignetting"":0.454747,""sensor_noise"":0.005737,""exposure_shift"":0.877017,""compression"":0.326863,""lens_occlusion"":0.188203}","[{""issue"":""exposure_shift"",""prob"":0.998325},{""issue"":""motion_blur"",""prob"":0.975575},{""issue"":""compression"",""prob"":0.499786}]"
S08_defocus_blur_s1,S08,video_007,test,corrupted,defocus_blur,1,s1,0.08,0,-1.0,cloudy,night,urban,none,30,1280x720,128,corrupted/defocus_blur/s1/S08_defocus_blur_s1.mp4,"{""severity"":0.08,""sigma_max_eff"":2.4,""d_f"":0.8338812589645386,""invert_depth"":true,""n_layers"":16}",0.896599,0.149114,vignetting,0.991926,"{""haze_fog"":4.7e-05,""rain"":5e-06,""snow"":0.0,""low_light"":0.827606,""motion_blur"":0.01234,""defocus_blur"":0.205075,""glare_flare"":0.266636,""vignetting"":0.991926,""sensor_noise"":0.0,""exposure_shift"":0.572186,""compression"":0.466183,""lens_occlusion"":0.018643}","{""haze_fog"":0.30716,""rain"":0.074282,""snow"":0.011847,""low_light"":0.180365,""motion_blur"":0.233565,""defocus_blur"":0.186093,""glare_flare"":0.182574,""vignetting"":0.544886,""sensor_noise"":0.002451,""exposure_shift"":0.423428,""compression"":0.213615,""lens_occlusion"":0.154991}","[{""issue"":""vignetting"",""prob"":0.991926},{""issue"":""low_light"",""prob"":0.827606},{""issue"":""exposure_shift"",""prob"":0.572186},{""issue"":""compression"",""prob"":0.466183},{""issue"":""glare_flare"",""prob"":0.266636}]"
S08_defocus_blur_s2,S08,video_007,test,corrupted,defocus_blur,2,s2,0.18,0,-1.0,cloudy,night,urban,none,30,1280x720,128,corrupted/defocus_blur/s2/S08_defocus_blur_s2.mp4,"{""severity"":0.18,""sigma_max_eff"":5.3999999999999995,""d_f"":0.8338812589645386,""invert_depth"":true,""n_layers"":16}",0.771227,0.149393,vignetting,0.991904,"{""haze_fog"":4.6e-05,""rain"":5e-06,""snow"":0.0,""low_light"":0.82726,""motion_blur"":0.01232,""defocus_blur"":0.20457,""glare_flare"":0.2658,""vignetting"":0.991904,""sensor_noise"":0.0,""exposure_shift"":0.5707,""compression"":0.463608,""lens_occlusion"":0.018621}","{""haze_fog"":0.306611,""rain"":0.074334,""snow"":0.011784,""low_light"":0.180226,""motion_blur"":0.233484,""defocus_blur"":0.18604,""glare_flare"":0.18253,""vignetting"":0.544426,""sensor_noise"":0.002432,""exposure_shift"":0.422866,""compression"":0.213265,""lens_occlusion"":0.155126}","[{""issue"":""vignetting"",""prob"":0.991904},{""issue"":""low_light"",""prob"":0.82726},{""issue"":""exposure_shift"",""prob"":0.5707},{""issue"":""compression"",""prob"":0.463608},{""issue"":""glare_flare"",""prob"":0.2658}]"
S08_defocus_blur_s3,S08,video_007,test,corrupted,defocus_blur,3,s3,0.35,0,-1.0,cloudy,night,urban,none,30,1280x720,128,corrupted/defocus_blur/s3/S08_defocus_blur_s3.mp4,"{""severity"":0.35,""sigma_max_eff"":10.5,""d_f"":0.8338812589645386,""invert_depth"":true,""n_layers"":16}",0.568989,0.145418,vignetting,0.989106,"{""haze_fog"":4.6e-05,""rain"":5e-06,""snow"":1e-06,""low_light"":0.823211,""motion_blur"":0.012618,""defocus_blur"":0.205733,""glare_flare"":0.273389,""vignetting"":0.989106,""sensor_noise"":0.0,""exposure_shift"":0.585206,""compression"":0.473283,""lens_occlusion"":0.019719}","{""haze_fog"":0.309385,""rain"":0.079045,""snow"":0.012161,""low_light"":0.179948,""motion_blur"":0.238562,""defocus_blur"":0.187122,""glare_flare"":0.187593,""vignetting"":0.550089,""sensor_noise"":0.002518,""exposure_shift"":0.425825,""compression"":0.213907,""lens_occlusion"":0.157458}","[{""issue"":""vignetting"",""prob"":0.989106},{""issue"":""low_light"",""prob"":0.823211},{""issue"":""exposure_shift"",""prob"":0.585206},{""issue"":""compression"",""prob"":0.473283},{""issue"":""glare_flare"",""prob"":0.273389}]"
S08_defocus_blur_s4,S08,video_007,test,corrupted,defocus_blur,4,s4,0.55,0,-1.0,cloudy,night,urban,none,30,1280x720,128,corrupted/defocus_blur/s4/S08_defocus_blur_s4.mp4,"{""severity"":0.55,""sigma_max_eff"":16.5,""d_f"":0.8338812589645386,""invert_depth"":true,""n_layers"":16}",0.351605,0.129322,vignetting,0.957513,"{""haze_fog"":5.8e-05,""rain"":6e-06,""snow"":0.0,""low_light"":0.774756,""motion_blur"":0.019145,""defocus_blur"":0.208657,""glare_flare"":0.333888,""vignetting"":0.957513,""sensor_noise"":0.0,""exposure_shift"":0.580253,""compression"":0.537858,""lens_occlusion"":0.018663}","{""haze_fog"":0.316724,""rain"":0.095377,""snow"":0.014836,""low_light"":0.182168,""motion_blur"":0.259261,""defocus_blur"":0.196722,""glare_flare"":0.199794,""vignetting"":0.543709,""sensor_noise"":0.002798,""exposure_shift"":0.451841,""compression"":0.238083,""lens_occlusion"":0.160023}","[{""issue"":""vignetting"",""prob"":0.957513},{""issue"":""low_light"",""prob"":0.774756},{""issue"":""exposure_shift"",""prob"":0.580253},{""issue"":""compression"",""prob"":0.537858},{""issue"":""glare_flare"",""prob"":0.333888}]"
S08_defocus_blur_s5,S08,video_007,test,corrupted,defocus_blur,5,s5,0.75,0,-1.0,cloudy,night,urban,none,30,1280x720,128,corrupted/defocus_blur/s5/S08_defocus_blur_s5.mp4,"{""severity"":0.75,""sigma_max_eff"":22.5,""d_f"":0.8338812589645386,""invert_depth"":true,""n_layers"":16}",0.162893,0.109460,vignetting,0.907260,"{""haze_fog"":6.7e-05,""rain"":1.6e-05,""snow"":0.0,""low_light"":0.68079,""motion_blur"":0.039292,""defocus_blur"":0.220471,""glare_flare"":0.401612,""vignetting"":0.90726,""sensor_noise"":0.0,""exposure_shift"":0.610126,""compression"":0.554078,""lens_occlusion"":0.01784}","{""haze_fog"":0.32543,""rain"":0.102402,""snow"":0.016846,""low_light"":0.183705,""motion_blur"":0.29445,""defocus_blur"":0.20839,""glare_flare"":0.219093,""vignetting"":0.533495,""sensor_noise"":0.003268,""exposure_shift"":0.493783,""compression"":0.268946,""lens_occlusion"":0.163301}","[{""issue"":""vignetting"",""prob"":0.90726},{""issue"":""low_light"",""prob"":0.68079},{""issue"":""exposure_shift"",""prob"":0.610126},{""issue"":""compression"",""prob"":0.554078},{""issue"":""glare_flare"",""prob"":0.401612}]"
S08_lens_occlusion_s1,S08,video_007,test,corrupted,lens_occlusion,1,s1,0.08,0,-1.0,cloudy,night,urban,none,30,1280x720,128,corrupted/lens_occlusion/s1/S08_lens_occlusion_s1.mp4,"{""severity"":0.08,""n_blobs"":9,""target_coverage"":0.08683796394240399,""coverage_reached"":0.0940212673611111,""blobs"":[{""cx"":281.53614643730674,""cy"":280.797560909552,""R_px"":51.604595686666,""k"":0.28495375893937264,""alpha_strength"":0.49742189257707065},{""cx"":367.8304990534932,""cy"":78.68065231833978,""R_px"":56.31465534882144,""k"":0.3575656588949224,""alpha_strength"":0.4410404391688263},{""cx"":812.8389225541364,""cy"":466.74693876547065,""R_px"":68.65088789284998,""k"":0.2705639937255349,""alpha_strength"":0.48024115216892294},{""cx"":824.4338869725912,""cy"":326.2294465867003,""R_px"":58.11452673941862,""k"":0.27170742410421683,""alpha_strength"":0.5080283425028478},{""cx"":206.82956365259548,""cy"":211.93449230459217,""R_px"":52.00817298119243,""k"":0.28240229861597066,""alpha_strength"":0.49012651827373654},{""cx"":469.49143643563286,""cy"":227.76335815732966,""R_px"":64.74613783241924,""k"":0.28204889484408974,""alpha_strength"":0.4852161563298147},{""cx"":1085.0235364817063,""cy"":158.38713619611644,""R_px"":57.701420197666664,""k"":0.32470663879669986,""alpha_strength"":0.4583820722122237},{""cx"":997.2299076212349,""cy"":142.65170183585633,""R_px"":65.92157747225724,""k"":0.352743303359397,""alpha_strength"":0.49115110067705176},{""cx"":574.4149280706517,""cy"":95.69952794886909,""R_px"":52.56518479098939,""k"":0.35661931448161144,""alpha_strength"":0.46070161083178085}]}",0.877737,0.134987,vignetting,0.990518,"{""haze_fog"":6.2e-05,""rain"":1e-05,""snow"":1e-06,""low_light"":0.815972,""motion_blur"":0.010235,""defocus_blur"":0.205286,""glare_flare"":0.304189,""vignetting"":0.990518,""sensor_noise"":0.0,""exposure_shift"":0.527802,""compression"":0.500976,""lens_occlusion"":0.020074}","{""haze_fog"":0.324639,""rain"":0.074851,""snow"":0.012812,""low_light"":0.187121,""motion_blur"":0.23721,""defocus_blur"":0.187552,""glare_flare"":0.201225,""vignetting"":0.548405,""sensor_noise"":0.00285,""exposure_shift"":0.437795,""compression"":0.225502,""lens_occlusion"":0.159021}","[{""issue"":""vignetting"",""prob"":0.990518},{""issue"":""low_light"",""prob"":0.815972},{""issue"":""exposure_shift"",""prob"":0.527802},{""issue"":""compression"",""prob"":0.500976},{""issue"":""glare_flare"",""prob"":0.304189}]"
S08_lens_occlusion_s2,S08,video_007,test,corrupted,lens_occlusion,2,s2,0.18,0,-1.0,cloudy,night,urban,none,30,1280x720,128,corrupted/lens_occlusion/s2/S08_lens_occlusion_s2.mp4,"{""severity"":0.18,""n_blobs"":8,""target_coverage"":0.12819608774757496,""coverage_reached"":0.1378081597222222,""blobs"":[{""cx"":628.032202132267,""cy"":114.37479361541472,""R_px"":72.32717879015566,""k"":0.4151903530077086,""alpha_strength"":0.5505358708880513},{""cx"":203.6284535998484,""cy"":140.7536392716605,""R_px"":69.89523309652724,""k"":0.3595242829201077,""alpha_strength"":0.5183260405557878},{""cx"":452.24179443798414,""cy"":291.1410092022754,""R_px"":86.89457768016398,""k"":0.3762501799379137,""alpha_strength"":0.5479606695978082},{""cx"":662.609920813419,""cy"":247.31069015631732,""R_px"":87.01577288412376,""k"":0.44266462253443395,""alpha_strength"":0.4901437933129258},{""cx"":842.404191975508,""cy"":526.1958359502206,""R_px"":79.32249646650087,""k"":0.3766291208458906,""alpha_strength"":0.4959425039985969},{""cx"":703.4128630491064,""cy"":175.0488462275435,""R_px"":79.38773055155448,""k"":0.44103363248492705,""alpha_strength"":0.5359838031528691},{""cx"":321.0420472491929,""cy"":613.5234863689243,""R_px"":71.15891100710238,""k"":0.34396749684897643,""alpha_strength"":0.48757738355372104},{""cx"":864.351560781502,""cy"":366.58111503518415,""R_px"":75.78017031822125,""k"":0.3466995677555982,""alpha_strength"":0.5290764875137415}]}",0.733170,0.128181,vignetting,0.991344,"{""haze_fog"":6.7e-05,""rain"":5e-06,""snow"":0.0,""low_light"":0.821984,""motion_blur"":0.008431,""defocus_blur"":0.194284,""glare_flare"":0.318828,""vignetting"":0.991344,""sensor_noise"":0.0,""exposure_shift"":0.553681,""compression"":0.534956,""lens_occlusion"":0.019919}","{""haze_fog"":0.321952,""rain"":0.08664,""snow"":0.01398,""low_light"":0.18582,""motion_blur"":0.235,""defocus_blur"":0.179916,""glare_flare"":0.208001,""vignetting"":0.552175,""sensor_noise"":0.003041,""exposure_shift"":0.427218,""compression"":0.222437,""lens_occlusion"":0.157604}","[{""issue"":""vignetting"",""prob"":0.991344},{""issue"":""low_light"",""prob"":0.821984},{""issue"":""exposure_shift"",""prob"":0.553681},{""issue"":""compression"",""prob"":0.534956},{""issue"":""glare_flare"",""prob"":0.318828}]"
S08_lens_occlusion_s3,S08,video_007,test,corrupted,lens_occlusion,3,s3,0.35,0,-1.0,cloudy,night,urban,none,30,1280x720,128,corrupted/lens_occlusion/s3/S08_lens_occlusion_s3.mp4,"{""severity"":0.35,""n_blobs"":7,""target_coverage"":0.20651238262623056,""coverage_reached"":0.2132769097222222,""blobs"":[{""cx"":456.96170896542264,""cy"":376.2670802994055,""R_px"":114.79264675106661,""k"":0.5066578314871532,""alpha_strength"":0.6489406560137101},{""cx"":695.3334902969467,""cy"":201.36478625407784,""R_px"":101.92333997213166,""k"":0.5028919057121257,""alpha_strength"":0.6479741614321701},{""cx"":777.2630952792289,""cy"":251.2825953179617,""R_px"":105.3402316244625,""k"":0.5804138189863209,""alpha_strength"":0.571969489999909},{""cx"":1012.1093112769322,""cy"":252.31405682866185,""R_px"":113.5308697759241,""k"":0.4753304467448858,""alpha_strength"":0.6195572885438824},{""cx"":517.5534531321044,""cy"":133.7986301180719,""R_px"":119.98925207304708,""k"":0.5778463989422007,""alpha_strength"":0.6501162146017375},{""cx"":398.3672468447554,""cy"":221.3209058644408,""R_px"":110.33170081775283,""k"":0.6109052071692656,""alpha_strength"":0.6153792852725691},{""cx"":676.5491347902254,""cy"":237.32215412327568,""R_px"":127.41075416403316,""k"":0.4745680327570739,""alpha_strength"":0.5642984860723591}]}",0.509796,0.095895,vignetting,0.976499,"{""haze_fog"":9.8e-05,""rain"":9e-06,""snow"":0.0,""low_light"":0.704003,""motion_blur"":0.011936,""defocus_blur"":0.200004,""glare_flare"":0.389483,""vignetting"":0.976499,""sensor_noise"":0.0,""exposure_shift"":0.583991,""compression"":0.561817,""lens_occlusion"":0.022446}","{""haze_fog"":0.361175,""rain"":0.103201,""snow"":0.0187,""low_light"":0.188338,""motion_blur"":0.27016,""defocus_blur"":0.186051,""glare_flare"":0.239732,""vignetting"":0.547782,""sensor_noise"":0.003321,""exposure_shift"":0.488126,""compression"":0.250737,""lens_occlusion"":0.167133}","[{""issue"":""vignetting"",""prob"":0.976499},{""issue"":""low_light"",""prob"":0.704003},{""issue"":""exposure_shift"",""prob"":0.583991},{""issue"":""compression"",""prob"":0.561817},{""issue"":""glare_flare"",""prob"":0.389483}]"
S08_lens_occlusion_s4,S08,video_007,test,corrupted,lens_occlusion,4,s4,0.55,0,-1.0,cloudy,night,urban,none,30,1280x720,128,corrupted/lens_occlusion/s4/S08_lens_occlusion_s4.mp4,"{""severity"":0.55,""n_blobs"":5,""target_coverage"":0.30638438084827657,""coverage_reached"":0.30805338541666666,""blobs"":[{""cx"":214.76734168586725,""cy"":173.87205008060556,""R_px"":155.58014943880053,""k"":0.6441509313620938,""alpha_strength"":0.7336088361451284},{""cx"":685.8811389798217,""cy"":162.69261188890312,""R_px"":156.97709349771642,""k"":0.6984729194618536,""alpha_strength"":0.6825944082153487},{""cx"":816.6738491984345,""cy"":261.76496833800957,""R_px"":144.98555689607687,""k"":0.7543232524457907,""alpha_strength"":0.7359331131538743},{""cx"":293.30571931566715,""cy"":252.1193622382494,""R_px"":166.98442456253244,""k"":0.7346721871439943,""alpha_strength"":0.724937309896054},{""cx"":881.5182055644899,""cy"":622.4619400329317,""R_px"":159.82942125976984,""k"":0.7457475889608531,""alpha_strength"":0.7383194241230137}]}",0.286830,0.083097,vignetting,0.946025,"{""haze_fog"":0.000242,""rain"":7.9e-05,""snow"":0.0,""low_light"":0.682736,""motion_blur"":0.0174,""defocus_blur"":0.228272,""glare_flare"":0.347319,""vignetting"":0.946025,""sensor_noise"":0.0,""exposure_shift"":0.65084,""compression"":0.523622,""lens_occlusion"":0.01982}","{""haze_fog"":0.395279,""rain"":0.117475,""snow"":0.022966,""low_light"":0.181942,""motion_blur"":0.271556,""defocus_blur"":0.194159,""glare_flare"":0.251531,""vignetting"":0.541858,""sensor_noise"":0.003418,""exposure_shift"":0.552019,""compression"":0.265581,""lens_occlusion"":0.16152}","[{""issue"":""vignetting"",""prob"":0.946025},{""issue"":""low_light"",""prob"":0.682736},{""issue"":""exposure_shift"",""prob"":0.65084},{""issue"":""compression"",""prob"":0.523622},{""issue"":""glare_flare"",""prob"":0.347319}]"
S08_lens_occlusion_s5,S08,video_007,test,corrupted,lens_occlusion,5,s5,0.75,0,-1.0,cloudy,night,urban,none,30,1280x720,128,corrupted/lens_occlusion/s5/S08_lens_occlusion_s5.mp4,"{""severity"":0.75,""n_blobs"":4,""target_coverage"":0.41197882156696997,""coverage_reached"":0.49976671006944445,""blobs"":[{""cx"":652.3298321700987,""cy"":225.5759786048794,""R_px"":218.77181219165908,""k"":0.9989028773806679,""alpha_strength"":0.842762746603008},{""cx"":536.6335660132158,""cy"":127.28959155744957,""R_px"":216.75704659695253,""k"":0.9150914421902108,""alpha_strength"":0.8800222131299315},{""cx"":312.9276828007829,""cy"":513.100710169541,""R_px"":211.72809500065506,""k"":0.8810808140568582,""alpha_strength"":0.8582972917808847},{""cx"":1009.4941439570251,""cy"":428.4220874895883,""R_px"":227.66295894603806,""k"":0.9131260189248283,""alpha_strength"":0.838899307939564}]}",0.114387,0.051200,exposure_shift,0.726402,"{""haze_fog"":0.000189,""rain"":2.6e-05,""snow"":1e-06,""low_light"":0.448279,""motion_blur"":0.246226,""defocus_blur"":0.214539,""glare_flare"":0.520724,""vignetting"":0.659742,""sensor_noise"":0.0,""exposure_shift"":0.726402,""compression"":0.552755,""lens_occlusion"":0.050748}","{""haze_fog"":0.339366,""rain"":0.133697,""snow"":0.026561,""low_light"":0.178094,""motion_blur"":0.36864,""defocus_blur"":0.202489,""glare_flare"":0.336822,""vignetting"":0.490616,""sensor_noise"":0.004634,""exposure_shift"":0.643834,""compression"":0.32154,""lens_occlusion"":0.190243}","[{""issue"":""exposure_shift"",""prob"":0.726402},{""issue"":""vignetting"",""prob"":0.659742},{""issue"":""compression"",""prob"":0.552755},{""issue"":""glare_flare"",""prob"":0.520724},{""issue"":""low_light"",""prob"":0.448279}]"
S08_sensor_noise_s1,S08,video_007,test,corrupted,sensor_noise,1,s1,0.08,0,-1.0,cloudy,night,urban,none,30,1280x720,128,corrupted/sensor_noise/s1/S08_sensor_noise_s1.mp4,"{""severity"":0.08,""sigma_r"":0.003134937226192183,""sigma_s"":0.008095024843385592,""per_channel"":true}",0.928613,0.145614,vignetting,0.988578,"{""haze_fog"":6.4e-05,""rain"":1.2e-05,""snow"":1e-06,""low_light"":0.804734,""motion_blur"":0.012199,""defocus_blur"":0.199036,""glare_flare"":0.227571,""vignetting"":0.988578,""sensor_noise"":0.0,""exposure_shift"":0.578883,""compression"":0.444834,""lens_occlusion"":0.021877}","{""haze_fog"":0.311639,""rain"":0.078834,""snow"":0.012208,""low_light"":0.176614,""motion_blur"":0.232945,""defocus_blur"":0.185743,""glare_flare"":0.187248,""vignetting"":0.548075,""sensor_noise"":0.00233,""exposure_shift"":0.424136,""compression"":0.2125,""lens_occlusion"":0.159759}","[{""issue"":""vignetting"",""prob"":0.988578},{""issue"":""low_light"",""prob"":0.804734},{""issue"":""exposure_shift"",""prob"":0.578883},{""issue"":""compression"",""prob"":0.444834}]"
S08_sensor_noise_s2,S08,video_007,test,corrupted,sensor_noise,2,s2,0.18,0,-1.0,cloudy,night,urban,none,30,1280x720,128,corrupted/sensor_noise/s2/S08_sensor_noise_s2.mp4,"{""severity"":0.18,""sigma_r"":0.004508284361612967,""sigma_s"":0.015315367941379622,""per_channel"":true}",0.838388,0.136644,vignetting,0.998794,"{""haze_fog"":0.000207,""rain"":5e-06,""snow"":2e-06,""low_light"":0.809722,""motion_blur"":0.006499,""defocus_blur"":0.191237,""glare_flare"":0.203759,""vignetting"":0.998794,""sensor_noise"":0.0,""exposure_shift"":0.50554,""compression"":0.618624,""lens_occlusion"":0.020841}","{""haze_fog"":0.360754,""rain"":0.105425,""snow"":0.021901,""low_light"":0.183375,""motion_blur"":0.208567,""defocus_blur"":0.18179,""glare_flare"":0.201266,""vignetting"":0.578844,""sensor_noise"":0.003387,""exposure_shift"":0.416661,""compression"":0.234526,""lens_occlusion"":0.152801}","[{""issue"":""vignetting"",""prob"":0.998794},{""issue"":""low_light"",""prob"":0.809722},{""issue"":""compression"",""prob"":0.618624},{""issue"":""exposure_shift"",""prob"":0.50554}]"
S08_sensor_noise_s3,S08,video_007,test,corrupted,sensor_noise,3,s3,0.35,0,-1.0,cloudy,night,urban,none,30,1280x720,128,corrupted/sensor_noise/s3/S08_sensor_noise_s3.mp4,"{""severity"":0.35,""sigma_r"":0.00888775878606852,""sigma_s"":0.03180540167890351,""per_channel"":true}",0.682056,0.182779,vignetting,0.998641,"{""haze_fog"":0.000322,""rain"":8e-06,""snow"":9e-06,""low_light"":0.885831,""motion_blur"":0.000467,""defocus_blur"":0.168095,""glare_flare"":0.233941,""vignetting"":0.998641,""sensor_noise"":0.0,""exposure_shift"":0.355377,""compression"":0.629466,""lens_occlusion"":0.016541}","{""haze_fog"":0.348093,""rain"":0.087737,""snow"":0.021475,""low_light"":0.189191,""motion_blur"":0.191962,""defocus_blur"":0.172319,""glare_flare"":0.219827,""vignetting"":0.552102,""sensor_noise"":0.004638,""exposure_shift"":0.361484,""compression"":0.211156,""lens_occlusion"":0.149901}","[{""issue"":""vignetting"",""prob"":0.998641},{""issue"":""low_light"",""prob"":0.885831},{""issue"":""compression"",""prob"":0.629466},{""issue"":""exposure_shift"",""prob"":0.355377}]"
S08_sensor_noise_s4,S08,video_007,test,corrupted,sensor_noise,4,s4,0.55,0,-1.0,cloudy,night,urban,none,30,1280x720,128,corrupted/sensor_noise/s4/S08_sensor_noise_s4.mp4,"{""severity"":0.55,""sigma_r"":0.01146472165202158,""sigma_s"":0.050028446747901835,""per_channel"":true}",0.492001,0.207214,vignetting,0.986291,"{""haze_fog"":0.000362,""rain"":1e-05,""snow"":5e-06,""low_light"":0.815768,""motion_blur"":0.00205,""defocus_blur"":0.115899,""glare_flare"":0.394123,""vignetting"":0.986291,""sensor_noise"":2e-06,""exposure_shift"":0.380981,""compression"":0.573456,""lens_occlusion"":0.02112}","{""haze_fog"":0.306361,""rain"":0.073589,""snow"":0.015651,""low_light"":0.182859,""motion_blur"":0.226131,""defocus_blur"":0.170517,""glare_flare"":0.276351,""vignetting"":0.534248,""sensor_noise"":0.006564,""exposure_shift"":0.327947,""compression"":0.164995,""lens_occlusion"":0.163701}","[{""issue"":""vignetting"",""prob"":0.986291},{""issue"":""low_light"",""prob"":0.815768},{""issue"":""compression"",""prob"":0.573456},{""issue"":""glare_flare"",""prob"":0.394123},{""issue"":""exposure_shift"",""prob"":0.380981}]"
S08_sensor_noise_s5,S08,video_007,test,corrupted,sensor_noise,5,s5,0.75,0,-1.0,cloudy,night,urban,none,30,1280x720,128,corrupted/sensor_noise/s5/S08_sensor_noise_s5.mp4,"{""severity"":0.75,""sigma_r"":0.015525880092554227,""sigma_s"":0.06540404036321897,""per_channel"":true}",0.291891,0.175000,vignetting,0.986944,"{""haze_fog"":0.00367,""rain"":0.0002,""snow"":1.3e-05,""low_light"":0.533269,""motion_blur"":0.000507,""defocus_blur"":0.097467,""glare_flare"":0.412809,""vignetting"":0.986944,""sensor_noise"":1e-06,""exposure_shift"":0.350269,""compression"":0.787981,""lens_occlusion"":0.023196}","{""haze_fog"":0.360824,""rain"":0.120548,""snow"":0.018393,""low_light"":0.179555,""motion_blur"":0.191787,""defocus_blur"":0.151494,""glare_flare"":0.350434,""vignetting"":0.560566,""sensor_noise"":0.007277,""exposure_shift"":0.326117,""compression"":0.135146,""lens_occlusion"":0.183666}","[{""issue"":""vignetting"",""prob"":0.986944},{""issue"":""compression"",""prob"":0.787981},{""issue"":""low_light"",""prob"":0.533269},{""issue"":""glare_flare"",""prob"":0.412809},{""issue"":""exposure_shift"",""prob"":0.350269}]"
S08_low_light_s1,S08,video_007,test,corrupted,low_light,1,s1,0.08,0,-1.0,cloudy,night,urban,none,30,1280x720,128,corrupted/low_light/s1/S08_low_light_s1.mp4,"{""severity"":0.08,""gamma"":1.3141125347675753,""sigma_r"":0.0035946140675304533,""sigma_s"":0.012652506348163442,""amp_r"":2.0,""amp_s"":3.0,""desat"":0.02,""per_channel"":true}",0.911980,0.149189,vignetting,0.970959,"{""haze_fog"":0.0,""rain"":0.0,""snow"":0.0,""low_light"":0.927825,""motion_blur"":0.02033,""defocus_blur"":0.252103,""glare_flare"":0.306339,""vignetting"":0.970959,""sensor_noise"":0.0,""exposure_shift"":0.919686,""compression"":0.108286,""lens_occlusion"":0.017639}","{""haze_fog"":0.221906,""rain"":0.056704,""snow"":0.006999,""low_light"":0.176697,""motion_blur"":0.258636,""defocus_blur"":0.214778,""glare_flare"":0.166761,""vignetting"":0.548118,""sensor_noise"":0.001474,""exposure_shift"":0.567354,""compression"":0.160291,""lens_occlusion"":0.139668}","[{""issue"":""vignetting"",""prob"":0.970959},{""issue"":""low_light"",""prob"":0.927825},{""issue"":""exposure_shift"",""prob"":0.919686},{""issue"":""glare_flare"",""prob"":0.306339},{""issue"":""defocus_blur"",""prob"":0.252103}]"
S08_low_light_s2,S08,video_007,test,corrupted,low_light,2,s2,0.18,0,-1.0,cloudy,night,urban,none,30,1280x720,128,corrupted/low_light/s2/S08_low_light_s2.mp4,"{""severity"":0.18,""gamma"":1.548972287130612,""sigma_r"":0.0076486114192882105,""sigma_s"":0.02954091568800629,""amp_r"":2.0,""amp_s"":3.0,""desat"":0.045,""per_channel"":true}",0.803090,0.152542,vignetting,0.978364,"{""haze_fog"":0.0,""rain"":0.0,""snow"":0.0,""low_light"":0.954559,""motion_blur"":0.010779,""defocus_blur"":0.24703,""glare_flare"":0.366436,""vignetting"":0.978364,""sensor_noise"":0.0,""exposure_shift"":0.915751,""compression"":0.102261,""lens_occlusion"":0.019753}","{""haze_fog"":0.224128,""rain"":0.05658,""snow"":0.007789,""low_light"":0.174211,""motion_blur"":0.252742,""defocus_blur"":0.212679,""glare_flare"":0.173147,""vignetting"":0.552749,""sensor_noise"":0.0017,""exposure_shift"":0.577245,""compression"":0.151443,""lens_occlusion"":0.140387}","[{""issue"":""vignetting"",""prob"":0.978364},{""issue"":""low_light"",""prob"":0.954559},{""issue"":""exposure_shift"",""prob"":0.915751},{""issue"":""glare_flare"",""prob"":0.366436}]"
S08_low_light_s3,S08,video_007,test,corrupted,low_light,3,s3,0.35,0,-1.0,cloudy,night,urban,none,30,1280x720,128,corrupted/low_light/s3/S08_low_light_s3.mp4,"{""severity"":0.35,""gamma"":1.810178896560726,""sigma_r"":0.014884010161629204,""sigma_s"":0.07117301028812686,""amp_r"":2.0,""amp_s"":3.0,""desat"":0.0875,""per_channel"":true}",0.621254,0.234142,vignetting,0.997760,"{""haze_fog"":1.2e-05,""rain"":3e-06,""snow"":2e-06,""low_light"":0.931545,""motion_blur"":0.003451,""defocus_blur"":0.160336,""glare_flare"":0.359491,""vignetting"":0.99776,""sensor_noise"":0.0,""exposure_shift"":0.660362,""compression"":0.575658,""lens_occlusion"":0.014094}","{""haze_fog"":0.309671,""rain"":0.082403,""snow"":0.014267,""low_light"":0.178377,""motion_blur"":0.190146,""defocus_blur"":0.188811,""glare_flare"":0.211112,""vignetting"":0.554464,""sensor_noise"":0.002835,""exposure_shift"":0.476548,""compression"":0.134393,""lens_occlusion"":0.137918}","[{""issue"":""vignetting"",""prob"":0.99776},{""issue"":""low_light"",""prob"":0.931545},{""issue"":""exposure_shift"",""prob"":0.660362},{""issue"":""compression"",""prob"":0.575658},{""issue"":""glare_flare"",""prob"":0.359491}]"
S08_low_light_s4,S08,video_007,test,corrupted,low_light,4,s4,0.55,0,-1.0,cloudy,night,urban,none,30,1280x720,128,corrupted/low_light/s4/S08_low_light_s4.mp4,"{""severity"":0.55,""gamma"":2.364799352298428,""sigma_r"":0.023897716934863898,""sigma_s"":0.1367547778229466,""amp_r"":2.0,""amp_s"":3.0,""desat"":0.1375,""per_channel"":true}",0.413809,0.262815,vignetting,0.999668,"{""haze_fog"":9.8e-05,""rain"":2.3e-05,""snow"":5.5e-05,""low_light"":0.928102,""motion_blur"":0.000242,""defocus_blur"":0.097947,""glare_flare"":0.2738,""vignetting"":0.999668,""sensor_noise"":2e-05,""exposure_shift"":0.225972,""compression"":0.866528,""lens_occlusion"":0.021767}","{""haze_fog"":0.376292,""rain"":0.144194,""snow"":0.041726,""low_light"":0.217995,""motion_blur"":0.152417,""defocus_blur"":0.161957,""glare_flare"":0.277386,""vignetting"":0.536057,""sensor_noise"":0.00883,""exposure_shift"":0.344306,""compression"":0.194608,""lens_occlusion"":0.155876}","[{""issue"":""vignetting"",""prob"":0.999668},{""issue"":""low_light"",""prob"":0.928102},{""issue"":""compression"",""prob"":0.866528},{""issue"":""glare_flare"",""prob"":0.2738}]"
S08_low_light_s5,S08,video_007,test,corrupted,low_light,5,s5,0.75,0,-1.0,cloudy,night,urban,none,30,1280x720,128,corrupted/low_light/s5/S08_low_light_s5.mp4,"{""severity"":0.75,""gamma"":2.7238269414954916,""sigma_r"":0.0376709170506724,""sigma_s"":0.20564903338857343,""amp_r"":2.0,""amp_s"":3.0,""desat"":0.1875,""per_channel"":true}",0.216134,0.163017,low_light,0.999972,"{""haze_fog"":1.1e-05,""rain"":3e-05,""snow"":2e-06,""low_light"":0.999972,""motion_blur"":0.000862,""defocus_blur"":0.070444,""glare_flare"":0.638423,""vignetting"":0.973743,""sensor_noise"":0.221875,""exposure_shift"":0.26653,""compression"":0.90328,""lens_occlusion"":0.05888}","{""haze_fog"":0.284799,""rain"":0.228832,""snow"":0.064702,""low_light"":0.453579,""motion_blur"":0.187818,""defocus_blur"":0.189867,""glare_flare"":0.456094,""vignetting"":0.439229,""sensor_noise"":0.105315,""exposure_shift"":0.267814,""compression"":0.263558,""lens_occlusion"":0.174981}","[{""issue"":""low_light"",""prob"":0.999972},{""issue"":""vignetting"",""prob"":0.973743},{""issue"":""compression"",""prob"":0.90328},{""issue"":""glare_flare"",""prob"":0.638423},{""issue"":""exposure_shift"",""prob"":0.26653}]"
S08_overexposure_s1,S08,video_007,test,corrupted,overexposure,1,s1,0.08,0,-1.0,cloudy,night,urban,none,30,1280x720,128,corrupted/overexposure/s1/S08_overexposure_s1.mp4,"{""severity"":0.08,""delta_ev"":0.16,""scale"":1.11728713807222}",0.934886,0.143476,vignetting,0.993224,"{""haze_fog"":0.00011,""rain"":7e-06,""snow"":0.0,""low_light"":0.808688,""motion_blur"":0.023049,""defocus_blur"":0.20735,""glare_flare"":0.223446,""vignetting"":0.993224,""sensor_noise"":0.0,""exposure_shift"":0.504562,""compression"":0.459759,""lens_occlusion"":0.019956}","{""haze_fog"":0.314451,""rain"":0.074778,""snow"":0.0113,""low_light"":0.184619,""motion_blur"":0.238517,""defocus_blur"":0.187471,""glare_flare"":0.188694,""vignetting"":0.555845,""sensor_noise"":0.002603,""exposure_shift"":0.391859,""compression"":0.218556,""lens_occlusion"":0.160105}","[{""issue"":""vignetting"",""prob"":0.993224},{""issue"":""low_light"",""prob"":0.808688},{""issue"":""exposure_shift"",""prob"":0.504562},{""issue"":""compression"",""prob"":0.459759}]"
S08_overexposure_s2,S08,video_007,test,corrupted,overexposure,2,s2,0.18,0,-1.0,cloudy,night,urban,none,30,1280x720,128,corrupted/overexposure/s2/S08_overexposure_s2.mp4,"{""severity"":0.18,""delta_ev"":0.36,""scale"":1.2834258975629043}",0.851932,0.141726,vignetting,0.999509,"{""haze_fog"":0.000726,""rain"":8e-06,""snow"":1e-06,""low_light"":0.785797,""motion_blur"":0.024905,""defocus_blur"":0.193843,""glare_flare"":0.201009,""vignetting"":0.999509,""sensor_noise"":0.0,""exposure_shift"":0.404097,""compression"":0.559554,""lens_occlusion"":0.02352}","{""haze_fog"":0.370404,""rain"":0.076656,""snow"":0.012878,""low_light"":0.188342,""motion_blur"":0.232553,""defocus_blur"":0.17627,""glare_flare"":0.213173,""vignetting"":0.560064,""sensor_noise"":0.003648,""exposure_shift"":0.358956,""compression"":0.226711,""lens_occlusion"":0.172726}","[{""issue"":""vignetting"",""prob"":0.999509},{""issue"":""low_light"",""prob"":0.785797},{""issue"":""compression"",""prob"":0.559554},{""issue"":""exposure_shift"",""prob"":0.404097}]"
S08_overexposure_s3,S08,video_007,test,corrupted,overexposure,3,s3,0.35,0,-1.0,cloudy,night,urban,none,30,1280x720,128,corrupted/overexposure/s3/S08_overexposure_s3.mp4,"{""severity"":0.35,""delta_ev"":0.7,""scale"":1.624504792712471}",0.706200,0.149238,vignetting,0.999822,"{""haze_fog"":0.003452,""rain"":1.6e-05,""snow"":1e-06,""low_light"":0.70542,""motion_blur"":0.044525,""defocus_blur"":0.183652,""glare_flare"":0.109578,""vignetting"":0.999822,""sensor_noise"":0.0,""exposure_shift"":0.332441,""compression"":0.643664,""lens_occlusion"":0.02468}","{""haze_fog"":0.367828,""rain"":0.08059,""snow"":0.013047,""low_light"":0.188885,""motion_blur"":0.23704,""defocus_blur"":0.171924,""glare_flare"":0.203611,""vignetting"":0.563324,""sensor_noise"":0.003914,""exposure_shift"":0.300407,""compression"":0.237235,""lens_occlusion"":0.181339}","[{""issue"":""vignetting"",""prob"":0.999822},{""issue"":""low_light"",""prob"":0.70542},{""issue"":""compression"",""prob"":0.643664},{""issue"":""exposure_shift"",""prob"":0.332441}]"
S08_overexposure_s4,S08,video_007,test,corrupted,overexposure,4,s4,0.55,0,-1.0,cloudy,night,urban,none,30,1280x720,128,corrupted/overexposure/s4/S08_overexposure_s4.mp4,"{""severity"":0.55,""delta_ev"":1.1,""scale"":2.1435469250725863}",0.524770,0.142760,vignetting,0.999971,"{""haze_fog"":0.010094,""rain"":2e-06,""snow"":0.0,""low_light"":0.657202,""motion_blur"":0.053187,""defocus_blur"":0.190653,""glare_flare"":0.058299,""vignetting"":0.999971,""sensor_noise"":0.0,""exposure_shift"":0.280071,""compression"":0.724697,""lens_occlusion"":0.025086}","{""haze_fog"":0.379494,""rain"":0.072691,""snow"":0.011151,""low_light"":0.194767,""motion_blur"":0.251595,""defocus_blur"":0.170541,""glare_flare"":0.20042,""vignetting"":0.573858,""sensor_noise"":0.005139,""exposure_shift"":0.269878,""compression"":0.253392,""lens_occlusion"":0.186039}","[{""issue"":""vignetting"",""prob"":0.999971},{""issue"":""compression"",""prob"":0.724697},{""issue"":""low_light"",""prob"":0.657202},{""issue"":""exposure_shift"",""prob"":0.280071}]"
S08_overexposure_s5,S08,video_007,test,corrupted,overexposure,5,s5,0.75,0,-1.0,cloudy,night,urban,none,30,1280x720,128,corrupted/overexposure/s5/S08_overexposure_s5.mp4,"{""severity"":0.75,""delta_ev"":1.5,""scale"":2.8284271247461903}",0.326465,0.163773,vignetting,0.999988,"{""haze_fog"":0.011038,""rain"":1e-06,""snow"":0.0,""low_light"":0.651195,""motion_blur"":0.057401,""defocus_blur"":0.169778,""glare_flare"":0.035024,""vignetting"":0.999988,""sensor_noise"":0.0,""exposure_shift"":0.250858,""compression"":0.829664,""lens_occlusion"":0.023475}","{""haze_fog"":0.341018,""rain"":0.06617,""snow"":0.009971,""low_light"":0.193773,""motion_blur"":0.257942,""defocus_blur"":0.160898,""glare_flare"":0.174394,""vignetting"":0.557973,""sensor_noise"":0.006364,""exposure_shift"":0.231408,""compression"":0.257617,""lens_occlusion"":0.18107}","[{""issue"":""vignetting"",""prob"":0.999988},{""issue"":""compression"",""prob"":0.829664},{""issue"":""low_light"",""prob"":0.651195},{""issue"":""exposure_shift"",""prob"":0.250858}]"
S08_underexposure_s1,S08,video_007,test,corrupted,underexposure,1,s1,0.08,0,-1.0,cloudy,night,urban,none,30,1280x720,128,corrupted/underexposure/s1/S08_underexposure_s1.mp4,"{""severity"":0.08,""delta_ev"":-0.16,""scale"":0.8950250709279725}",0.934886,0.148425,vignetting,0.979568,"{""haze_fog"":3.2e-05,""rain"":2e-06,""snow"":0.0,""low_light"":0.813079,""motion_blur"":0.008924,""defocus_blur"":0.201131,""glare_flare"":0.193013,""vignetting"":0.979568,""sensor_noise"":0.0,""exposure_shift"":0.771695,""compression"":0.487232,""lens_occlusion"":0.017541}","{""haze_fog"":0.304658,""rain"":0.086679,""snow"":0.013203,""low_light"":0.16954,""motion_blur"":0.232906,""defocus_blur"":0.189825,""glare_flare"":0.16881,""vignetting"":0.538078,""sensor_noise"":0.002221,""exposure_shift"":0.489076,""compression"":0.206768,""lens_occlusion"":0.151352}","[{""issue"":""vignetting"",""prob"":0.979568},{""issue"":""low_light"",""prob"":0.813079},{""issue"":""exposure_shift"",""prob"":0.771695},{""issue"":""compression"",""prob"":0.487232}]"
S08_underexposure_s2,S08,video_007,test,corrupted,underexposure,2,s2,0.18,0,-1.0,cloudy,night,urban,none,30,1280x720,128,corrupted/underexposure/s2/S08_underexposure_s2.mp4,"{""severity"":0.18,""delta_ev"":-0.36,""scale"":0.7791645796604999}",0.851932,0.134711,vignetting,0.940473,"{""haze_fog"":1.1e-05,""rain"":2e-06,""snow"":0.0,""low_light"":0.797463,""motion_blur"":0.008498,""defocus_blur"":0.211325,""glare_flare"":0.187679,""vignetting"":0.940473,""sensor_noise"":0.0,""exposure_shift"":0.929089,""compression"":0.514256,""lens_occlusion"":0.016313}","{""haze_fog"":0.282625,""rain"":0.090078,""snow"":0.014401,""low_light"":0.160968,""motion_blur"":0.230486,""defocus_blur"":0.195491,""glare_flare"":0.155299,""vignetting"":0.512339,""sensor_noise"":0.001883,""exposure_shift"":0.58581,""compression"":0.208846,""lens_occlusion"":0.144319}","[{""issue"":""vignetting"",""prob"":0.940473},{""issue"":""exposure_shift"",""prob"":0.929089},{""issue"":""low_light"",""prob"":0.797463},{""issue"":""compression"",""prob"":0.514256}]"
S08_underexposure_s3,S08,video_007,test,corrupted,underexposure,3,s3,0.35,0,-1.0,cloudy,night,urban,none,30,1280x720,128,corrupted/underexposure/s3/S08_underexposure_s3.mp4,"{""severity"":0.35,""delta_ev"":-0.7,""scale"":0.6155722066724582}",0.706200,0.111104,exposure_shift,0.993925,"{""haze_fog"":3e-06,""rain"":0.0,""snow"":0.0,""low_light"":0.759264,""motion_blur"":0.025277,""defocus_blur"":0.243814,""glare_flare"":0.18161,""vignetting"":0.903314,""sensor_noise"":0.0,""exposure_shift"":0.993925,""compression"":0.458056,""lens_occlusion"":0.01327}","{""haze_fog"":0.267288,""rain"":0.090408,""snow"":0.012837,""low_light"":0.156286,""motion_blur"":0.268364,""defocus_blur"":0.218349,""glare_flare"":0.139398,""vignetting"":0.477422,""sensor_noise"":0.00163,""exposure_shift"":0.72834,""compression"":0.21269,""lens_occlusion"":0.139394}","[{""issue"":""exposure_shift"",""prob"":0.993925},{""issue"":""vignetting"",""prob"":0.903314},{""issue"":""low_light"",""prob"":0.759264},{""issue"":""compression"",""prob"":0.458056}]"
S08_underexposure_s4,S08,video_007,test,corrupted,underexposure,4,s4,0.55,0,-1.0,cloudy,night,urban,none,30,1280x720,128,corrupted/underexposure/s4/S08_underexposure_s4.mp4,"{""severity"":0.55,""delta_ev"":-1.1,""scale"":0.4665164957684037}",0.524770,0.093993,exposure_shift,0.999558,"{""haze_fog"":1e-06,""rain"":0.0,""snow"":0.0,""low_light"":0.62473,""motion_blur"":0.109993,""defocus_blur"":0.284064,""glare_flare"":0.209469,""vignetting"":0.801023,""sensor_noise"":0.0,""exposure_shift"":0.999558,""compression"":0.403131,""lens_occlusion"":0.012484}","{""haze_fog"":0.243449,""rain"":0.101496,""snow"":0.01227,""low_light"":0.141748,""motion_blur"":0.33457,""defocus_blur"":0.262615,""glare_flare"":0.125799,""vignetting"":0.444498,""sensor_noise"":0.001434,""exposure_shift"":0.830247,""compression"":0.226219,""lens_occlusion"":0.140494}","[{""issue"":""exposure_shift"",""prob"":0.999558},{""issue"":""vignetting"",""prob"":0.801023},{""issue"":""low_light"",""prob"":0.62473},{""issue"":""compression"",""prob"":0.403131},{""issue"":""defocus_blur"",""prob"":0.284064}]"
S08_underexposure_s5,S08,video_007,test,corrupted,underexposure,5,s5,0.75,0,-1.0,cloudy,night,urban,none,30,1280x720,128,corrupted/underexposure/s5/S08_underexposure_s5.mp4,"{""severity"":0.75,""delta_ev"":-1.5,""scale"":0.3535533905932738}",0.326465,0.088985,exposure_shift,0.999895,"{""haze_fog"":1e-06,""rain"":0.0,""snow"":1e-06,""low_light"":0.452402,""motion_blur"":0.323737,""defocus_blur"":0.340406,""glare_flare"":0.194812,""vignetting"":0.38042,""sensor_noise"":0.0,""exposure_shift"":0.999895,""compression"":0.337955,""lens_occlusion"":0.011691}","{""haze_fog"":0.260927,""rain"":0.1006,""snow"":0.012259,""low_light"":0.139257,""motion_blur"":0.424103,""defocus_blur"":0.328314,""glare_flare"":0.124846,""vignetting"":0.433968,""sensor_noise"":0.001681,""exposure_shift"":0.888105,""compression"":0.247321,""lens_occlusion"":0.147923}","[{""issue"":""exposure_shift"",""prob"":0.999895},{""issue"":""low_light"",""prob"":0.452402},{""issue"":""vignetting"",""prob"":0.38042},{""issue"":""defocus_blur"",""prob"":0.340406},{""issue"":""compression"",""prob"":0.337955},{""issue"":""motion_blur"",""prob"":0.323737}]"
S08_jpeg_compression_s1,S08,video_007,test,corrupted,jpeg_compression,1,s1,0.08,0,-1.0,cloudy,night,urban,none,30,1280x720,128,corrupted/jpeg_compression/s1/S08_jpeg_compression_s1.mp4,"{""severity"":0.08,""quality"":89,""encode_ok"":true}",0.947560,0.138918,vignetting,0.997737,"{""haze_fog"":7.5e-05,""rain"":8e-06,""snow"":0.0,""low_light"":0.804566,""motion_blur"":0.007776,""defocus_blur"":0.234278,""glare_flare"":0.2279,""vignetting"":0.997737,""sensor_noise"":0.0,""exposure_shift"":0.594693,""compression"":0.562248,""lens_occlusion"":0.023333}","{""haze_fog"":0.332558,""rain"":0.081411,""snow"":0.012361,""low_light"":0.200107,""motion_blur"":0.225015,""defocus_blur"":0.186867,""glare_flare"":0.192734,""vignetting"":0.544189,""sensor_noise"":0.002797,""exposure_shift"":0.439722,""compression"":0.220291,""lens_occlusion"":0.15602}","[{""issue"":""vignetting"",""prob"":0.997737},{""issue"":""low_light"",""prob"":0.804566},{""issue"":""exposure_shift"",""prob"":0.594693},{""issue"":""compression"",""prob"":0.562248}]"
S08_jpeg_compression_s2,S08,video_007,test,corrupted,jpeg_compression,2,s2,0.18,0,-1.0,cloudy,night,urban,none,30,1280x720,128,corrupted/jpeg_compression/s2/S08_jpeg_compression_s2.mp4,"{""severity"":0.18,""quality"":82,""encode_ok"":true}",0.879678,0.135196,vignetting,0.995017,"{""haze_fog"":8.6e-05,""rain"":4e-06,""snow"":0.0,""low_light"":0.804302,""motion_blur"":0.008722,""defocus_blur"":0.236807,""glare_flare"":0.210095,""vignetting"":0.995017,""sensor_noise"":0.0,""exposure_shift"":0.62112,""compression"":0.516784,""lens_occlusion"":0.019874}","{""haze_fog"":0.314223,""rain"":0.079081,""snow"":0.013187,""low_light"":0.204604,""motion_blur"":0.219286,""defocus_blur"":0.188205,""glare_flare"":0.187307,""vignetting"":0.53537,""sensor_noise"":0.002536,""exposure_shift"":0.448596,""compression"":0.227822,""lens_occlusion"":0.149816}","[{""issue"":""vignetting"",""prob"":0.995017},{""issue"":""low_light"",""prob"":0.804302},{""issue"":""exposure_shift"",""prob"":0.62112},{""issue"":""compression"",""prob"":0.516784}]"
S08_jpeg_compression_s3,S08,video_007,test,corrupted,jpeg_compression,3,s3,0.35,0,-1.0,cloudy,night,urban,none,30,1280x720,128,corrupted/jpeg_compression/s3/S08_jpeg_compression_s3.mp4,"{""severity"":0.35,""quality"":66,""encode_ok"":true}",0.757080,0.126617,vignetting,0.998399,"{""haze_fog"":8.9e-05,""rain"":8e-06,""snow"":0.0,""low_light"":0.788871,""motion_blur"":0.011341,""defocus_blur"":0.256513,""glare_flare"":0.140147,""vignetting"":0.998399,""sensor_noise"":0.0,""exposure_shift"":0.620313,""compression"":0.593053,""lens_occlusion"":0.017823}","{""haze_fog"":0.310794,""rain"":0.081452,""snow"":0.017216,""low_light"":0.214432,""motion_blur"":0.20518,""defocus_blur"":0.188307,""glare_flare"":0.192369,""vignetting"":0.530648,""sensor_noise"":0.002767,""exposure_shift"":0.462472,""compression"":0.256946,""lens_occlusion"":0.141122}","[{""issue"":""vignetting"",""prob"":0.998399},{""issue"":""low_light"",""prob"":0.788871},{""issue"":""exposure_shift"",""prob"":0.620313},{""issue"":""compression"",""prob"":0.593053},{""issue"":""defocus_blur"",""prob"":0.256513}]"
S08_jpeg_compression_s4,S08,video_007,test,corrupted,jpeg_compression,4,s4,0.55,0,-1.0,cloudy,night,urban,none,30,1280x720,128,corrupted/jpeg_compression/s4/S08_jpeg_compression_s4.mp4,"{""severity"":0.55,""quality"":51,""encode_ok"":true}",0.597001,0.090008,vignetting,0.997750,"{""haze_fog"":2.6e-05,""rain"":2.5e-05,""snow"":0.0,""low_light"":0.78229,""motion_blur"":0.008515,""defocus_blur"":0.313384,""glare_flare"":0.165662,""vignetting"":0.99775,""sensor_noise"":0.0,""exposure_shift"":0.758269,""compression"":0.505867,""lens_occlusion"":0.021313}","{""haze_fog"":0.259922,""rain"":0.070515,""snow"":0.016555,""low_light"":0.219249,""motion_blur"":0.215431,""defocus_blur"":0.210039,""glare_flare"":0.190838,""vignetting"":0.53459,""sensor_noise"":0.002188,""exposure_shift"":0.527833,""compression"":0.309775,""lens_occlusion"":0.139832}","[{""issue"":""vignetting"",""prob"":0.99775},{""issue"":""low_light"",""prob"":0.78229},{""issue"":""exposure_shift"",""prob"":0.758269},{""issue"":""compression"",""prob"":0.505867},{""issue"":""defocus_blur"",""prob"":0.313384}]"
S08_jpeg_compression_s5,S08,video_007,test,corrupted,jpeg_compression,5,s5,0.75,0,-1.0,cloudy,night,urban,none,30,1280x720,128,corrupted/jpeg_compression/s5/S08_jpeg_compression_s5.mp4,"{""severity"":0.75,""quality"":30,""encode_ok"":true}",0.408384,0.061258,vignetting,0.969294,"{""haze_fog"":8e-06,""rain"":2e-06,""snow"":2e-06,""low_light"":0.775765,""motion_blur"":0.004426,""defocus_blur"":0.362306,""glare_flare"":0.129346,""vignetting"":0.969294,""sensor_noise"":0.0,""exposure_shift"":0.894845,""compression"":0.465875,""lens_occlusion"":0.011812}","{""haze_fog"":0.186441,""rain"":0.09296,""snow"":0.029769,""low_light"":0.20714,""motion_blur"":0.227103,""defocus_blur"":0.262719,""glare_flare"":0.186129,""vignetting"":0.56811,""sensor_noise"":0.002051,""exposure_shift"":0.604385,""compression"":0.428562,""lens_occlusion"":0.116643}","[{""issue"":""vignetting"",""prob"":0.969294},{""issue"":""exposure_shift"",""prob"":0.894845},{""issue"":""low_light"",""prob"":0.775765},{""issue"":""compression"",""prob"":0.465875},{""issue"":""defocus_blur"",""prob"":0.362306}]"
S09_clean,S09,video_014,test,clean,clean,0,s0,0.0,1,1.0,sunny,day,urban,low,30,1280x720,128,clean_clips/S09_clean.mp4,{},1.000000,0.342700,compression,0.999960,"{""haze_fog"":0.440921,""rain"":8.6e-05,""snow"":0.000227,""low_light"":0.000666,""motion_blur"":0.0,""defocus_blur"":0.006813,""glare_flare"":0.021611,""vignetting"":0.358654,""sensor_noise"":0.0,""exposure_shift"":0.678026,""compression"":0.99996,""lens_occlusion"":0.019542}","{""haze_fog"":0.095021,""rain"":0.131571,""snow"":0.060416,""low_light"":0.090759,""motion_blur"":0.004326,""defocus_blur"":0.013911,""glare_flare"":0.171631,""vignetting"":0.137148,""sensor_noise"":0.001602,""exposure_shift"":0.184977,""compression"":0.042763,""lens_occlusion"":0.121884}","[{""issue"":""compression"",""prob"":0.99996},{""issue"":""exposure_shift"",""prob"":0.678026},{""issue"":""haze_fog"",""prob"":0.440921},{""issue"":""vignetting"",""prob"":0.358654}]"
S09_fog_s1,S09,video_014,test,corrupted,fog,1,s1,0.08,0,-1.0,sunny,day,urban,low,30,1280x720,128,corrupted/fog/s1/S09_fog_s1.mp4,"{""mask_mean"":0.23944500088691711,""severity"":0.08,""k"":0.896,""gamma"":0.7,""depth_shift"":0.3,""distance_exp"":1.5,""t_min"":0.25,""contrast_scale"":0.95,""darken_factor"":0.88,""blur_kernel"":5,""A"":[0.4414692521095276,0.4647044539451599,0.4879396855831146],""depth_min"":0.0,""depth_max"":1.0}",0.911980,0.049483,exposure_shift,0.999756,"{""haze_fog"":0.453011,""rain"":0.000593,""snow"":0.000557,""low_light"":0.0,""motion_blur"":0.039793,""defocus_blur"":0.05327,""glare_flare"":0.002452,""vignetting"":0.00054,""sensor_noise"":0.000806,""exposure_shift"":0.999756,""compression"":0.999499,""lens_occlusion"":0.00927}","{""haze_fog"":0.149284,""rain"":0.35273,""snow"":0.124862,""low_light"":0.037923,""motion_blur"":0.152265,""defocus_blur"":0.196085,""glare_flare"":0.159964,""vignetting"":0.070993,""sensor_noise"":0.056143,""exposure_shift"":0.64723,""compression"":0.595709,""lens_occlusion"":0.114929}","[{""issue"":""exposure_shift"",""prob"":0.999756},{""issue"":""compression"",""prob"":0.999499},{""issue"":""haze_fog"",""prob"":0.453011}]"
S09_fog_s2,S09,video_014,test,corrupted,fog,2,s2,0.18,0,-1.0,sunny,day,urban,low,30,1280x720,128,corrupted/fog/s2/S09_fog_s2.mp4,"{""mask_mean"":0.2648865282535553,""severity"":0.18,""k"":1.016,""gamma"":0.7,""depth_shift"":0.3,""distance_exp"":1.5,""t_min"":0.25,""contrast_scale"":0.95,""darken_factor"":0.88,""blur_kernel"":5,""A"":[0.4804691672325134,0.5057570338249207,0.5310448408126831],""depth_min"":0.0,""depth_max"":1.0}",0.803090,0.044410,exposure_shift,0.999716,"{""haze_fog"":0.56285,""rain"":0.000975,""snow"":0.000537,""low_light"":0.0,""motion_blur"":0.066005,""defocus_blur"":0.056101,""glare_flare"":0.002539,""vignetting"":0.000434,""sensor_noise"":0.000799,""exposure_shift"":0.999716,""compression"":0.999561,""lens_occlusion"":0.011645}","{""haze_fog"":0.163835,""rain"":0.358288,""snow"":0.125971,""low_light"":0.042041,""motion_blur"":0.164247,""defocus_blur"":0.204226,""glare_flare"":0.169189,""vignetting"":0.069969,""sensor_noise"":0.058729,""exposure_shift"":0.667834,""compression"":0.596931,""lens_occlusion"":0.118157}","[{""issue"":""exposure_shift"",""prob"":0.999716},{""issue"":""compression"",""prob"":0.999561},{""issue"":""haze_fog"",""prob"":0.56285}]"
S09_fog_s3,S09,video_014,test,corrupted,fog,3,s3,0.35,0,-1.0,sunny,day,urban,low,30,1280x720,128,corrupted/fog/s3/S09_fog_s3.mp4,"{""mask_mean"":0.3051982522010803,""severity"":0.35,""k"":1.22,""gamma"":0.7,""depth_shift"":0.3,""distance_exp"":1.5,""t_min"":0.25,""contrast_scale"":0.95,""darken_factor"":0.88,""blur_kernel"":5,""A"":[0.5196257829666138,0.5469745397567749,0.5743232369422913],""depth_min"":0.0,""depth_max"":1.0}",0.621254,0.036002,exposure_shift,0.999823,"{""haze_fog"":0.576309,""rain"":0.000939,""snow"":0.00081,""low_light"":0.0,""motion_blur"":0.040139,""defocus_blur"":0.056512,""glare_flare"":0.003054,""vignetting"":0.000178,""sensor_noise"":0.000633,""exposure_shift"":0.999823,""compression"":0.999576,""lens_occlusion"":0.010019}","{""haze_fog"":0.16111,""rain"":0.361957,""snow"":0.123715,""low_light"":0.043977,""motion_blur"":0.158431,""defocus_blur"":0.196603,""glare_flare"":0.169386,""vignetting"":0.072484,""sensor_noise"":0.062945,""exposure_shift"":0.692028,""compression"":0.581654,""lens_occlusion"":0.114666}","[{""issue"":""exposure_shift"",""prob"":0.999823},{""issue"":""compression"",""prob"":0.999576},{""issue"":""haze_fog"",""prob"":0.576309}]"
S09_fog_s4,S09,video_014,test,corrupted,fog,4,s4,0.55,0,-1.0,sunny,day,urban,low,30,1280x720,128,corrupted/fog/s4/S09_fog_s4.mp4,"{""mask_mean"":0.3482896387577057,""severity"":0.55,""k"":1.46,""gamma"":0.7,""depth_shift"":0.3,""distance_exp"":1.5,""t_min"":0.25,""contrast_scale"":0.95,""darken_factor"":0.88,""blur_kernel"":5,""A"":[0.403258740901947,0.42448288202285767,0.4457070231437683],""depth_min"":0.0,""depth_max"":1.0}",0.413809,0.030861,exposure_shift,0.999801,"{""haze_fog"":0.635695,""rain"":0.000641,""snow"":0.000438,""low_light"":0.0,""motion_blur"":0.043987,""defocus_blur"":0.060952,""glare_flare"":0.003155,""vignetting"":9.5e-05,""sensor_noise"":0.000445,""exposure_shift"":0.999801,""compression"":0.99937,""lens_occlusion"":0.006317}","{""haze_fog"":0.157658,""rain"":0.362117,""snow"":0.109534,""low_light"":0.04658,""motion_blur"":0.171115,""defocus_blur"":0.201664,""glare_flare"":0.172019,""vignetting"":0.075351,""sensor_noise"":0.06644,""exposure_shift"":0.712301,""compression"":0.567216,""lens_occlusion"":0.11069}","[{""issue"":""exposure_shift"",""prob"":0.999801},{""issue"":""compression"",""prob"":0.99937},{""issue"":""haze_fog"",""prob"":0.635695}]"
S09_fog_s5,S09,video_014,test,corrupted,fog,5,s5,0.75,0,-1.0,sunny,day,urban,low,30,1280x720,128,corrupted/fog/s5/S09_fog_s5.mp4,"{""mask_mean"":0.38717496395111084,""severity"":0.75,""k"":1.7,""gamma"":0.7,""depth_shift"":0.3,""distance_exp"":1.5,""t_min"":0.25,""contrast_scale"":0.95,""darken_factor"":0.88,""blur_kernel"":5,""A"":[0.5105027556419373,0.5373712778091431,0.5642398595809937],""depth_min"":0.0,""depth_max"":1.0}",0.216134,0.029109,exposure_shift,0.999792,"{""haze_fog"":0.685443,""rain"":0.000658,""snow"":0.000508,""low_light"":0.0,""motion_blur"":0.031047,""defocus_blur"":0.063825,""glare_flare"":0.003323,""vignetting"":6.8e-05,""sensor_noise"":0.000663,""exposure_shift"":0.999792,""compression"":0.999313,""lens_occlusion"":0.005997}","{""haze_fog"":0.162074,""rain"":0.365552,""snow"":0.115941,""low_light"":0.052916,""motion_blur"":0.167953,""defocus_blur"":0.208856,""glare_flare"":0.17568,""vignetting"":0.072577,""sensor_noise"":0.077382,""exposure_shift"":0.720238,""compression"":0.5722,""lens_occlusion"":0.111503}","[{""issue"":""exposure_shift"",""prob"":0.999792},{""issue"":""compression"",""prob"":0.999313},{""issue"":""haze_fog"",""prob"":0.685443}]"
S09_rain_s1,S09,video_014,test,corrupted,rain,1,s1,0.08,0,-1.0,sunny,day,urban,low,30,1280x720,128,corrupted/rain/s1/S09_rain_s1.mp4,"{""mask_mean"":0.011237169615924358,""severity"":0.08,""alpha"":0.0888992651819193,""eta"":0.653767053476619,""depth_separation_exp"":1.6,""density"":0.0016716690684062058,""density_far"":0.001086584894464034,""density_near"":0.000585084173942172,""base_angle_deg"":74.43428701087126,""far_angle_deg"":73.0548704715034,""near_angle_deg"":69.72823054930261,""blur_sigma"":0.29440915682581903,""invert_depth"":false,""multilayer"":true,""rainy_tone"":true,""apply_rain_haze"":true,""rain_haze_strength"":0.041999999999999996,""apply_overcast_sky"":true,""overcast_mask_mean"":0.02091820165514946,""extra_desat"":0.0048,""patchiness"":true,""brightness_randomness"":false,""apply_visibility_blur"":false,""visibility_blur_sigma"":0.0,""device"":""cuda""}",0.925000,0.274676,compression,0.999958,"{""haze_fog"":0.425805,""rain"":6.6e-05,""snow"":0.872196,""low_light"":0.000111,""motion_blur"":0.0,""defocus_blur"":0.004039,""glare_flare"":0.006756,""vignetting"":0.143663,""sensor_noise"":0.0,""exposure_shift"":0.87813,""compression"":0.999958,""lens_occlusion"":0.009565}","{""haze_fog"":0.099017,""rain"":0.118667,""snow"":0.108987,""low_light"":0.101692,""motion_blur"":0.002453,""defocus_blur"":0.010117,""glare_flare"":0.169619,""vignetting"":0.13775,""sensor_noise"":0.002595,""exposure_shift"":0.232937,""compression"":0.03807,""lens_occlusion"":0.135527}","[{""issue"":""compression"",""prob"":0.999958},{""issue"":""exposure_shift"",""prob"":0.87813},{""issue"":""snow"",""prob"":0.872196},{""issue"":""haze_fog"",""prob"":0.425805}]"
S09_rain_s2,S09,video_014,test,corrupted,rain,2,s2,0.18,0,-1.0,sunny,day,urban,low,30,1280x720,128,corrupted/rain/s2/S09_rain_s2.mp4,"{""mask_mean"":0.014222177676856518,""severity"":0.18,""alpha"":0.10745966660658622,""eta"":0.7750818410315101,""depth_separation_exp"":1.6,""density"":0.0021986723242422342,""density_far"":0.0014291370107574522,""density_near"":0.000769535313484782,""base_angle_deg"":70.84885138212154,""far_angle_deg"":68.141518893084,""near_angle_deg"":64.55112620690296,""blur_sigma"":0.37065427958658254,""invert_depth"":false,""multilayer"":true,""rainy_tone"":true,""apply_rain_haze"":true,""rain_haze_strength"":0.056999999999999995,""apply_overcast_sky"":true,""overcast_mask_mean"":0.02091820165514946,""extra_desat"":0.010799999999999999,""patchiness"":true,""brightness_randomness"":false,""apply_visibility_blur"":false,""visibility_blur_sigma"":0.0,""device"":""cuda""}",0.830646,0.208362,compression,0.999980,"{""haze_fog"":0.419588,""rain"":0.000198,""snow"":0.845769,""low_light"":0.000311,""motion_blur"":0.0,""defocus_blur"":0.00312,""glare_flare"":0.004086,""vignetting"":0.143051,""sensor_noise"":0.0,""exposure_shift"":0.878712,""compression"":0.99998,""lens_occlusion"":0.014438}","{""haze_fog"":0.09441,""rain"":0.133357,""snow"":0.196361,""low_light"":0.123977,""motion_blur"":0.00192,""defocus_blur"":0.009159,""glare_flare"":0.174385,""vignetting"":0.137676,""sensor_noise"":0.003778,""exposure_shift"":0.223063,""compression"":0.03333,""lens_occlusion"":0.118758}","[{""issue"":""compression"",""prob"":0.99998},{""issue"":""exposure_shift"",""prob"":0.878712},{""issue"":""snow"",""prob"":0.845769},{""issue"":""haze_fog"",""prob"":0.419588}]"
S09_rain_s3,S09,video_014,test,corrupted,rain,3,s3,0.35,0,-1.0,sunny,day,urban,low,30,1280x720,128,corrupted/rain/s3/S09_rain_s3.mp4,"{""mask_mean"":0.0248042494058609,""severity"":0.35,""alpha"":0.15602552463599295,""eta"":0.9711812038587924,""depth_separation_exp"":1.6,""density"":0.003642693028900353,""density_far"":0.0023677504687852294,""density_near"":0.0012749425601151234,""base_angle_deg"":83.68373979050344,""far_angle_deg"":81.64663433812993,""near_angle_deg"":82.04883688481236,""blur_sigma"":0.45154002961082484,""invert_depth"":false,""multilayer"":true,""rainy_tone"":true,""apply_rain_haze"":true,""rain_haze_strength"":0.08249999999999999,""apply_overcast_sky"":true,""overcast_mask_mean"":0.02091820165514946,""extra_desat"":0.020999999999999998,""patchiness"":true,""brightness_randomness"":false,""apply_visibility_blur"":false,""visibility_blur_sigma"":0.0,""device"":""cuda""}",0.668458,0.172775,compression,0.999992,"{""haze_fog"":0.562247,""rain"":0.012375,""snow"":0.608066,""low_light"":0.00068,""motion_blur"":0.0,""defocus_blur"":0.00196,""glare_flare"":0.0044,""vignetting"":0.155008,""sensor_noise"":0.0,""exposure_shift"":0.843058,""compression"":0.999992,""lens_occlusion"":0.030097}","{""haze_fog"":0.091946,""rain"":0.181605,""snow"":0.238976,""low_light"":0.139301,""motion_blur"":0.00133,""defocus_blur"":0.007859,""glare_flare"":0.192131,""vignetting"":0.137006,""sensor_noise"":0.004555,""exposure_shift"":0.229811,""compression"":0.025789,""lens_occlusion"":0.105061}","[{""issue"":""compression"",""prob"":0.999992},{""issue"":""exposure_shift"",""prob"":0.843058},{""issue"":""snow"",""prob"":0.608066},{""issue"":""haze_fog"",""prob"":0.562247}]"
S09_rain_s4,S09,video_014,test,corrupted,rain,4,s4,0.55,0,-1.0,sunny,day,urban,low,30,1280x720,128,corrupted/rain/s4/S09_rain_s4.mp4,"{""mask_mean"":0.056111618876457214,""severity"":0.55,""alpha"":0.1851223005230436,""eta"":1.1928010866928265,""depth_separation_exp"":1.6,""density"":0.0050166634038018,""density_far"":0.0032608312124711705,""density_near"":0.00175583219133063,""base_angle_deg"":74.35843607447016,""far_angle_deg"":76.24025683994088,""near_angle_deg"":73.5359955166306,""blur_sigma"":0.5709970889070334,""invert_depth"":false,""multilayer"":true,""rainy_tone"":true,""apply_rain_haze"":true,""rain_haze_strength"":0.1125,""apply_overcast_sky"":true,""overcast_mask_mean"":0.02091820165514946,""extra_desat"":0.033,""patchiness"":true,""brightness_randomness"":false,""apply_visibility_blur"":false,""visibility_blur_sigma"":0.0,""device"":""cuda""}",0.473973,0.115699,compression,0.999997,"{""haze_fog"":0.690293,""rain"":0.144687,""snow"":0.440996,""low_light"":0.00648,""motion_blur"":0.0,""defocus_blur"":0.001148,""glare_flare"":0.002042,""vignetting"":0.088807,""sensor_noise"":3e-06,""exposure_shift"":0.680946,""compression"":0.999997,""lens_occlusion"":0.017133}","{""haze_fog"":0.076892,""rain"":0.329972,""snow"":0.406223,""low_light"":0.174505,""motion_blur"":0.000747,""defocus_blur"":0.007253,""glare_flare"":0.184535,""vignetting"":0.117933,""sensor_noise"":0.006843,""exposure_shift"":0.206981,""compression"":0.018471,""lens_occlusion"":0.069018}","[{""issue"":""compression"",""prob"":0.999997},{""issue"":""haze_fog"",""prob"":0.690293},{""issue"":""exposure_shift"",""prob"":0.680946},{""issue"":""snow"",""prob"":0.440996}]"
S09_rain_s5,S09,video_014,test,corrupted,rain,5,s5,0.75,0,-1.0,sunny,day,urban,low,30,1280x720,128,corrupted/rain/s5/S09_rain_s5.mp4,"{""mask_mean"":0.07726091891527176,""severity"":0.75,""alpha"":0.23010288501650294,""eta"":1.5103092197320653,""depth_separation_exp"":1.6,""density"":0.005921026162402445,""density_far"":0.0038486670055615894,""density_near"":0.0020723591568408556,""base_angle_deg"":85.26552641369592,""far_angle_deg"":88.40428533320349,""near_angle_deg"":80.80966191349728,""blur_sigma"":0.7139858588591548,""invert_depth"":false,""multilayer"":true,""rainy_tone"":true,""apply_rain_haze"":true,""rain_haze_strength"":0.1425,""apply_overcast_sky"":true,""overcast_mask_mean"":0.02091820165514946,""extra_desat"":0.045,""patchiness"":true,""brightness_randomness"":false,""apply_visibility_blur"":false,""visibility_blur_sigma"":0.0,""device"":""cuda""}",0.273573,0.101215,compression,0.999999,"{""haze_fog"":0.810993,""rain"":0.326418,""snow"":0.247164,""low_light"":0.019489,""motion_blur"":0.0,""defocus_blur"":0.000876,""glare_flare"":0.002062,""vignetting"":0.102979,""sensor_noise"":3e-06,""exposure_shift"":0.529449,""compression"":0.999999,""lens_occlusion"":0.028447}","{""haze_fog"":0.085285,""rain"":0.416749,""snow"":0.410615,""low_light"":0.195188,""motion_blur"":0.000643,""defocus_blur"":0.006888,""glare_flare"":0.186229,""vignetting"":0.110638,""sensor_noise"":0.006749,""exposure_shift"":0.207371,""compression"":0.016313,""lens_occlusion"":0.066359}","[{""issue"":""compression"",""prob"":0.999999},{""issue"":""haze_fog"",""prob"":0.810993},{""issue"":""exposure_shift"",""prob"":0.529449},{""issue"":""rain"",""prob"":0.326418}]"
S09_snow_s1,S09,video_014,test,corrupted,snow,1,s1,0.08,0,-1.0,sunny,day,urban,low,30,1280x720,128,corrupted/snow/s1/S09_snow_s1.mp4,"{""mask_mean"":0.008990318514406681,""severity"":0.08,""severity_scaled"":0.010606252855487957,""alpha"":0.10710776442426485,""eta"":0.6962409935717174,""depth_separation_exp"":1.4,""density"":0.0012465569366296788,""small_fraction"":0.5973484367861279,""medium_fraction"":0.3,""large_fraction"":0.10265156321387199,""small_density"":0.0007446288374606429,""medium_density"":0.00037396708098890363,""large_density"":0.0001279610181801321,""small_sigma"":0.6095456275699391,""medium_sigma"":1.4169700045687807,""large_sigma"":2.547728137849696,""invert_depth"":false,""apply_snow_haze"":true,""snow_haze_strength"":0.023818251027975666,""apply_overcast_sky"":true,""overcast_mask_mean"":0.02091820165514946,""patchiness"":true,""apply_visibility_blur"":false,""visibility_blur_sigma"":0.0,""device"":""cuda""}",0.918467,0.316710,compression,0.999971,"{""haze_fog"":0.557093,""rain"":0.000122,""snow"":0.001928,""low_light"":0.00035,""motion_blur"":0.0,""defocus_blur"":0.005862,""glare_flare"":0.008939,""vignetting"":0.314889,""sensor_noise"":0.0,""exposure_shift"":0.898815,""compression"":0.999971,""lens_occlusion"":0.01996}","{""haze_fog"":0.102071,""rain"":0.141234,""snow"":0.076443,""low_light"":0.094769,""motion_blur"":0.003489,""defocus_blur"":0.012491,""glare_flare"":0.164928,""vignetting"":0.137841,""sensor_noise"":0.001781,""exposure_shift"":0.238741,""compression"":0.03882,""lens_occlusion"":0.124186}","[{""issue"":""compression"",""prob"":0.999971},{""issue"":""exposure_shift"",""prob"":0.898815},{""issue"":""haze_fog"",""prob"":0.557093},{""issue"":""vignetting"",""prob"":0.314889}]"
S09_snow_s2,S09,video_014,test,corrupted,snow,2,s2,0.18,0,-1.0,sunny,day,urban,low,30,1280x720,128,corrupted/snow/s2/S09_snow_s2.mp4,"{""mask_mean"":0.010172856040298939,""severity"":0.18,""severity_scaled"":0.04565522728706038,""alpha"":0.12132420868873174,""eta"":0.781075274240502,""depth_separation_exp"":1.4,""density"":0.0018141679662144854,""small_fraction"":0.5885861931782348,""medium_fraction"":0.3,""large_fraction"":0.1114138068217651,""small_density"":0.0010677942170200844,""medium_density"":0.0005442503898643456,""large_density"":0.00020212335933005515,""small_sigma"":0.6410897045583543,""medium_sigma"":1.4730483636592966,""large_sigma"":2.7054485227917717,""invert_depth"":false,""apply_snow_haze"":true,""snow_haze_strength"":0.03643588182334174,""apply_overcast_sky"":true,""overcast_mask_mean"":0.02091820165514946,""patchiness"":true,""apply_visibility_blur"":false,""visibility_blur_sigma"":0.0,""device"":""cuda""}",0.816752,0.310869,compression,0.999971,"{""haze_fog"":0.531842,""rain"":8.3e-05,""snow"":0.057663,""low_light"":0.000344,""motion_blur"":0.0,""defocus_blur"":0.005734,""glare_flare"":0.008117,""vignetting"":0.272345,""sensor_noise"":0.0,""exposure_shift"":0.905003,""compression"":0.999971,""lens_occlusion"":0.025972}","{""haze_fog"":0.103066,""rain"":0.136778,""snow"":0.081572,""low_light"":0.094128,""motion_blur"":0.003365,""defocus_blur"":0.012231,""glare_flare"":0.163136,""vignetting"":0.136321,""sensor_noise"":0.001999,""exposure_shift"":0.245989,""compression"":0.039376,""lens_occlusion"":0.124245}","[{""issue"":""compression"",""prob"":0.999971},{""issue"":""exposure_shift"",""prob"":0.905003},{""issue"":""haze_fog"",""prob"":0.531842},{""issue"":""vignetting"",""prob"":0.272345}]"
S09_snow_s3,S09,video_014,test,corrupted,snow,3,s3,0.35,0,-1.0,sunny,day,urban,low,30,1280x720,128,corrupted/snow/s3/S09_snow_s3.mp4,"{""mask_mean"":0.02868150733411312,""severity"":0.35,""severity_scaled"":0.15112018613329828,""alpha"":0.16139058993060365,""eta"":0.8759643930202139,""depth_separation_exp"":1.4,""density"":0.003792875789729826,""small_fraction"":0.5622199534666754,""medium_fraction"":0.3,""large_fraction"":0.13778004653332457,""small_density"":0.0021324304500067825,""medium_density"":0.0011378627369189479,""large_density"":0.0005225826028040957,""small_sigma"":0.7360081675199684,""medium_sigma"":1.6417922978132773,""large_sigma"":3.1800408375998424,""invert_depth"":false,""apply_snow_haze"":true,""snow_haze_strength"":0.07440326700798738,""apply_overcast_sky"":true,""overcast_mask_mean"":0.02091820165514946,""patchiness"":true,""apply_visibility_blur"":false,""visibility_blur_sigma"":0.0,""device"":""cuda""}",0.644424,0.289164,compression,0.999980,"{""haze_fog"":0.536002,""rain"":4.9e-05,""snow"":0.027651,""low_light"":0.000176,""motion_blur"":0.0,""defocus_blur"":0.004596,""glare_flare"":0.004949,""vignetting"":0.207156,""sensor_noise"":0.0,""exposure_shift"":0.92742,""compression"":0.99998,""lens_occlusion"":0.018329}","{""haze_fog"":0.101284,""rain"":0.139798,""snow"":0.11201,""low_light"":0.095201,""motion_blur"":0.002705,""defocus_blur"":0.01123,""glare_flare"":0.160918,""vignetting"":0.130993,""sensor_noise"":0.002336,""exposure_shift"":0.254866,""compression"":0.03557,""lens_occlusion"":0.11254}","[{""issue"":""compression"",""prob"":0.99998},{""issue"":""exposure_shift"",""prob"":0.92742},{""issue"":""haze_fog"",""prob"":0.536002}]"
S09_snow_s4,S09,video_014,test,corrupted,snow,4,s4,0.55,0,-1.0,sunny,day,urban,low,30,1280x720,128,corrupted/snow/s4/S09_snow_s4.mp4,"{""mask_mean"":0.0776311606168747,""severity"":0.55,""severity_scaled"":0.34092028363462246,""alpha"":0.2633487407655077,""eta"":1.0673655517051834,""depth_separation_exp"":1.4,""density"":0.0072174304442264615,""small_fraction"":0.5147699290913443,""medium_fraction"":0.3,""large_fraction"":0.18523007090865562,""small_density"":0.0037153161579961654,""medium_density"":0.002165229133267938,""large_density"":0.0013368851529623573,""small_sigma"":0.9068282552711602,""medium_sigma"":1.945472453815396,""large_sigma"":4.034141276355801,""invert_depth"":false,""apply_snow_haze"":true,""snow_haze_strength"":0.14273130210846408,""apply_overcast_sky"":true,""overcast_mask_mean"":0.02091820165514946,""patchiness"":true,""apply_visibility_blur"":false,""visibility_blur_sigma"":0.0,""device"":""cuda""}",0.442871,0.265802,compression,0.999989,"{""haze_fog"":0.654853,""rain"":5.6e-05,""snow"":0.221735,""low_light"":5.8e-05,""motion_blur"":0.0,""defocus_blur"":0.002805,""glare_flare"":0.002812,""vignetting"":0.135229,""sensor_noise"":0.0,""exposure_shift"":0.959349,""compression"":0.999989,""lens_occlusion"":0.014892}","{""haze_fog"":0.104788,""rain"":0.152439,""snow"":0.177718,""low_light"":0.101156,""motion_blur"":0.001626,""defocus_blur"":0.008857,""glare_flare"":0.164589,""vignetting"":0.121242,""sensor_noise"":0.003694,""exposure_shift"":0.272172,""compression"":0.027022,""lens_occlusion"":0.101845}","[{""issue"":""compression"",""prob"":0.999989},{""issue"":""exposure_shift"",""prob"":0.959349},{""issue"":""haze_fog"",""prob"":0.654853}]"
S09_snow_s5,S09,video_014,test,corrupted,snow,5,s5,0.75,0,-1.0,sunny,day,urban,low,30,1280x720,128,corrupted/snow/s5/S09_snow_s5.mp4,"{""mask_mean"":0.1680557280778885,""severity"":0.75,""severity_scaled"":0.5958134105899568,""alpha"":0.36825652607892595,""eta"":1.3268572828442498,""depth_separation_exp"":1.4,""density"":0.01270664634534136,""small_fraction"":0.45104664735251077,""medium_fraction"":0.3,""large_fraction"":0.2489533526474892,""small_density"":0.005731290233160254,""medium_density"":0.003811993903602408,""large_density"":0.003163362208578697,""small_sigma"":1.1362320695309611,""medium_sigma"":2.353301456943931,""large_sigma"":5.181160347654806,""invert_depth"":false,""apply_snow_haze"":true,""snow_haze_strength"":0.23449282781238445,""apply_overcast_sky"":true,""overcast_mask_mean"":0.02091820165514946,""patchiness"":true,""apply_visibility_blur"":false,""visibility_blur_sigma"":0.0,""device"":""cuda""}",0.243164,0.213699,compression,0.999989,"{""haze_fog"":0.779405,""rain"":9.4e-05,""snow"":0.706983,""low_light"":2e-05,""motion_blur"":0.0,""defocus_blur"":0.002256,""glare_flare"":0.002959,""vignetting"":0.072118,""sensor_noise"":0.0,""exposure_shift"":0.976964,""compression"":0.999989,""lens_occlusion"":0.021696}","{""haze_fog"":0.11456,""rain"":0.173309,""snow"":0.289318,""low_light"":0.105321,""motion_blur"":0.001398,""defocus_blur"":0.008616,""glare_flare"":0.188584,""vignetting"":0.124641,""sensor_noise"":0.005056,""exposure_shift"":0.311138,""compression"":0.024139,""lens_occlusion"":0.102417}","[{""issue"":""compression"",""prob"":0.999989},{""issue"":""exposure_shift"",""prob"":0.976964},{""issue"":""haze_fog"",""prob"":0.779405},{""issue"":""snow"",""prob"":0.706983}]"
S09_glare_flare_s1,S09,video_014,test,corrupted,glare_flare,1,s1,0.08,0,-1.0,sunny,day,urban,low,30,1280x720,128,corrupted/glare_flare/s1/S09_glare_flare_s1.mp4,"{""severity"":0.08,""severity_scaled"":0.02262741699796952,""bright_thresh"":0.8161533391103452,""bloom_strength"":0.09289762768884263,""streak_enabled"":true,""streak_angle_deg"":-15.618703703631832,""ghosts_enabled"":true,""ghost_count"":1,""flare_mean"":0.014226316474378109,""device"":""cuda""}",0.889636,0.310123,compression,0.999978,"{""haze_fog"":0.500826,""rain"":6.6e-05,""snow"":0.002313,""low_light"":0.0,""motion_blur"":0.0,""defocus_blur"":0.006779,""glare_flare"":0.417427,""vignetting"":0.37851,""sensor_noise"":0.0,""exposure_shift"":0.410848,""compression"":0.999978,""lens_occlusion"":0.010838}","{""haze_fog"":0.101365,""rain"":0.124099,""snow"":0.048413,""low_light"":0.063031,""motion_blur"":0.007614,""defocus_blur"":0.015049,""glare_flare"":0.269486,""vignetting"":0.169144,""sensor_noise"":0.002806,""exposure_shift"":0.149038,""compression"":0.053988,""lens_occlusion"":0.136303}","[{""issue"":""compression"",""prob"":0.999978},{""issue"":""haze_fog"",""prob"":0.500826},{""issue"":""glare_flare"",""prob"":0.417427},{""issue"":""exposure_shift"",""prob"":0.410848},{""issue"":""vignetting"",""prob"":0.37851}]"
S09_glare_flare_s2,S09,video_014,test,corrupted,glare_flare,2,s2,0.18,0,-1.0,sunny,day,urban,low,30,1280x720,128,corrupted/glare_flare/s2/S09_glare_flare_s2.mp4,"{""severity"":0.18,""severity_scaled"":0.07636753236814713,""bright_thresh"":0.807017519497415,""bloom_strength"":0.12352949344984387,""streak_enabled"":true,""streak_angle_deg"":-3.750055990712765,""ghosts_enabled"":true,""ghost_count"":1,""flare_mean"":0.02070234902203083,""device"":""cuda""}",0.757049,0.293943,compression,0.999957,"{""haze_fog"":0.563308,""rain"":8.7e-05,""snow"":0.102452,""low_light"":0.0,""motion_blur"":0.0,""defocus_blur"":0.007072,""glare_flare"":0.470951,""vignetting"":0.379316,""sensor_noise"":0.0,""exposure_shift"":0.394628,""compression"":0.999957,""lens_occlusion"":0.012747}","{""haze_fog"":0.106737,""rain"":0.126007,""snow"":0.049306,""low_light"":0.057777,""motion_blur"":0.007894,""defocus_blur"":0.017296,""glare_flare"":0.295604,""vignetting"":0.178265,""sensor_noise"":0.002865,""exposure_shift"":0.146956,""compression"":0.055202,""lens_occlusion"":0.14189}","[{""issue"":""compression"",""prob"":0.999957},{""issue"":""haze_fog"",""prob"":0.563308},{""issue"":""glare_flare"",""prob"":0.470951},{""issue"":""exposure_shift"",""prob"":0.394628},{""issue"":""vignetting"",""prob"":0.379316}]"
S09_glare_flare_s3,S09,video_014,test,corrupted,glare_flare,3,s3,0.35,0,-1.0,sunny,day,urban,low,30,1280x720,128,corrupted/glare_flare/s3/S09_glare_flare_s3.mp4,"{""severity"":0.35,""severity_scaled"":0.20706279240848655,""bright_thresh"":0.7847993252905573,""bloom_strength"":0.19802579167283735,""streak_enabled"":true,""streak_angle_deg"":0.9682377196854048,""ghosts_enabled"":true,""ghost_count"":2,""flare_mean"":0.04369859769940376,""device"":""cuda""}",0.546526,0.208850,compression,0.987442,"{""haze_fog"":0.575075,""rain"":0.000431,""snow"":0.178244,""low_light"":0.0,""motion_blur"":0.0,""defocus_blur"":0.007977,""glare_flare"":0.657517,""vignetting"":0.427888,""sensor_noise"":0.0,""exposure_shift"":0.326325,""compression"":0.987442,""lens_occlusion"":0.057964}","{""haze_fog"":0.116611,""rain"":0.134331,""snow"":0.047516,""low_light"":0.050061,""motion_blur"":0.010537,""defocus_blur"":0.021784,""glare_flare"":0.382473,""vignetting"":0.218171,""sensor_noise"":0.003811,""exposure_shift"":0.152651,""compression"":0.059054,""lens_occlusion"":0.17756}","[{""issue"":""compression"",""prob"":0.987442},{""issue"":""glare_flare"",""prob"":0.657517},{""issue"":""haze_fog"",""prob"":0.575075},{""issue"":""vignetting"",""prob"":0.427888},{""issue"":""exposure_shift"",""prob"":0.326325}]"
S09_glare_flare_s4,S09,video_014,test,corrupted,glare_flare,4,s4,0.55,0,-1.0,sunny,day,urban,low,30,1280x720,128,corrupted/glare_flare/s4/S09_glare_flare_s4.mp4,"{""severity"":0.55,""severity_scaled"":0.4078909167902615,""bright_thresh"":0.7506585441456555,""bloom_strength"":0.3124978225704491,""streak_enabled"":true,""streak_angle_deg"":-2.6630261547271843,""ghosts_enabled"":true,""ghost_count"":3,""flare_mean"":0.10391013324260712,""device"":""cuda""}",0.326310,0.111231,compression,0.874741,"{""haze_fog"":0.582116,""rain"":0.000417,""snow"":0.279664,""low_light"":0.0,""motion_blur"":0.0,""defocus_blur"":0.010731,""glare_flare"":0.653327,""vignetting"":0.438531,""sensor_noise"":0.0,""exposure_shift"":0.244481,""compression"":0.874741,""lens_occlusion"":0.139226}","{""haze_fog"":0.158875,""rain"":0.122991,""snow"":0.043245,""low_light"":0.050082,""motion_blur"":0.016691,""defocus_blur"":0.032704,""glare_flare"":0.505008,""vignetting"":0.303822,""sensor_noise"":0.01031,""exposure_shift"":0.198989,""compression"":0.06172,""lens_occlusion"":0.250001}","[{""issue"":""compression"",""prob"":0.874741},{""issue"":""glare_flare"",""prob"":0.653327},{""issue"":""haze_fog"",""prob"":0.582116},{""issue"":""vignetting"",""prob"":0.438531},{""issue"":""snow"",""prob"":0.279664}]"
S09_glare_flare_s5,S09,video_014,test,corrupted,glare_flare,5,s5,0.75,0,-1.0,sunny,day,urban,low,30,1280x720,128,corrupted/glare_flare/s5/S09_glare_flare_s5.mp4,"{""severity"":0.75,""severity_scaled"":0.649519052838329,""bright_thresh"":0.709581761017484,""bloom_strength"":0.4502258601178476,""streak_enabled"":true,""streak_angle_deg"":0.2562563291560913,""ghosts_enabled"":true,""ghost_count"":4,""flare_mean"":0.2189662754535675,""device"":""cuda""}",0.143091,0.069154,compression,0.844664,"{""haze_fog"":0.431503,""rain"":0.001142,""snow"":0.625549,""low_light"":0.0,""motion_blur"":0.0,""defocus_blur"":0.010918,""glare_flare"":0.63511,""vignetting"":0.328096,""sensor_noise"":0.0,""exposure_shift"":0.271337,""compression"":0.844664,""lens_occlusion"":0.093298}","{""haze_fog"":0.220407,""rain"":0.110101,""snow"":0.032414,""low_light"":0.05991,""motion_blur"":0.022991,""defocus_blur"":0.052363,""glare_flare"":0.611519,""vignetting"":0.462079,""sensor_noise"":0.028964,""exposure_shift"":0.298818,""compression"":0.045102,""lens_occlusion"":0.257982}","[{""issue"":""compression"",""prob"":0.844664},{""issue"":""glare_flare"",""prob"":0.63511},{""issue"":""snow"",""prob"":0.625549},{""issue"":""haze_fog"",""prob"":0.431503},{""issue"":""vignetting"",""prob"":0.328096},{""issue"":""exposure_shift"",""prob"":0.271337}]"
S09_motion_blur_s1,S09,video_014,test,corrupted,motion_blur,1,s1,0.08,0,-1.0,sunny,day,urban,low,30,1280x720,128,corrupted/motion_blur/s1/S09_motion_blur_s1.mp4,"{""severity"":0.08,""ksize"":11,""n_points"":11,""accel"":0.06536167323052473,""linear"":false,""psf_smooth_sigma"":0.08725047019806267}",0.896599,0.217481,compression,0.999936,"{""haze_fog"":0.519863,""rain"":0.000262,""snow"":0.000111,""low_light"":2e-05,""motion_blur"":0.335181,""defocus_blur"":0.023315,""glare_flare"":0.017482,""vignetting"":0.355957,""sensor_noise"":6e-06,""exposure_shift"":0.514942,""compression"":0.999936,""lens_occlusion"":0.020096}","{""haze_fog"":0.240077,""rain"":0.178357,""snow"":0.074736,""low_light"":0.071184,""motion_blur"":0.106826,""defocus_blur"":0.085844,""glare_flare"":0.184142,""vignetting"":0.133303,""sensor_noise"":0.015911,""exposure_shift"":0.267134,""compression"":0.400824,""lens_occlusion"":0.148154}","[{""issue"":""compression"",""prob"":0.999936},{""issue"":""haze_fog"",""prob"":0.519863},{""issue"":""exposure_shift"",""prob"":0.514942},{""issue"":""vignetting"",""prob"":0.355957},{""issue"":""motion_blur"",""prob"":0.335181}]"
S09_motion_blur_s2,S09,video_014,test,corrupted,motion_blur,2,s2,0.18,0,-1.0,sunny,day,urban,low,30,1280x720,128,corrupted/motion_blur/s2/S09_motion_blur_s2.mp4,"{""severity"":0.18,""ksize"":13,""n_points"":14,""accel"":0.14987422883611645,""linear"":true,""psf_smooth_sigma"":0.23252629673264116}",0.771227,0.233979,compression,0.999964,"{""haze_fog"":0.498566,""rain"":0.000246,""snow"":0.002574,""low_light"":1e-06,""motion_blur"":0.301145,""defocus_blur"":0.024411,""glare_flare"":0.012923,""vignetting"":0.363595,""sensor_noise"":3e-06,""exposure_shift"":0.445282,""compression"":0.999964,""lens_occlusion"":0.009532}","{""haze_fog"":0.238648,""rain"":0.187586,""snow"":0.079411,""low_light"":0.07295,""motion_blur"":0.106606,""defocus_blur"":0.08652,""glare_flare"":0.186544,""vignetting"":0.129148,""sensor_noise"":0.013476,""exposure_shift"":0.24973,""compression"":0.395342,""lens_occlusion"":0.138857}","[{""issue"":""compression"",""prob"":0.999964},{""issue"":""haze_fog"",""prob"":0.498566},{""issue"":""exposure_shift"",""prob"":0.445282},{""issue"":""vignetting"",""prob"":0.363595},{""issue"":""motion_blur"",""prob"":0.301145}]"
S09_motion_blur_s3,S09,video_014,test,corrupted,motion_blur,3,s3,0.35,0,-1.0,sunny,day,urban,low,30,1280x720,128,corrupted/motion_blur/s3/S09_motion_blur_s3.mp4,"{""severity"":0.35,""ksize"":19,""n_points"":19,""accel"":0.2763853384157385,""linear"":true,""psf_smooth_sigma"":0.4455982170521864}",0.568989,0.139090,compression,0.999855,"{""haze_fog"":0.510972,""rain"":3.3e-05,""snow"":0.0001,""low_light"":1e-06,""motion_blur"":0.988318,""defocus_blur"":0.027123,""glare_flare"":0.031976,""vignetting"":0.334354,""sensor_noise"":5e-06,""exposure_shift"":0.398285,""compression"":0.999855,""lens_occlusion"":0.011279}","{""haze_fog"":0.263003,""rain"":0.178795,""snow"":0.075486,""low_light"":0.082096,""motion_blur"":0.241165,""defocus_blur"":0.10246,""glare_flare"":0.225644,""vignetting"":0.134814,""sensor_noise"":0.024683,""exposure_shift"":0.324618,""compression"":0.481399,""lens_occlusion"":0.154823}","[{""issue"":""compression"",""prob"":0.999855},{""issue"":""motion_blur"",""prob"":0.988318},{""issue"":""haze_fog"",""prob"":0.510972},{""issue"":""exposure_shift"",""prob"":0.398285},{""issue"":""vignetting"",""prob"":0.334354}]"
S09_motion_blur_s4,S09,video_014,test,corrupted,motion_blur,4,s4,0.55,0,-1.0,sunny,day,urban,low,30,1280x720,128,corrupted/motion_blur/s4/S09_motion_blur_s4.mp4,"{""severity"":0.55,""ksize"":27,""n_points"":26,""accel"":0.4797004536760214,""linear"":true,""psf_smooth_sigma"":0.6716674356589123}",0.351605,0.062754,compression,0.999691,"{""haze_fog"":0.483109,""rain"":9.5e-05,""snow"":0.000351,""low_light"":1.2e-05,""motion_blur"":0.994323,""defocus_blur"":0.029274,""glare_flare"":0.033815,""vignetting"":0.286123,""sensor_noise"":0.000144,""exposure_shift"":0.484564,""compression"":0.999691,""lens_occlusion"":0.014977}","{""haze_fog"":0.242608,""rain"":0.230465,""snow"":0.113576,""low_light"":0.081291,""motion_blur"":0.354258,""defocus_blur"":0.124943,""glare_flare"":0.25814,""vignetting"":0.130645,""sensor_noise"":0.040577,""exposure_shift"":0.333959,""compression"":0.571167,""lens_occlusion"":0.160322}","[{""issue"":""compression"",""prob"":0.999691},{""issue"":""motion_blur"",""prob"":0.994323},{""issue"":""exposure_shift"",""prob"":0.484564},{""issue"":""haze_fog"",""prob"":0.483109},{""issue"":""vignetting"",""prob"":0.286123}]"
S09_motion_blur_s5,S09,video_014,test,corrupted,motion_blur,5,s5,0.75,0,-1.0,sunny,day,urban,low,30,1280x720,128,corrupted/motion_blur/s5/S09_motion_blur_s5.mp4,"{""severity"":0.75,""ksize"":33,""n_points"":32,""accel"":0.5911068198332211,""linear"":true,""psf_smooth_sigma"":0.9255433070948508}",0.162893,0.036385,motion_blur,0.999443,"{""haze_fog"":0.417752,""rain"":4e-06,""snow"":8.3e-05,""low_light"":2e-06,""motion_blur"":0.999443,""defocus_blur"":0.035796,""glare_flare"":0.045269,""vignetting"":0.357112,""sensor_noise"":6.9e-05,""exposure_shift"":0.549837,""compression"":0.999281,""lens_occlusion"":0.024383}","{""haze_fog"":0.256245,""rain"":0.205073,""snow"":0.082925,""low_light"":0.095531,""motion_blur"":0.518295,""defocus_blur"":0.123813,""glare_flare"":0.267713,""vignetting"":0.137295,""sensor_noise"":0.034508,""exposure_shift"":0.360863,""compression"":0.556698,""lens_occlusion"":0.176276}","[{""issue"":""motion_blur"",""prob"":0.999443},{""issue"":""compression"",""prob"":0.999281},{""issue"":""exposure_shift"",""prob"":0.549837},{""issue"":""haze_fog"",""prob"":0.417752},{""issue"":""vignetting"",""prob"":0.357112}]"
S09_defocus_blur_s1,S09,video_014,test,corrupted,defocus_blur,1,s1,0.08,0,-1.0,sunny,day,urban,low,30,1280x720,128,corrupted/defocus_blur/s1/S09_defocus_blur_s1.mp4,"{""severity"":0.08,""sigma_max_eff"":2.4,""d_f"":0.7802814245223999,""invert_depth"":true,""n_layers"":16}",0.896599,0.342662,compression,0.999960,"{""haze_fog"":0.441065,""rain"":8.6e-05,""snow"":0.000227,""low_light"":0.000666,""motion_blur"":0.0,""defocus_blur"":0.00681,""glare_flare"":0.021593,""vignetting"":0.358747,""sensor_noise"":0.0,""exposure_shift"":0.677937,""compression"":0.99996,""lens_occlusion"":0.019543}","{""haze_fog"":0.09502,""rain"":0.131596,""snow"":0.060453,""low_light"":0.090759,""motion_blur"":0.004325,""defocus_blur"":0.013906,""glare_flare"":0.171604,""vignetting"":0.137186,""sensor_noise"":0.001602,""exposure_shift"":0.184952,""compression"":0.042758,""lens_occlusion"":0.121872}","[{""issue"":""compression"",""prob"":0.99996},{""issue"":""exposure_shift"",""prob"":0.677937},{""issue"":""haze_fog"",""prob"":0.441065},{""issue"":""vignetting"",""prob"":0.358747}]"
S09_defocus_blur_s2,S09,video_014,test,corrupted,defocus_blur,2,s2,0.18,0,-1.0,sunny,day,urban,low,30,1280x720,128,corrupted/defocus_blur/s2/S09_defocus_blur_s2.mp4,"{""severity"":0.18,""sigma_max_eff"":5.3999999999999995,""d_f"":0.7802814245223999,""invert_depth"":true,""n_layers"":16}",0.771227,0.342746,compression,0.999960,"{""haze_fog"":0.44132,""rain"":8.6e-05,""snow"":0.000226,""low_light"":0.000668,""motion_blur"":0.0,""defocus_blur"":0.006814,""glare_flare"":0.021671,""vignetting"":0.358533,""sensor_noise"":0.0,""exposure_shift"":0.678639,""compression"":0.99996,""lens_occlusion"":0.019568}","{""haze_fog"":0.095013,""rain"":0.131601,""snow"":0.060443,""low_light"":0.090773,""motion_blur"":0.00433,""defocus_blur"":0.013915,""glare_flare"":0.171655,""vignetting"":0.137144,""sensor_noise"":0.001604,""exposure_shift"":0.18506,""compression"":0.042779,""lens_occlusion"":0.121872}","[{""issue"":""compression"",""prob"":0.99996},{""issue"":""exposure_shift"",""prob"":0.678639},{""issue"":""haze_fog"",""prob"":0.44132},{""issue"":""vignetting"",""prob"":0.358533}]"
S09_defocus_blur_s3,S09,video_014,test,corrupted,defocus_blur,3,s3,0.35,0,-1.0,sunny,day,urban,low,30,1280x720,128,corrupted/defocus_blur/s3/S09_defocus_blur_s3.mp4,"{""severity"":0.35,""sigma_max_eff"":10.5,""d_f"":0.7802814245223999,""invert_depth"":true,""n_layers"":16}",0.568989,0.340776,compression,0.999971,"{""haze_fog"":0.445424,""rain"":7.3e-05,""snow"":0.000426,""low_light"":0.000371,""motion_blur"":0.0,""defocus_blur"":0.00676,""glare_flare"":0.020398,""vignetting"":0.358664,""sensor_noise"":0.0,""exposure_shift"":0.665634,""compression"":0.999971,""lens_occlusion"":0.021308}","{""haze_fog"":0.096762,""rain"":0.131539,""snow"":0.060642,""low_light"":0.090134,""motion_blur"":0.004431,""defocus_blur"":0.014121,""glare_flare"":0.170722,""vignetting"":0.135329,""sensor_noise"":0.001767,""exposure_shift"":0.186267,""compression"":0.043496,""lens_occlusion"":0.122907}","[{""issue"":""compression"",""prob"":0.999971},{""issue"":""exposure_shift"",""prob"":0.665634},{""issue"":""haze_fog"",""prob"":0.445424},{""issue"":""vignetting"",""prob"":0.358664}]"
S09_defocus_blur_s4,S09,video_014,test,corrupted,defocus_blur,4,s4,0.55,0,-1.0,sunny,day,urban,low,30,1280x720,128,corrupted/defocus_blur/s4/S09_defocus_blur_s4.mp4,"{""severity"":0.55,""sigma_max_eff"":16.5,""d_f"":0.7802814245223999,""invert_depth"":true,""n_layers"":16}",0.351605,0.331546,compression,0.999986,"{""haze_fog"":0.571912,""rain"":9e-05,""snow"":9.7e-05,""low_light"":1.7e-05,""motion_blur"":0.0,""defocus_blur"":0.007787,""glare_flare"":0.034367,""vignetting"":0.352353,""sensor_noise"":0.0,""exposure_shift"":0.63676,""compression"":0.999986,""lens_occlusion"":0.016504}","{""haze_fog"":0.125537,""rain"":0.149655,""snow"":0.065179,""low_light"":0.073005,""motion_blur"":0.007097,""defocus_blur"":0.020277,""glare_flare"":0.174425,""vignetting"":0.122267,""sensor_noise"":0.003565,""exposure_shift"":0.209981,""compression"":0.072577,""lens_occlusion"":0.114572}","[{""issue"":""compression"",""prob"":0.999986},{""issue"":""exposure_shift"",""prob"":0.63676},{""issue"":""haze_fog"",""prob"":0.571912},{""issue"":""vignetting"",""prob"":0.352353}]"
S09_defocus_blur_s5,S09,video_014,test,corrupted,defocus_blur,5,s5,0.75,0,-1.0,sunny,day,urban,low,30,1280x720,128,corrupted/defocus_blur/s5/S09_defocus_blur_s5.mp4,"{""severity"":0.75,""sigma_max_eff"":22.5,""d_f"":0.7802814245223999,""invert_depth"":true,""n_layers"":16}",0.162893,0.321057,compression,0.999986,"{""haze_fog"":0.644592,""rain"":0.0001,""snow"":0.00015,""low_light"":2e-06,""motion_blur"":0.0,""defocus_blur"":0.012715,""glare_flare"":0.009699,""vignetting"":0.354821,""sensor_noise"":0.0,""exposure_shift"":0.618347,""compression"":0.999986,""lens_occlusion"":0.02544}","{""haze_fog"":0.15859,""rain"":0.174046,""snow"":0.077152,""low_light"":0.054735,""motion_blur"":0.018811,""defocus_blur"":0.042681,""glare_flare"":0.146746,""vignetting"":0.119213,""sensor_noise"":0.010002,""exposure_shift"":0.232651,""compression"":0.189344,""lens_occlusion"":0.112909}","[{""issue"":""compression"",""prob"":0.999986},{""issue"":""haze_fog"",""prob"":0.644592},{""issue"":""exposure_shift"",""prob"":0.618347},{""issue"":""vignetting"",""prob"":0.354821}]"
S09_lens_occlusion_s1,S09,video_014,test,corrupted,lens_occlusion,1,s1,0.08,0,-1.0,sunny,day,urban,low,30,1280x720,128,corrupted/lens_occlusion/s1/S09_lens_occlusion_s1.mp4,"{""severity"":0.08,""n_blobs"":9,""target_coverage"":0.08683796394240399,""coverage_reached"":0.08978515625,""blobs"":[{""cx"":1066.8323123181992,""cy"":428.98960991244365,""R_px"":65.49397912910362,""k"":0.3066329084823574,""alpha_strength"":0.46854671165262923},{""cx"":171.1930117292251,""cy"":114.30409495701012,""R_px"":63.521244675471316,""k"":0.29820737090000854,""alpha_strength"":0.4452741846388271},{""cx"":910.6990430325682,""cy"":114.34279771924551,""R_px"":64.40282608000963,""k"":0.327975887294981,""alpha_strength"":0.5082080723230514},{""cx"":806.2816888860721,""cy"":498.73981983855003,""R_px"":53.400143882767075,""k"":0.3220504646041809,""alpha_strength"":0.4388787837448953},{""cx"":849.6422375949469,""cy"":162.9974741337664,""R_px"":52.077102272738216,""k"":0.3399316167374553,""alpha_strength"":0.5050210305709708},{""cx"":432.92583339184546,""cy"":358.3471482677295,""R_px"":58.8904782061609,""k"":0.27920843739456247,""alpha_strength"":0.5038418325475296},{""cx"":611.3963199642509,""cy"":191.60392907076576,""R_px"":54.25338623987379,""k"":0.3391396884127979,""alpha_strength"":0.4575090720683952},{""cx"":643.6549191270574,""cy"":208.43778378859017,""R_px"":67.00219221851636,""k"":0.3139221013682338,""alpha_strength"":0.4621441044174162},{""cx"":317.65493107356843,""cy"":169.11996412342972,""R_px"":56.98529782872375,""k"":0.3206939725379813,""alpha_strength"":0.4685158329965328}]}",0.877737,0.280858,compression,0.999969,"{""haze_fog"":0.434861,""rain"":0.000135,""snow"":0.000282,""low_light"":0.000464,""motion_blur"":0.0,""defocus_blur"":0.006607,""glare_flare"":0.027869,""vignetting"":0.350024,""sensor_noise"":0.0,""exposure_shift"":0.678944,""compression"":0.999969,""lens_occlusion"":0.308922}","{""haze_fog"":0.108454,""rain"":0.130945,""snow"":0.0602,""low_light"":0.087684,""motion_blur"":0.005324,""defocus_blur"":0.013443,""glare_flare"":0.191864,""vignetting"":0.131169,""sensor_noise"":0.001722,""exposure_shift"":0.190019,""compression"":0.049589,""lens_occlusion"":0.192297}","[{""issue"":""compression"",""prob"":0.999969},{""issue"":""exposure_shift"",""prob"":0.678944},{""issue"":""haze_fog"",""prob"":0.434861},{""issue"":""vignetting"",""prob"":0.350024},{""issue"":""lens_occlusion"",""prob"":0.308922}]"
S09_lens_occlusion_s2,S09,video_014,test,corrupted,lens_occlusion,2,s2,0.18,0,-1.0,sunny,day,urban,low,30,1280x720,128,corrupted/lens_occlusion/s2/S09_lens_occlusion_s2.mp4,"{""severity"":0.18,""n_blobs"":8,""target_coverage"":0.12819608774757496,""coverage_reached"":0.13024088541666667,""blobs"":[{""cx"":933.0572699867296,""cy"":317.5365946370213,""R_px"":69.96258237217164,""k"":0.4402931364003317,""alpha_strength"":0.5384004549938796},{""cx"":527.9350061780914,""cy"":449.49541020681846,""R_px"":69.13287121772625,""k"":0.35281442579175926,""alpha_strength"":0.4884599022217766},{""cx"":844.9569244564248,""cy"":257.56352836575064,""R_px"":83.24266972056553,""k"":0.4538831875465905,""alpha_strength"":0.5520902901837917},{""cx"":935.1596253223875,""cy"":263.74491706940125,""R_px"":83.522918506685,""k"":0.41110967856328884,""alpha_strength"":0.549900161858359},{""cx"":948.4508947375733,""cy"":440.3871488630895,""R_px"":73.02726489901828,""k"":0.453071480369384,""alpha_strength"":0.5507336134287116},{""cx"":548.8575274359798,""cy"":284.61883996522033,""R_px"":79.35828142119475,""k"":0.40460154575338364,""alpha_strength"":0.4964624710134119},{""cx"":229.80713373703725,""cy"":106.98267399885646,""R_px"":86.84041382483252,""k"":0.3945531488566871,""alpha_strength"":0.5454314124540183},{""cx"":358.050432661497,""cy"":615.1023630648514,""R_px"":71.96365544318677,""k"":0.408087134390479,""alpha_strength"":0.5199746166729078}]}",0.733170,0.303462,compression,0.999974,"{""haze_fog"":0.47598,""rain"":0.000147,""snow"":0.000211,""low_light"":1.2e-05,""motion_blur"":0.0,""defocus_blur"":0.006174,""glare_flare"":0.015223,""vignetting"":0.36116,""sensor_noise"":0.0,""exposure_shift"":0.634371,""compression"":0.999974,""lens_occlusion"":0.105139}","{""haze_fog"":0.111097,""rain"":0.135995,""snow"":0.058324,""low_light"":0.078244,""motion_blur"":0.005774,""defocus_blur"":0.013936,""glare_flare"":0.198531,""vignetting"":0.135043,""sensor_noise"":0.001862,""exposure_shift"":0.174977,""compression"":0.050203,""lens_occlusion"":0.161103}","[{""issue"":""compression"",""prob"":0.999974},{""issue"":""exposure_shift"",""prob"":0.634371},{""issue"":""haze_fog"",""prob"":0.47598},{""issue"":""vignetting"",""prob"":0.36116}]"
S09_lens_occlusion_s3,S09,video_014,test,corrupted,lens_occlusion,3,s3,0.35,0,-1.0,sunny,day,urban,low,30,1280x720,128,corrupted/lens_occlusion/s3/S09_lens_occlusion_s3.mp4,"{""severity"":0.35,""n_blobs"":6,""target_coverage"":0.20651238262623056,""coverage_reached"":0.23383897569444445,""blobs"":[{""cx"":871.501253698024,""cy"":162.75637909373918,""R_px"":117.60639415526124,""k"":0.5080180157942392,""alpha_strength"":0.6176382648534643},{""cx"":337.4714917381548,""cy"":377.92579050075096,""R_px"":119.87028273341735,""k"":0.4763821111029074,""alpha_strength"":0.5994677992963636},{""cx"":936.7607853117278,""cy"":214.08878861621517,""R_px"":102.47395859472284,""k"":0.4788672534186184,""alpha_strength"":0.6511862866017795},{""cx"":747.014711419022,""cy"":384.18272408706326,""R_px"":129.07365842337305,""k"":0.5592306427273207,""alpha_strength"":0.6185197647301196},{""cx"":211.9352373978946,""cy"":276.917733704536,""R_px"":119.17176017919407,""k"":0.48003711880601485,""alpha_strength"":0.6238612926651296},{""cx"":1089.3410532830278,""cy"":177.2793588917893,""R_px"":130.48878782106829,""k"":0.5270734602226396,""alpha_strength"":0.5857560741576638}]}",0.509796,0.255124,compression,0.999974,"{""haze_fog"":0.523098,""rain"":0.000232,""snow"":8.8e-05,""low_light"":0.0,""motion_blur"":0.0,""defocus_blur"":0.007713,""glare_flare"":0.013378,""vignetting"":0.33345,""sensor_noise"":0.0,""exposure_shift"":0.735716,""compression"":0.999974,""lens_occlusion"":0.197248}","{""haze_fog"":0.126726,""rain"":0.143734,""snow"":0.056765,""low_light"":0.061768,""motion_blur"":0.010866,""defocus_blur"":0.017352,""glare_flare"":0.23262,""vignetting"":0.135277,""sensor_noise"":0.002756,""exposure_shift"":0.201079,""compression"":0.069399,""lens_occlusion"":0.219744}","[{""issue"":""compression"",""prob"":0.999974},{""issue"":""exposure_shift"",""prob"":0.735716},{""issue"":""haze_fog"",""prob"":0.523098},{""issue"":""vignetting"",""prob"":0.33345}]"
S09_lens_occlusion_s4,S09,video_014,test,corrupted,lens_occlusion,4,s4,0.55,0,-1.0,sunny,day,urban,low,30,1280x720,128,corrupted/lens_occlusion/s4/S09_lens_occlusion_s4.mp4,"{""severity"":0.55,""n_blobs"":4,""target_coverage"":0.30638438084827657,""coverage_reached"":0.32623263888888887,""blobs"":[{""cx"":200.24431609583894,""cy"":590.4211232086619,""R_px"":167.60691785294202,""k"":0.662204638116413,""alpha_strength"":0.7483678005768786},{""cx"":1095.706275275701,""cy"":487.94266023376196,""R_px"":178.26405350566776,""k"":0.6937003916120351,""alpha_strength"":0.7690075412923402},{""cx"":542.1224758514685,""cy"":615.9407484877603,""R_px"":180.78729849914058,""k"":0.7377067922465939,""alpha_strength"":0.6724641836716262},{""cx"":903.9526655952579,""cy"":384.57236649952995,""R_px"":152.5350141803607,""k"":0.670228485023993,""alpha_strength"":0.7188076678823117}]}",0.286830,0.174957,compression,0.999874,"{""haze_fog"":0.746895,""rain"":0.002504,""snow"":0.000804,""low_light"":8e-06,""motion_blur"":0.0,""defocus_blur"":0.010473,""glare_flare"":0.00508,""vignetting"":0.349841,""sensor_noise"":0.0,""exposure_shift"":0.726166,""compression"":0.999874,""lens_occlusion"":0.431757}","{""haze_fog"":0.177276,""rain"":0.175999,""snow"":0.070233,""low_light"":0.077202,""motion_blur"":0.020967,""defocus_blur"":0.024382,""glare_flare"":0.225793,""vignetting"":0.129409,""sensor_noise"":0.006624,""exposure_shift"":0.237453,""compression"":0.110649,""lens_occlusion"":0.352891}","[{""issue"":""compression"",""prob"":0.999874},{""issue"":""haze_fog"",""prob"":0.746895},{""issue"":""exposure_shift"",""prob"":0.726166},{""issue"":""lens_occlusion"",""prob"":0.431757},{""issue"":""vignetting"",""prob"":0.349841}]"
S09_lens_occlusion_s5,S09,video_014,test,corrupted,lens_occlusion,5,s5,0.75,0,-1.0,sunny,day,urban,low,30,1280x720,128,corrupted/lens_occlusion/s5/S09_lens_occlusion_s5.mp4,"{""severity"":0.75,""n_blobs"":4,""target_coverage"":0.41197882156696997,""coverage_reached"":0.47911024305555555,""blobs"":[{""cx"":1068.4736245282427,""cy"":206.91288871363264,""R_px"":187.38972922857684,""k"":0.8347610959385594,""alpha_strength"":0.8070799202776101},{""cx"":224.6487621945116,""cy"":275.85312876541957,""R_px"":188.3679277721268,""k"":0.7830843705130546,""alpha_strength"":0.818700926111732},{""cx"":455.9256231817633,""cy"":363.4234717993269,""R_px"":238.30858646831356,""k"":0.9187747783366359,""alpha_strength"":0.766786228550682},{""cx"":747.4278411568844,""cy"":162.19093503959644,""R_px"":226.47491206809136,""k"":0.8796764098858889,""alpha_strength"":0.7757757656372558}]}",0.114387,0.119558,compression,0.999896,"{""haze_fog"":0.909556,""rain"":0.001295,""snow"":0.000222,""low_light"":0.0,""motion_blur"":2e-06,""defocus_blur"":0.014879,""glare_flare"":0.003378,""vignetting"":0.238128,""sensor_noise"":0.0,""exposure_shift"":0.797092,""compression"":0.999896,""lens_occlusion"":0.450383}","{""haze_fog"":0.237916,""rain"":0.211006,""snow"":0.099892,""low_light"":0.061503,""motion_blur"":0.042406,""defocus_blur"":0.036866,""glare_flare"":0.2346,""vignetting"":0.129868,""sensor_noise"":0.008405,""exposure_shift"":0.264285,""compression"":0.163748,""lens_occlusion"":0.385899}","[{""issue"":""compression"",""prob"":0.999896},{""issue"":""haze_fog"",""prob"":0.909556},{""issue"":""exposure_shift"",""prob"":0.797092},{""issue"":""lens_occlusion"",""prob"":0.450383}]"
S09_sensor_noise_s1,S09,video_014,test,corrupted,sensor_noise,1,s1,0.08,0,-1.0,sunny,day,urban,low,30,1280x720,128,corrupted/sensor_noise/s1/S09_sensor_noise_s1.mp4,"{""severity"":0.08,""sigma_r"":0.002929719540864379,""sigma_s"":0.007291801895480498,""per_channel"":true}",0.928613,0.348406,compression,0.999971,"{""haze_fog"":0.429052,""rain"":7.9e-05,""snow"":0.000239,""low_light"":0.000711,""motion_blur"":0.0,""defocus_blur"":0.006369,""glare_flare"":0.022987,""vignetting"":0.357295,""sensor_noise"":0.0,""exposure_shift"":0.693197,""compression"":0.999971,""lens_occlusion"":0.026616}","{""haze_fog"":0.093633,""rain"":0.131529,""snow"":0.062115,""low_light"":0.096269,""motion_blur"":0.004125,""defocus_blur"":0.013474,""glare_flare"":0.167451,""vignetting"":0.134844,""sensor_noise"":0.002021,""exposure_shift"":0.184894,""compression"":0.042055,""lens_occlusion"":0.120777}","[{""issue"":""compression"",""prob"":0.999971},{""issue"":""exposure_shift"",""prob"":0.693197},{""issue"":""haze_fog"",""prob"":0.429052},{""issue"":""vignetting"",""prob"":0.357295}]"
S09_sensor_noise_s2,S09,video_014,test,corrupted,sensor_noise,2,s2,0.18,0,-1.0,sunny,day,urban,low,30,1280x720,128,corrupted/sensor_noise/s2/S09_sensor_noise_s2.mp4,"{""severity"":0.18,""sigma_r"":0.0045448411555622055,""sigma_s"":0.017020629794909856,""per_channel"":true}",0.838388,0.389397,compression,0.999984,"{""haze_fog"":0.482112,""rain"":7.2e-05,""snow"":0.00172,""low_light"":0.000692,""motion_blur"":0.0,""defocus_blur"":0.005246,""glare_flare"":0.01453,""vignetting"":0.35236,""sensor_noise"":0.0,""exposure_shift"":0.780802,""compression"":0.999984,""lens_occlusion"":0.026945}","{""haze_fog"":0.087701,""rain"":0.128207,""snow"":0.062544,""low_light"":0.0988,""motion_blur"":0.003043,""defocus_blur"":0.011555,""glare_flare"":0.144033,""vignetting"":0.134637,""sensor_noise"":0.003848,""exposure_shift"":0.196485,""compression"":0.032457,""lens_occlusion"":0.1097}","[{""issue"":""compression"",""prob"":0.999984},{""issue"":""exposure_shift"",""prob"":0.780802},{""issue"":""haze_fog"",""prob"":0.482112},{""issue"":""vignetting"",""prob"":0.35236}]"
S09_sensor_noise_s3,S09,video_014,test,corrupted,sensor_noise,3,s3,0.35,0,-1.0,sunny,day,urban,low,30,1280x720,128,corrupted/sensor_noise/s3/S09_sensor_noise_s3.mp4,"{""severity"":0.35,""sigma_r"":0.007280056345980213,""sigma_s"":0.032542953001590776,""per_channel"":true}",0.682056,0.512414,compression,0.999997,"{""haze_fog"":0.569123,""rain"":2e-05,""snow"":0.001877,""low_light"":0.455109,""motion_blur"":0.0,""defocus_blur"":0.002443,""glare_flare"":0.001782,""vignetting"":0.345357,""sensor_noise"":0.014756,""exposure_shift"":0.876837,""compression"":0.999997,""lens_occlusion"":0.034596}","{""haze_fog"":0.057255,""rain"":0.112748,""snow"":0.070189,""low_light"":0.131032,""motion_blur"":0.001178,""defocus_blur"":0.005813,""glare_flare"":0.077349,""vignetting"":0.114081,""sensor_noise"":0.028856,""exposure_shift"":0.199811,""compression"":0.014446,""lens_occlusion"":0.066492}","[{""issue"":""compression"",""prob"":0.999997},{""issue"":""exposure_shift"",""prob"":0.876837},{""issue"":""haze_fog"",""prob"":0.569123},{""issue"":""low_light"",""prob"":0.455109},{""issue"":""vignetting"",""prob"":0.345357}]"
S09_sensor_noise_s4,S09,video_014,test,corrupted,sensor_noise,4,s4,0.55,0,-1.0,sunny,day,urban,low,30,1280x720,128,corrupted/sensor_noise/s4/S09_sensor_noise_s4.mp4,"{""severity"":0.55,""sigma_r"":0.011575388495627078,""sigma_s"":0.04866348983577265,""per_channel"":true}",0.492001,0.517792,compression,0.999999,"{""haze_fog"":0.605911,""rain"":1.4e-05,""snow"":0.014808,""low_light"":0.916629,""motion_blur"":0.0,""defocus_blur"":0.000974,""glare_flare"":0.000738,""vignetting"":0.279101,""sensor_noise"":0.19678,""exposure_shift"":0.910491,""compression"":0.999999,""lens_occlusion"":0.00711}","{""haze_fog"":0.046823,""rain"":0.109703,""snow"":0.088697,""low_light"":0.15671,""motion_blur"":0.000309,""defocus_blur"":0.004469,""glare_flare"":0.068966,""vignetting"":0.100993,""sensor_noise"":0.057292,""exposure_shift"":0.195811,""compression"":0.007856,""lens_occlusion"":0.047081}","[{""issue"":""compression"",""prob"":0.999999},{""issue"":""low_light"",""prob"":0.916629},{""issue"":""exposure_shift"",""prob"":0.910491},{""issue"":""haze_fog"",""prob"":0.605911},{""issue"":""vignetting"",""prob"":0.279101}]"
S09_sensor_noise_s5,S09,video_014,test,corrupted,sensor_noise,5,s5,0.75,0,-1.0,sunny,day,urban,low,30,1280x720,128,corrupted/sensor_noise/s5/S09_sensor_noise_s5.mp4,"{""severity"":0.75,""sigma_r"":0.016969861864975316,""sigma_s"":0.05696924233570224,""per_channel"":true}",0.291891,0.473330,compression,0.999997,"{""haze_fog"":0.668704,""rain"":9e-06,""snow"":0.013411,""low_light"":0.990755,""motion_blur"":0.0,""defocus_blur"":0.000895,""glare_flare"":0.002886,""vignetting"":0.175425,""sensor_noise"":0.394392,""exposure_shift"":0.895438,""compression"":0.999997,""lens_occlusion"":0.017434}","{""haze_fog"":0.043149,""rain"":0.109012,""snow"":0.106356,""low_light"":0.180598,""motion_blur"":0.000236,""defocus_blur"":0.004372,""glare_flare"":0.075941,""vignetting"":0.095717,""sensor_noise"":0.089848,""exposure_shift"":0.205976,""compression"":0.006196,""lens_occlusion"":0.044778}","[{""issue"":""compression"",""prob"":0.999997},{""issue"":""low_light"",""prob"":0.990755},{""issue"":""exposure_shift"",""prob"":0.895438},{""issue"":""haze_fog"",""prob"":0.668704},{""issue"":""sensor_noise"",""prob"":0.394392}]"
S09_low_light_s1,S09,video_014,test,corrupted,low_light,1,s1,0.08,0,-1.0,sunny,day,urban,low,30,1280x720,128,corrupted/low_light/s1/S09_low_light_s1.mp4,"{""severity"":0.08,""gamma"":1.3509169675775337,""sigma_r"":0.0036877320858500593,""sigma_s"":0.014560853991724592,""amp_r"":2.0,""amp_s"":3.0,""desat"":0.02,""per_channel"":true}",0.911980,0.396351,compression,0.999883,"{""haze_fog"":0.105021,""rain"":0.000105,""snow"":0.000114,""low_light"":0.021031,""motion_blur"":0.0,""defocus_blur"":0.009984,""glare_flare"":0.016877,""vignetting"":0.37148,""sensor_noise"":0.0,""exposure_shift"":0.71085,""compression"":0.999883,""lens_occlusion"":0.022445}","{""haze_fog"":0.058631,""rain"":0.106999,""snow"":0.04597,""low_light"":0.128451,""motion_blur"":0.006302,""defocus_blur"":0.018248,""glare_flare"":0.110762,""vignetting"":0.162906,""sensor_noise"":0.001785,""exposure_shift"":0.148691,""compression"":0.054283,""lens_occlusion"":0.139196}","[{""issue"":""compression"",""prob"":0.999883},{""issue"":""exposure_shift"",""prob"":0.71085},{""issue"":""vignetting"",""prob"":0.37148}]"
S09_low_light_s2,S09,video_014,test,corrupted,low_light,2,s2,0.18,0,-1.0,sunny,day,urban,low,30,1280x720,128,corrupted/low_light/s2/S09_low_light_s2.mp4,"{""severity"":0.18,""gamma"":1.5117783179719702,""sigma_r"":0.0072798168922878935,""sigma_s"":0.03138684923925247,""amp_r"":2.0,""amp_s"":3.0,""desat"":0.045,""per_channel"":true}",0.803090,0.542194,compression,0.999967,"{""haze_fog"":0.134362,""rain"":6.7e-05,""snow"":0.000573,""low_light"":0.685758,""motion_blur"":0.0,""defocus_blur"":0.005516,""glare_flare"":0.001099,""vignetting"":0.37198,""sensor_noise"":0.000677,""exposure_shift"":0.846072,""compression"":0.999967,""lens_occlusion"":0.022285}","{""haze_fog"":0.041231,""rain"":0.097612,""snow"":0.046424,""low_light"":0.166733,""motion_blur"":0.002563,""defocus_blur"":0.011769,""glare_flare"":0.051436,""vignetting"":0.175764,""sensor_noise"":0.010487,""exposure_shift"":0.155704,""compression"":0.030117,""lens_occlusion"":0.097702}","[{""issue"":""compression"",""prob"":0.999967},{""issue"":""exposure_shift"",""prob"":0.846072},{""issue"":""low_light"",""prob"":0.685758},{""issue"":""vignetting"",""prob"":0.37198}]"
S09_low_light_s3,S09,video_014,test,corrupted,low_light,3,s3,0.35,0,-1.0,sunny,day,urban,low,30,1280x720,128,corrupted/low_light/s3/S09_low_light_s3.mp4,"{""severity"":0.35,""gamma"":2.095105021115602,""sigma_r"":0.015445882935582678,""sigma_s"":0.0650258111822543,""amp_r"":2.0,""amp_s"":3.0,""desat"":0.0875,""per_channel"":true}",0.621254,0.546713,compression,0.999987,"{""haze_fog"":0.105899,""rain"":1.2e-05,""snow"":0.0062,""low_light"":0.999927,""motion_blur"":0.0,""defocus_blur"":0.004489,""glare_flare"":0.002913,""vignetting"":0.353621,""sensor_noise"":0.191902,""exposure_shift"":0.863508,""compression"":0.999987,""lens_occlusion"":0.022048}","{""haze_fog"":0.028141,""rain"":0.095137,""snow"":0.067343,""low_light"":0.275749,""motion_blur"":0.001394,""defocus_blur"":0.011448,""glare_flare"":0.040775,""vignetting"":0.175475,""sensor_noise"":0.053504,""exposure_shift"":0.166487,""compression"":0.023401,""lens_occlusion"":0.065768}","[{""issue"":""compression"",""prob"":0.999987},{""issue"":""low_light"",""prob"":0.999927},{""issue"":""exposure_shift"",""prob"":0.863508},{""issue"":""vignetting"",""prob"":0.353621}]"
S09_low_light_s4,S09,video_014,test,corrupted,low_light,4,s4,0.55,0,-1.0,sunny,day,urban,low,30,1280x720,128,corrupted/low_light/s4/S09_low_light_s4.mp4,"{""severity"":0.55,""gamma"":2.3785224173618276,""sigma_r"":0.024144848057304328,""sigma_s"":0.12752519707096768,""amp_r"":2.0,""amp_s"":3.0,""desat"":0.1375,""per_channel"":true}",0.413809,0.331373,low_light,0.999994,"{""haze_fog"":0.028484,""rain"":0.00017,""snow"":0.011136,""low_light"":0.999994,""motion_blur"":0.0,""defocus_blur"":0.010795,""glare_flare"":0.012264,""vignetting"":0.287996,""sensor_noise"":0.223269,""exposure_shift"":0.67195,""compression"":0.999983,""lens_occlusion"":0.010444}","{""haze_fog"":0.042092,""rain"":0.124849,""snow"":0.089494,""low_light"":0.419639,""motion_blur"":0.005858,""defocus_blur"":0.024533,""glare_flare"":0.092918,""vignetting"":0.186765,""sensor_noise"":0.067715,""exposure_shift"":0.177774,""compression"":0.045825,""lens_occlusion"":0.090949}","[{""issue"":""low_light"",""prob"":0.999994},{""issue"":""compression"",""prob"":0.999983},{""issue"":""exposure_shift"",""prob"":0.67195},{""issue"":""vignetting"",""prob"":0.287996}]"
S09_low_light_s5,S09,video_014,test,corrupted,low_light,5,s5,0.75,0,-1.0,sunny,day,urban,low,30,1280x720,128,corrupted/low_light/s5/S09_low_light_s5.mp4,"{""severity"":0.75,""gamma"":2.9098253045673808,""sigma_r"":0.0386032202680875,""sigma_s"":0.21737414078268125,""amp_r"":2.0,""amp_s"":3.0,""desat"":0.1875,""per_channel"":true}",0.216134,0.155091,low_light,0.999983,"{""haze_fog"":0.001782,""rain"":0.005918,""snow"":0.00335,""low_light"":0.999983,""motion_blur"":0.0,""defocus_blur"":0.025979,""glare_flare"":0.04649,""vignetting"":0.259493,""sensor_noise"":0.085814,""exposure_shift"":0.39756,""compression"":0.999951,""lens_occlusion"":0.018061}","{""haze_fog"":0.061864,""rain"":0.156726,""snow"":0.08525,""low_light"":0.553437,""motion_blur"":0.026525,""defocus_blur"":0.04962,""glare_flare"":0.167124,""vignetting"":0.214046,""sensor_noise"":0.043723,""exposure_shift"":0.18171,""compression"":0.11858,""lens_occlusion"":0.146863}","[{""issue"":""low_light"",""prob"":0.999983},{""issue"":""compression"",""prob"":0.999951},{""issue"":""exposure_shift"",""prob"":0.39756},{""issue"":""vignetting"",""prob"":0.259493}]"
S09_overexposure_s1,S09,video_014,test,corrupted,overexposure,1,s1,0.08,0,-1.0,sunny,day,urban,low,30,1280x720,128,corrupted/overexposure/s1/S09_overexposure_s1.mp4,"{""severity"":0.08,""delta_ev"":0.16,""scale"":1.11728713807222}",0.934886,0.351318,compression,0.999970,"{""haze_fog"":0.407545,""rain"":9.6e-05,""snow"":0.00019,""low_light"":5.5e-05,""motion_blur"":0.0,""defocus_blur"":0.005476,""glare_flare"":0.021367,""vignetting"":0.255226,""sensor_noise"":0.0,""exposure_shift"":0.709331,""compression"":0.99997,""lens_occlusion"":0.006733}","{""haze_fog"":0.096983,""rain"":0.13448,""snow"":0.061987,""low_light"":0.080742,""motion_blur"":0.00422,""defocus_blur"":0.0137,""glare_flare"":0.178029,""vignetting"":0.124136,""sensor_noise"":0.002783,""exposure_shift"":0.223746,""compression"":0.041327,""lens_occlusion"":0.103735}","[{""issue"":""compression"",""prob"":0.99997},{""issue"":""exposure_shift"",""prob"":0.709331},{""issue"":""haze_fog"",""prob"":0.407545},{""issue"":""vignetting"",""prob"":0.255226}]"
S09_overexposure_s2,S09,video_014,test,corrupted,overexposure,2,s2,0.18,0,-1.0,sunny,day,urban,low,30,1280x720,128,corrupted/overexposure/s2/S09_overexposure_s2.mp4,"{""severity"":0.18,""delta_ev"":0.36,""scale"":1.2834258975629043}",0.851932,0.338058,compression,0.988407,"{""haze_fog"":0.319475,""rain"":2.9e-05,""snow"":0.250056,""low_light"":2e-06,""motion_blur"":0.0,""defocus_blur"":0.011473,""glare_flare"":0.022923,""vignetting"":0.008495,""sensor_noise"":0.0,""exposure_shift"":0.771543,""compression"":0.988407,""lens_occlusion"":0.004316}","{""haze_fog"":0.114642,""rain"":0.112212,""snow"":0.039051,""low_light"":0.07598,""motion_blur"":0.00627,""defocus_blur"":0.026808,""glare_flare"":0.218043,""vignetting"":0.112024,""sensor_noise"":0.005732,""exposure_shift"":0.310616,""compression"":0.050259,""lens_occlusion"":0.10611}","[{""issue"":""compression"",""prob"":0.988407},{""issue"":""exposure_shift"",""prob"":0.771543},{""issue"":""haze_fog"",""prob"":0.319475},{""issue"":""snow"",""prob"":0.250056}]"
S09_overexposure_s3,S09,video_014,test,corrupted,overexposure,3,s3,0.35,0,-1.0,sunny,day,urban,low,30,1280x720,128,corrupted/overexposure/s3/S09_overexposure_s3.mp4,"{""severity"":0.35,""delta_ev"":0.7,""scale"":1.624504792712471}",0.706200,0.279676,snow,0.785776,"{""haze_fog"":0.006632,""rain"":0.0,""snow"":0.785776,""low_light"":0.009033,""motion_blur"":0.0,""defocus_blur"":0.033503,""glare_flare"":0.04328,""vignetting"":0.000132,""sensor_noise"":3.7e-05,""exposure_shift"":0.402378,""compression"":0.733537,""lens_occlusion"":0.011489}","{""haze_fog"":0.098374,""rain"":0.032121,""snow"":0.010689,""low_light"":0.096097,""motion_blur"":0.012152,""defocus_blur"":0.072266,""glare_flare"":0.239228,""vignetting"":0.111369,""sensor_noise"":0.033904,""exposure_shift"":0.332737,""compression"":0.059688,""lens_occlusion"":0.134778}","[{""issue"":""snow"",""prob"":0.785776},{""issue"":""compression"",""prob"":0.733537},{""issue"":""exposure_shift"",""prob"":0.402378}]"
S09_overexposure_s4,S09,video_014,test,corrupted,overexposure,4,s4,0.55,0,-1.0,sunny,day,urban,low,30,1280x720,128,corrupted/overexposure/s4/S09_overexposure_s4.mp4,"{""severity"":0.55,""delta_ev"":1.1,""scale"":2.1435469250725863}",0.524770,0.195766,snow,1.000000,"{""haze_fog"":9e-06,""rain"":0.0,""snow"":1.0,""low_light"":0.090244,""motion_blur"":0.0,""defocus_blur"":0.066879,""glare_flare"":0.000841,""vignetting"":6e-06,""sensor_noise"":0.000878,""exposure_shift"":0.020961,""compression"":0.330765,""lens_occlusion"":0.014978}","{""haze_fog"":0.076071,""rain"":0.006157,""snow"":0.005426,""low_light"":0.083917,""motion_blur"":0.012705,""defocus_blur"":0.129987,""glare_flare"":0.155584,""vignetting"":0.110594,""sensor_noise"":0.047195,""exposure_shift"":0.176595,""compression"":0.063958,""lens_occlusion"":0.150809}","[{""issue"":""snow"",""prob"":1.0},{""issue"":""compression"",""prob"":0.330765}]"
S09_overexposure_s5,S09,video_014,test,corrupted,overexposure,5,s5,0.75,0,-1.0,sunny,day,urban,low,30,1280x720,128,corrupted/overexposure/s5/S09_overexposure_s5.mp4,"{""severity"":0.75,""delta_ev"":1.5,""scale"":2.8284271247461903}",0.326465,0.194819,snow,1.000000,"{""haze_fog"":7e-06,""rain"":0.0,""snow"":1.0,""low_light"":0.117616,""motion_blur"":0.0,""defocus_blur"":0.092194,""glare_flare"":0.002908,""vignetting"":1e-05,""sensor_noise"":0.001546,""exposure_shift"":0.125237,""compression"":0.218811,""lens_occlusion"":0.010508}","{""haze_fog"":0.085618,""rain"":0.004266,""snow"":0.004052,""low_light"":0.080462,""motion_blur"":0.019671,""defocus_blur"":0.166069,""glare_flare"":0.145944,""vignetting"":0.123888,""sensor_noise"":0.053113,""exposure_shift"":0.240124,""compression"":0.070635,""lens_occlusion"":0.14477}","[{""issue"":""snow"",""prob"":1.0}]"
S09_underexposure_s1,S09,video_014,test,corrupted,underexposure,1,s1,0.08,0,-1.0,sunny,day,urban,low,30,1280x720,128,corrupted/underexposure/s1/S09_underexposure_s1.mp4,"{""severity"":0.08,""delta_ev"":-0.16,""scale"":0.8950250709279725}",0.934886,0.305706,compression,0.999947,"{""haze_fog"":0.456553,""rain"":0.000216,""snow"":0.000175,""low_light"":0.005337,""motion_blur"":0.0,""defocus_blur"":0.007985,""glare_flare"":0.007243,""vignetting"":0.327233,""sensor_noise"":0.0,""exposure_shift"":0.958208,""compression"":0.999947,""lens_occlusion"":0.029037}","{""haze_fog"":0.092206,""rain"":0.139249,""snow"":0.06414,""low_light"":0.108545,""motion_blur"":0.004292,""defocus_blur"":0.015022,""glare_flare"":0.148609,""vignetting"":0.151945,""sensor_noise"":0.001745,""exposure_shift"":0.268046,""compression"":0.042747,""lens_occlusion"":0.133422}","[{""issue"":""compression"",""prob"":0.999947},{""issue"":""exposure_shift"",""prob"":0.958208},{""issue"":""haze_fog"",""prob"":0.456553},{""issue"":""vignetting"",""prob"":0.327233}]"
S09_underexposure_s2,S09,video_014,test,corrupted,underexposure,2,s2,0.18,0,-1.0,sunny,day,urban,low,30,1280x720,128,corrupted/underexposure/s2/S09_underexposure_s2.mp4,"{""severity"":0.18,""delta_ev"":-0.36,""scale"":0.7791645796604999}",0.851932,0.268308,compression,0.999918,"{""haze_fog"":0.474934,""rain"":0.000457,""snow"":0.00016,""low_light"":0.0023,""motion_blur"":0.0,""defocus_blur"":0.009776,""glare_flare"":0.002305,""vignetting"":0.238688,""sensor_noise"":0.0,""exposure_shift"":0.997363,""compression"":0.999918,""lens_occlusion"":0.02214}","{""haze_fog"":0.08408,""rain"":0.146397,""snow"":0.060417,""low_light"":0.106513,""motion_blur"":0.004031,""defocus_blur"":0.01731,""glare_flare"":0.121635,""vignetting"":0.187907,""sensor_noise"":0.001566,""exposure_shift"":0.371012,""compression"":0.041715,""lens_occlusion"":0.132412}","[{""issue"":""compression"",""prob"":0.999918},{""issue"":""exposure_shift"",""prob"":0.997363},{""issue"":""haze_fog"",""prob"":0.474934}]"
S09_underexposure_s3,S09,video_014,test,corrupted,underexposure,3,s3,0.35,0,-1.0,sunny,day,urban,low,30,1280x720,128,corrupted/underexposure/s3/S09_underexposure_s3.mp4,"{""severity"":0.35,""delta_ev"":-0.7,""scale"":0.6155722066724582}",0.706200,0.172354,exposure_shift,0.999976,"{""haze_fog"":0.393429,""rain"":0.000728,""snow"":2.6e-05,""low_light"":0.000194,""motion_blur"":0.0,""defocus_blur"":0.012484,""glare_flare"":0.000324,""vignetting"":0.162277,""sensor_noise"":0.0,""exposure_shift"":0.999976,""compression"":0.999904,""lens_occlusion"":0.012224}","{""haze_fog"":0.069203,""rain"":0.160261,""snow"":0.04338,""low_light"":0.076817,""motion_blur"":0.00429,""defocus_blur"":0.022609,""glare_flare"":0.088977,""vignetting"":0.366304,""sensor_noise"":0.002162,""exposure_shift"":0.624759,""compression"":0.045086,""lens_occlusion"":0.115308}","[{""issue"":""exposure_shift"",""prob"":0.999976},{""issue"":""compression"",""prob"":0.999904},{""issue"":""haze_fog"",""prob"":0.393429}]"
S09_underexposure_s4,S09,video_014,test,corrupted,underexposure,4,s4,0.55,0,-1.0,sunny,day,urban,low,30,1280x720,128,corrupted/underexposure/s4/S09_underexposure_s4.mp4,"{""severity"":0.55,""delta_ev"":-1.1,""scale"":0.4665164957684037}",0.524770,0.075341,exposure_shift,0.999999,"{""haze_fog"":0.342763,""rain"":0.001002,""snow"":9e-06,""low_light"":2.3e-05,""motion_blur"":0.0,""defocus_blur"":0.015383,""glare_flare"":0.000155,""vignetting"":0.124576,""sensor_noise"":0.0,""exposure_shift"":0.999999,""compression"":0.999845,""lens_occlusion"":0.0058}","{""haze_fog"":0.064369,""rain"":0.182375,""snow"":0.033375,""low_light"":0.053436,""motion_blur"":0.005538,""defocus_blur"":0.029634,""glare_flare"":0.074878,""vignetting"":0.660296,""sensor_noise"":0.003992,""exposure_shift"":0.814335,""compression"":0.05164,""lens_occlusion"":0.098129}","[{""issue"":""exposure_shift"",""prob"":0.999999},{""issue"":""compression"",""prob"":0.999845},{""issue"":""haze_fog"",""prob"":0.342763}]"
S09_underexposure_s5,S09,video_014,test,corrupted,underexposure,5,s5,0.75,0,-1.0,sunny,day,urban,low,30,1280x720,128,corrupted/underexposure/s5/S09_underexposure_s5.mp4,"{""severity"":0.75,""delta_ev"":-1.5,""scale"":0.3535533905932738}",0.326465,0.035475,exposure_shift,1.000000,"{""haze_fog"":0.253766,""rain"":0.000699,""snow"":7e-06,""low_light"":3.2e-05,""motion_blur"":0.0,""defocus_blur"":0.020779,""glare_flare"":8.8e-05,""vignetting"":0.042739,""sensor_noise"":0.0,""exposure_shift"":1.0,""compression"":0.999752,""lens_occlusion"":0.002378}","{""haze_fog"":0.059734,""rain"":0.19615,""snow"":0.027115,""low_light"":0.042866,""motion_blur"":0.008708,""defocus_blur"":0.038283,""glare_flare"":0.060729,""vignetting"":0.792557,""sensor_noise"":0.006073,""exposure_shift"":0.900948,""compression"":0.064636,""lens_occlusion"":0.084207}","[{""issue"":""exposure_shift"",""prob"":1.0},{""issue"":""compression"",""prob"":0.999752},{""issue"":""haze_fog"",""prob"":0.253766}]"
S09_jpeg_compression_s1,S09,video_014,test,corrupted,jpeg_compression,1,s1,0.08,0,-1.0,sunny,day,urban,low,30,1280x720,128,corrupted/jpeg_compression/s1/S09_jpeg_compression_s1.mp4,"{""severity"":0.08,""quality"":88,""encode_ok"":true}",0.947560,0.343118,compression,0.999961,"{""haze_fog"":0.475957,""rain"":0.000104,""snow"":0.000312,""low_light"":0.000228,""motion_blur"":0.0,""defocus_blur"":0.006865,""glare_flare"":0.029691,""vignetting"":0.349715,""sensor_noise"":0.0,""exposure_shift"":0.750668,""compression"":0.999961,""lens_occlusion"":0.021264}","{""haze_fog"":0.092224,""rain"":0.129609,""snow"":0.062917,""low_light"":0.088109,""motion_blur"":0.004151,""defocus_blur"":0.013866,""glare_flare"":0.175211,""vignetting"":0.138535,""sensor_noise"":0.001994,""exposure_shift"":0.193104,""compression"":0.041252,""lens_occlusion"":0.121884}","[{""issue"":""compression"",""prob"":0.999961},{""issue"":""exposure_shift"",""prob"":0.750668},{""issue"":""haze_fog"",""prob"":0.475957},{""issue"":""vignetting"",""prob"":0.349715}]"
S09_jpeg_compression_s2,S09,video_014,test,corrupted,jpeg_compression,2,s2,0.18,0,-1.0,sunny,day,urban,low,30,1280x720,128,corrupted/jpeg_compression/s2/S09_jpeg_compression_s2.mp4,"{""severity"":0.18,""quality"":82,""encode_ok"":true}",0.879678,0.335627,compression,0.999973,"{""haze_fog"":0.501035,""rain"":0.0001,""snow"":0.000339,""low_light"":0.000304,""motion_blur"":0.0,""defocus_blur"":0.006984,""glare_flare"":0.027122,""vignetting"":0.350926,""sensor_noise"":0.0,""exposure_shift"":0.74816,""compression"":0.999973,""lens_occlusion"":0.013294}","{""haze_fog"":0.098781,""rain"":0.129001,""snow"":0.061292,""low_light"":0.094237,""motion_blur"":0.004528,""defocus_blur"":0.013926,""glare_flare"":0.18332,""vignetting"":0.13234,""sensor_noise"":0.002163,""exposure_shift"":0.189714,""compression"":0.043376,""lens_occlusion"":0.123545}","[{""issue"":""compression"",""prob"":0.999973},{""issue"":""exposure_shift"",""prob"":0.74816},{""issue"":""haze_fog"",""prob"":0.501035},{""issue"":""vignetting"",""prob"":0.350926}]"
S09_jpeg_compression_s3,S09,video_014,test,corrupted,jpeg_compression,3,s3,0.35,0,-1.0,sunny,day,urban,low,30,1280x720,128,corrupted/jpeg_compression/s3/S09_jpeg_compression_s3.mp4,"{""severity"":0.35,""quality"":67,""encode_ok"":true}",0.757080,0.329670,compression,0.999991,"{""haze_fog"":0.450672,""rain"":4.5e-05,""snow"":7.2e-05,""low_light"":0.003516,""motion_blur"":0.0,""defocus_blur"":0.007382,""glare_flare"":0.042461,""vignetting"":0.35355,""sensor_noise"":0.0,""exposure_shift"":0.594808,""compression"":0.999991,""lens_occlusion"":0.015545}","{""haze_fog"":0.103419,""rain"":0.126789,""snow"":0.054332,""low_light"":0.124946,""motion_blur"":0.005362,""defocus_blur"":0.014623,""glare_flare"":0.181323,""vignetting"":0.120364,""sensor_noise"":0.002569,""exposure_shift"":0.17121,""compression"":0.047534,""lens_occlusion"":0.119042}","[{""issue"":""compression"",""prob"":0.999991},{""issue"":""exposure_shift"",""prob"":0.594808},{""issue"":""haze_fog"",""prob"":0.450672},{""issue"":""vignetting"",""prob"":0.35355}]"
S09_jpeg_compression_s4,S09,video_014,test,corrupted,jpeg_compression,4,s4,0.55,0,-1.0,sunny,day,urban,low,30,1280x720,128,corrupted/jpeg_compression/s4/S09_jpeg_compression_s4.mp4,"{""severity"":0.55,""quality"":49,""encode_ok"":true}",0.597001,0.319555,compression,0.999996,"{""haze_fog"":0.459025,""rain"":3.8e-05,""snow"":7.3e-05,""low_light"":0.005134,""motion_blur"":0.0,""defocus_blur"":0.0088,""glare_flare"":0.041521,""vignetting"":0.364356,""sensor_noise"":0.0,""exposure_shift"":0.440438,""compression"":0.999996,""lens_occlusion"":0.009401}","{""haze_fog"":0.11829,""rain"":0.123049,""snow"":0.053187,""low_light"":0.16105,""motion_blur"":0.006728,""defocus_blur"":0.016551,""glare_flare"":0.176706,""vignetting"":0.114352,""sensor_noise"":0.00268,""exposure_shift"":0.158569,""compression"":0.061418,""lens_occlusion"":0.118283}","[{""issue"":""compression"",""prob"":0.999996},{""issue"":""haze_fog"",""prob"":0.459025},{""issue"":""exposure_shift"",""prob"":0.440438},{""issue"":""vignetting"",""prob"":0.364356}]"
S09_jpeg_compression_s5,S09,video_014,test,corrupted,jpeg_compression,5,s5,0.75,0,-1.0,sunny,day,urban,low,30,1280x720,128,corrupted/jpeg_compression/s5/S09_jpeg_compression_s5.mp4,"{""severity"":0.75,""quality"":33,""encode_ok"":true}",0.408384,0.297908,compression,0.999996,"{""haze_fog"":0.482656,""rain"":5.1e-05,""snow"":0.000109,""low_light"":0.002042,""motion_blur"":0.0,""defocus_blur"":0.010285,""glare_flare"":0.044092,""vignetting"":0.370116,""sensor_noise"":0.0,""exposure_shift"":0.372362,""compression"":0.999996,""lens_occlusion"":0.0072}","{""haze_fog"":0.141385,""rain"":0.1321,""snow"":0.056865,""low_light"":0.196274,""motion_blur"":0.008836,""defocus_blur"":0.019603,""glare_flare"":0.172554,""vignetting"":0.113604,""sensor_noise"":0.00381,""exposure_shift"":0.172278,""compression"":0.080781,""lens_occlusion"":0.117005}","[{""issue"":""compression"",""prob"":0.999996},{""issue"":""haze_fog"",""prob"":0.482656},{""issue"":""exposure_shift"",""prob"":0.372362},{""issue"":""vignetting"",""prob"":0.370116}]"
S10_clean,S10,video_020,test,clean,clean,0,s0,0.0,1,1.0,cloudy,day,rural,moderate,30,1280x720,128,clean_clips/S10_clean.mp4,{},1.000000,0.424228,compression,0.999934,"{""haze_fog"":0.446087,""rain"":0.009143,""snow"":3.9e-05,""low_light"":0.0,""motion_blur"":0.0,""defocus_blur"":0.004831,""glare_flare"":0.215772,""vignetting"":0.099139,""sensor_noise"":0.0,""exposure_shift"":0.081525,""compression"":0.999934,""lens_occlusion"":0.013042}","{""haze_fog"":0.085771,""rain"":0.154169,""snow"":0.064174,""low_light"":0.038397,""motion_blur"":0.005402,""defocus_blur"":0.013561,""glare_flare"":0.307544,""vignetting"":0.104589,""sensor_noise"":0.000547,""exposure_shift"":0.057336,""compression"":0.030624,""lens_occlusion"":0.114183}","[{""issue"":""compression"",""prob"":0.999934},{""issue"":""haze_fog"",""prob"":0.446087}]"
S10_fog_s1,S10,video_020,test,corrupted,fog,1,s1,0.08,0,-1.0,cloudy,day,rural,moderate,30,1280x720,128,corrupted/fog/s1/S10_fog_s1.mp4,"{""mask_mean"":0.2746223509311676,""severity"":0.08,""k"":0.896,""gamma"":0.7,""depth_shift"":0.3,""distance_exp"":1.5,""t_min"":0.25,""contrast_scale"":0.95,""darken_factor"":0.88,""blur_kernel"":5,""A"":[0.48426300287246704,0.5097505450248718,0.5352380275726318],""depth_min"":0.0,""depth_max"":1.0}",0.911980,0.025976,compression,0.999774,"{""haze_fog"":0.605154,""rain"":0.011221,""snow"":0.212176,""low_light"":3e-06,""motion_blur"":0.38255,""defocus_blur"":0.024982,""glare_flare"":0.173792,""vignetting"":0.021371,""sensor_noise"":9.8e-05,""exposure_shift"":0.723823,""compression"":0.999774,""lens_occlusion"":0.026443}","{""haze_fog"":0.173448,""rain"":0.455937,""snow"":0.388388,""low_light"":0.088543,""motion_blur"":0.194601,""defocus_blur"":0.142858,""glare_flare"":0.361704,""vignetting"":0.121851,""sensor_noise"":0.045759,""exposure_shift"":0.407595,""compression"":0.695794,""lens_occlusion"":0.160418}","[{""issue"":""compression"",""prob"":0.999774},{""issue"":""exposure_shift"",""prob"":0.723823},{""issue"":""haze_fog"",""prob"":0.605154},{""issue"":""motion_blur"",""prob"":0.38255}]"
S10_fog_s2,S10,video_020,test,corrupted,fog,2,s2,0.18,0,-1.0,cloudy,day,rural,moderate,30,1280x720,128,corrupted/fog/s2/S10_fog_s2.mp4,"{""mask_mean"":0.3030187785625458,""severity"":0.18,""k"":1.016,""gamma"":0.7,""depth_shift"":0.3,""distance_exp"":1.5,""t_min"":0.25,""contrast_scale"":0.95,""darken_factor"":0.88,""blur_kernel"":5,""A"":[0.5126814246177673,0.5396646857261658,0.5666479468345642],""depth_min"":0.0,""depth_max"":1.0}",0.803090,0.025001,compression,0.999700,"{""haze_fog"":0.624115,""rain"":0.015291,""snow"":0.320109,""low_light"":3e-06,""motion_blur"":0.327674,""defocus_blur"":0.024933,""glare_flare"":0.099378,""vignetting"":0.009105,""sensor_noise"":3.8e-05,""exposure_shift"":0.766252,""compression"":0.9997,""lens_occlusion"":0.030456}","{""haze_fog"":0.194299,""rain"":0.448708,""snow"":0.394978,""low_light"":0.091371,""motion_blur"":0.190382,""defocus_blur"":0.141358,""glare_flare"":0.369953,""vignetting"":0.120489,""sensor_noise"":0.044221,""exposure_shift"":0.445469,""compression"":0.67811,""lens_occlusion"":0.16447}","[{""issue"":""compression"",""prob"":0.9997},{""issue"":""exposure_shift"",""prob"":0.766252},{""issue"":""haze_fog"",""prob"":0.624115},{""issue"":""motion_blur"",""prob"":0.327674},{""issue"":""snow"",""prob"":0.320109}]"
S10_fog_s3,S10,video_020,test,corrupted,fog,3,s3,0.35,0,-1.0,cloudy,day,rural,moderate,30,1280x720,128,corrupted/fog/s3/S10_fog_s3.mp4,"{""mask_mean"":0.34764397144317627,""severity"":0.35,""k"":1.22,""gamma"":0.7,""depth_shift"":0.3,""distance_exp"":1.5,""t_min"":0.25,""contrast_scale"":0.95,""darken_factor"":0.88,""blur_kernel"":5,""A"":[0.3914196193218231,0.41202065348625183,0.43262168765068054],""depth_min"":0.0,""depth_max"":1.0}",0.621254,0.021536,compression,0.999713,"{""haze_fog"":0.75384,""rain"":0.007857,""snow"":0.080891,""low_light"":2e-06,""motion_blur"":0.234476,""defocus_blur"":0.027674,""glare_flare"":0.185901,""vignetting"":0.007105,""sensor_noise"":3.9e-05,""exposure_shift"":0.93337,""compression"":0.999713,""lens_occlusion"":0.020915}","{""haze_fog"":0.188453,""rain"":0.470438,""snow"":0.338316,""low_light"":0.088695,""motion_blur"":0.173978,""defocus_blur"":0.141671,""glare_flare"":0.360313,""vignetting"":0.121941,""sensor_noise"":0.044597,""exposure_shift"":0.542914,""compression"":0.660619,""lens_occlusion"":0.147352}","[{""issue"":""compression"",""prob"":0.999713},{""issue"":""exposure_shift"",""prob"":0.93337},{""issue"":""haze_fog"",""prob"":0.75384}]"
S10_fog_s4,S10,video_020,test,corrupted,fog,4,s4,0.55,0,-1.0,cloudy,day,rural,moderate,30,1280x720,128,corrupted/fog/s4/S10_fog_s4.mp4,"{""mask_mean"":0.39480748772621155,""severity"":0.55,""k"":1.46,""gamma"":0.7,""depth_shift"":0.3,""distance_exp"":1.5,""t_min"":0.25,""contrast_scale"":0.95,""darken_factor"":0.88,""blur_kernel"":5,""A"":[0.5010399222373962,0.5274103879928589,0.5537809133529663],""depth_min"":0.0,""depth_max"":1.0}",0.413809,0.016762,compression,0.999672,"{""haze_fog"":0.900102,""rain"":0.009374,""snow"":0.019444,""low_light"":1e-06,""motion_blur"":0.191053,""defocus_blur"":0.029449,""glare_flare"":0.040786,""vignetting"":0.006701,""sensor_noise"":1.3e-05,""exposure_shift"":0.9716,""compression"":0.999672,""lens_occlusion"":0.013974}","{""haze_fog"":0.219089,""rain"":0.494835,""snow"":0.315421,""low_light"":0.08793,""motion_blur"":0.165592,""defocus_blur"":0.149709,""glare_flare"":0.329929,""vignetting"":0.131095,""sensor_noise"":0.040101,""exposure_shift"":0.623169,""compression"":0.664352,""lens_occlusion"":0.131892}","[{""issue"":""compression"",""prob"":0.999672},{""issue"":""exposure_shift"",""prob"":0.9716},{""issue"":""haze_fog"",""prob"":0.900102}]"
S10_fog_s5,S10,video_020,test,corrupted,fog,5,s5,0.75,0,-1.0,cloudy,day,rural,moderate,30,1280x720,128,corrupted/fog/s5/S10_fog_s5.mp4,"{""mask_mean"":0.4368450343608856,""severity"":0.75,""k"":1.7,""gamma"":0.7,""depth_shift"":0.3,""distance_exp"":1.5,""t_min"":0.25,""contrast_scale"":0.95,""darken_factor"":0.88,""blur_kernel"":5,""A"":[0.4485141634941101,0.47212016582489014,0.49572616815567017],""depth_min"":0.0,""depth_max"":1.0}",0.216134,0.014701,compression,0.999567,"{""haze_fog"":0.949618,""rain"":0.016828,""snow"":0.008044,""low_light"":1e-06,""motion_blur"":0.096945,""defocus_blur"":0.030188,""glare_flare"":0.030566,""vignetting"":0.002555,""sensor_noise"":9e-06,""exposure_shift"":0.988698,""compression"":0.999567,""lens_occlusion"":0.014255}","{""haze_fog"":0.248897,""rain"":0.509431,""snow"":0.281725,""low_light"":0.088529,""motion_blur"":0.14886,""defocus_blur"":0.149479,""glare_flare"":0.319813,""vignetting"":0.147309,""sensor_noise"":0.037821,""exposure_shift"":0.678843,""compression"":0.631035,""lens_occlusion"":0.13061}","[{""issue"":""compression"",""prob"":0.999567},{""issue"":""exposure_shift"",""prob"":0.988698},{""issue"":""haze_fog"",""prob"":0.949618}]"
S10_rain_s1,S10,video_020,test,corrupted,rain,1,s1,0.08,0,-1.0,cloudy,day,rural,moderate,30,1280x720,128,corrupted/rain/s1/S10_rain_s1.mp4,"{""mask_mean"":0.011272081173956394,""severity"":0.08,""alpha"":0.09650932959390293,""eta"":0.6510045089928602,""depth_separation_exp"":1.6,""density"":0.0015144973434694853,""density_far"":0.0009844232732551656,""density_near"":0.0005300740702143199,""base_angle_deg"":72.17531367158108,""far_angle_deg"":65.0451441753655,""near_angle_deg"":65.88497234635139,""blur_sigma"":0.30561374184688067,""invert_depth"":false,""multilayer"":true,""rainy_tone"":true,""apply_rain_haze"":true,""rain_haze_strength"":0.041999999999999996,""apply_overcast_sky"":true,""overcast_mask_mean"":0.037700604647397995,""extra_desat"":0.0048,""patchiness"":true,""brightness_randomness"":false,""apply_visibility_blur"":false,""visibility_blur_sigma"":0.0,""device"":""cuda""}",0.925000,0.256257,compression,0.999898,"{""haze_fog"":0.503119,""rain"":0.009645,""snow"":0.60892,""low_light"":5e-05,""motion_blur"":0.0,""defocus_blur"":0.002744,""glare_flare"":0.112558,""vignetting"":0.125216,""sensor_noise"":0.0,""exposure_shift"":0.298172,""compression"":0.999898,""lens_occlusion"":0.017099}","{""haze_fog"":0.103084,""rain"":0.175797,""snow"":0.164029,""low_light"":0.061907,""motion_blur"":0.004069,""defocus_blur"":0.010735,""glare_flare"":0.336188,""vignetting"":0.133673,""sensor_noise"":0.001585,""exposure_shift"":0.096886,""compression"":0.036619,""lens_occlusion"":0.149245}","[{""issue"":""compression"",""prob"":0.999898},{""issue"":""snow"",""prob"":0.60892},{""issue"":""haze_fog"",""prob"":0.503119},{""issue"":""exposure_shift"",""prob"":0.298172}]"
S10_rain_s2,S10,video_020,test,corrupted,rain,2,s2,0.18,0,-1.0,cloudy,day,rural,moderate,30,1280x720,128,corrupted/rain/s2/S10_rain_s2.mp4,"{""mask_mean"":0.019337330013513565,""severity"":0.18,""alpha"":0.11905320900776459,""eta"":0.8360370736413861,""depth_separation_exp"":1.6,""density"":0.0023977709713519056,""density_far"":0.0015585511313787387,""density_near"":0.000839219839973167,""base_angle_deg"":82.91501947444166,""far_angle_deg"":84.73202432626655,""near_angle_deg"":77.04504633984286,""blur_sigma"":0.36475058896551665,""invert_depth"":false,""multilayer"":true,""rainy_tone"":true,""apply_rain_haze"":true,""rain_haze_strength"":0.056999999999999995,""apply_overcast_sky"":true,""overcast_mask_mean"":0.037700604647397995,""extra_desat"":0.010799999999999999,""patchiness"":true,""brightness_randomness"":false,""apply_visibility_blur"":false,""visibility_blur_sigma"":0.0,""device"":""cuda""}",0.830646,0.220252,compression,0.999959,"{""haze_fog"":0.510427,""rain"":0.043643,""snow"":0.702907,""low_light"":5.2e-05,""motion_blur"":0.0,""defocus_blur"":0.002016,""glare_flare"":0.138321,""vignetting"":0.115025,""sensor_noise"":0.0,""exposure_shift"":0.307118,""compression"":0.999959,""lens_occlusion"":0.017605}","{""haze_fog"":0.09959,""rain"":0.182013,""snow"":0.219053,""low_light"":0.072526,""motion_blur"":0.003616,""defocus_blur"":0.010086,""glare_flare"":0.339701,""vignetting"":0.133578,""sensor_noise"":0.002435,""exposure_shift"":0.101263,""compression"":0.037266,""lens_occlusion"":0.14775}","[{""issue"":""compression"",""prob"":0.999959},{""issue"":""snow"",""prob"":0.702907},{""issue"":""haze_fog"",""prob"":0.510427},{""issue"":""exposure_shift"",""prob"":0.307118}]"
S10_rain_s3,S10,video_020,test,corrupted,rain,3,s3,0.35,0,-1.0,cloudy,day,rural,moderate,30,1280x720,128,corrupted/rain/s3/S10_rain_s3.mp4,"{""mask_mean"":0.030442580580711365,""severity"":0.35,""alpha"":0.14964564111331288,""eta"":1.1001761530338598,""depth_separation_exp"":1.6,""density"":0.003554258533043012,""density_far"":0.0023102680464779576,""density_near"":0.001243990486565054,""base_angle_deg"":86.94727030587494,""far_angle_deg"":92.97329625241107,""near_angle_deg"":94.61955822552312,""blur_sigma"":0.452184942755752,""invert_depth"":false,""multilayer"":true,""rainy_tone"":true,""apply_rain_haze"":true,""rain_haze_strength"":0.08249999999999999,""apply_overcast_sky"":true,""overcast_mask_mean"":0.037700604647397995,""extra_desat"":0.020999999999999998,""patchiness"":true,""brightness_randomness"":false,""apply_visibility_blur"":false,""visibility_blur_sigma"":0.0,""device"":""cuda""}",0.668458,0.191060,compression,0.999988,"{""haze_fog"":0.514073,""rain"":0.05776,""snow"":0.743687,""low_light"":0.003251,""motion_blur"":0.0,""defocus_blur"":0.001253,""glare_flare"":0.067871,""vignetting"":0.123511,""sensor_noise"":0.0,""exposure_shift"":0.178224,""compression"":0.999988,""lens_occlusion"":0.022633}","{""haze_fog"":0.082446,""rain"":0.220806,""snow"":0.313838,""low_light"":0.095546,""motion_blur"":0.002809,""defocus_blur"":0.008956,""glare_flare"":0.31376,""vignetting"":0.115276,""sensor_noise"":0.003591,""exposure_shift"":0.082116,""compression"":0.030411,""lens_occlusion"":0.120143}","[{""issue"":""compression"",""prob"":0.999988},{""issue"":""snow"",""prob"":0.743687},{""issue"":""haze_fog"",""prob"":0.514073}]"
S10_rain_s4,S10,video_020,test,corrupted,rain,4,s4,0.55,0,-1.0,cloudy,day,rural,moderate,30,1280x720,128,corrupted/rain/s4/S10_rain_s4.mp4,"{""mask_mean"":0.07248344272375107,""severity"":0.55,""alpha"":0.2018648071483469,""eta"":1.302820498977675,""depth_separation_exp"":1.6,""density"":0.00470966891592541,""density_far"":0.003061284795351517,""density_near"":0.0016483841205738935,""base_angle_deg"":76.49077831303691,""far_angle_deg"":74.02624112104158,""near_angle_deg"":74.15300576442502,""blur_sigma"":0.6057482043351902,""invert_depth"":false,""multilayer"":true,""rainy_tone"":true,""apply_rain_haze"":true,""rain_haze_strength"":0.1125,""apply_overcast_sky"":true,""overcast_mask_mean"":0.037700604647397995,""extra_desat"":0.033,""patchiness"":true,""brightness_randomness"":false,""apply_visibility_blur"":false,""visibility_blur_sigma"":0.0,""device"":""cuda""}",0.473973,0.159370,compression,0.999998,"{""haze_fog"":0.492265,""rain"":0.12538,""snow"":0.666775,""low_light"":0.003505,""motion_blur"":0.0,""defocus_blur"":0.001317,""glare_flare"":0.022547,""vignetting"":0.100596,""sensor_noise"":2e-06,""exposure_shift"":0.045932,""compression"":0.999998,""lens_occlusion"":0.034756}","{""haze_fog"":0.062565,""rain"":0.336928,""snow"":0.54717,""low_light"":0.143102,""motion_blur"":0.003082,""defocus_blur"":0.012853,""glare_flare"":0.281482,""vignetting"":0.116467,""sensor_noise"":0.006126,""exposure_shift"":0.073303,""compression"":0.032158,""lens_occlusion"":0.082935}","[{""issue"":""compression"",""prob"":0.999998},{""issue"":""snow"",""prob"":0.666775},{""issue"":""haze_fog"",""prob"":0.492265}]"
S10_rain_s5,S10,video_020,test,corrupted,rain,5,s5,0.75,0,-1.0,cloudy,day,rural,moderate,30,1280x720,128,corrupted/rain/s5/S10_rain_s5.mp4,"{""mask_mean"":0.07905323803424835,""severity"":0.75,""alpha"":0.22072397039113617,""eta"":1.5260802992595168,""depth_separation_exp"":1.6,""density"":0.006489713488181133,""density_far"":0.004218313767317737,""density_near"":0.0022713997208633962,""base_angle_deg"":71.4434791575411,""far_angle_deg"":67.11987855274823,""near_angle_deg"":78.7793541807593,""blur_sigma"":0.6525099156914308,""invert_depth"":false,""multilayer"":true,""rainy_tone"":true,""apply_rain_haze"":true,""rain_haze_strength"":0.1425,""apply_overcast_sky"":true,""overcast_mask_mean"":0.037700604647397995,""extra_desat"":0.045,""patchiness"":true,""brightness_randomness"":false,""apply_visibility_blur"":false,""visibility_blur_sigma"":0.0,""device"":""cuda""}",0.273573,0.139713,compression,0.999999,"{""haze_fog"":0.600562,""rain"":0.464247,""snow"":0.273805,""low_light"":0.010396,""motion_blur"":0.0,""defocus_blur"":0.00121,""glare_flare"":0.03024,""vignetting"":0.149645,""sensor_noise"":1e-05,""exposure_shift"":0.032414,""compression"":0.999999,""lens_occlusion"":0.049985}","{""haze_fog"":0.060529,""rain"":0.478428,""snow"":0.484031,""low_light"":0.17063,""motion_blur"":0.002825,""defocus_blur"":0.012268,""glare_flare"":0.262407,""vignetting"":0.11364,""sensor_noise"":0.006053,""exposure_shift"":0.074591,""compression"":0.028671,""lens_occlusion"":0.08261}","[{""issue"":""compression"",""prob"":0.999999},{""issue"":""haze_fog"",""prob"":0.600562},{""issue"":""rain"",""prob"":0.464247},{""issue"":""snow"",""prob"":0.273805}]"
S10_snow_s1,S10,video_020,test,corrupted,snow,1,s1,0.08,0,-1.0,cloudy,day,rural,moderate,30,1280x720,128,corrupted/snow/s1/S10_snow_s1.mp4,"{""mask_mean"":0.006834774743765593,""severity"":0.08,""severity_scaled"":0.010606252855487957,""alpha"":0.10030938851197611,""eta"":0.6922295815422441,""depth_separation_exp"":1.4,""density"":0.001184294082658189,""small_fraction"":0.5973484367861279,""medium_fraction"":0.3,""large_fraction"":0.10265156321387199,""small_density"":0.0007074362189709306,""medium_density"":0.0003552882247974567,""large_density"":0.00012156963888980162,""small_sigma"":0.6095456275699391,""medium_sigma"":1.4169700045687807,""large_sigma"":2.547728137849696,""invert_depth"":false,""apply_snow_haze"":true,""snow_haze_strength"":0.023818251027975666,""apply_overcast_sky"":true,""overcast_mask_mean"":0.037700604647397995,""patchiness"":true,""apply_visibility_blur"":false,""visibility_blur_sigma"":0.0,""device"":""cuda""}",0.918467,0.375089,compression,0.999965,"{""haze_fog"":0.568895,""rain"":0.026482,""snow"":0.000865,""low_light"":5e-06,""motion_blur"":0.0,""defocus_blur"":0.00393,""glare_flare"":0.17063,""vignetting"":0.144329,""sensor_noise"":0.0,""exposure_shift"":0.381074,""compression"":0.999965,""lens_occlusion"":0.014087}","{""haze_fog"":0.093981,""rain"":0.188627,""snow"":0.103434,""low_light"":0.05071,""motion_blur"":0.004217,""defocus_blur"":0.011815,""glare_flare"":0.312783,""vignetting"":0.124268,""sensor_noise"":0.000923,""exposure_shift"":0.096422,""compression"":0.028758,""lens_occlusion"":0.115835}","[{""issue"":""compression"",""prob"":0.999965},{""issue"":""haze_fog"",""prob"":0.568895},{""issue"":""exposure_shift"",""prob"":0.381074}]"
S10_snow_s2,S10,video_020,test,corrupted,snow,2,s2,0.18,0,-1.0,cloudy,day,rural,moderate,30,1280x720,128,corrupted/snow/s2/S10_snow_s2.mp4,"{""mask_mean"":0.012714046984910965,""severity"":0.18,""severity_scaled"":0.04565522728706038,""alpha"":0.12464206377054794,""eta"":0.7358567121822595,""depth_separation_exp"":1.4,""density"":0.0018959751845921116,""small_fraction"":0.5885861931782348,""medium_fraction"":0.3,""large_fraction"":0.1114138068217651,""small_density"":0.001115944816259472,""medium_density"":0.0005687925553776335,""large_density"":0.00021123781295500596,""small_sigma"":0.6410897045583543,""medium_sigma"":1.4730483636592966,""large_sigma"":2.7054485227917717,""invert_depth"":false,""apply_snow_haze"":true,""snow_haze_strength"":0.03643588182334174,""apply_overcast_sky"":true,""overcast_mask_mean"":0.037700604647397995,""patchiness"":true,""apply_visibility_blur"":false,""visibility_blur_sigma"":0.0,""device"":""cuda""}",0.816752,0.371250,compression,0.999975,"{""haze_fog"":0.597781,""rain"":0.01711,""snow"":0.001713,""low_light"":8e-06,""motion_blur"":0.0,""defocus_blur"":0.003781,""glare_flare"":0.144476,""vignetting"":0.136905,""sensor_noise"":0.0,""exposure_shift"":0.408985,""compression"":0.999975,""lens_occlusion"":0.014185}","{""haze_fog"":0.097043,""rain"":0.190246,""snow"":0.112457,""low_light"":0.051639,""motion_blur"":0.004227,""defocus_blur"":0.011661,""glare_flare"":0.312436,""vignetting"":0.122562,""sensor_noise"":0.000996,""exposure_shift"":0.10031,""compression"":0.028702,""lens_occlusion"":0.119396}","[{""issue"":""compression"",""prob"":0.999975},{""issue"":""haze_fog"",""prob"":0.597781},{""issue"":""exposure_shift"",""prob"":0.408985}]"
S10_snow_s3,S10,video_020,test,corrupted,snow,3,s3,0.35,0,-1.0,cloudy,day,rural,moderate,30,1280x720,128,corrupted/snow/s3/S10_snow_s3.mp4,"{""mask_mean"":0.025083603337407112,""severity"":0.35,""severity_scaled"":0.15112018613329828,""alpha"":0.16360110825667304,""eta"":0.9004236676421282,""depth_separation_exp"":1.4,""density"":0.0038267193530757302,""small_fraction"":0.5622199534666754,""medium_fraction"":0.3,""large_fraction"":0.13778004653332457,""small_density"":0.0021514579766162634,""medium_density"":0.001148015805922719,""large_density"":0.0005272455705367478,""small_sigma"":0.7360081675199684,""medium_sigma"":1.6417922978132773,""large_sigma"":3.1800408375998424,""invert_depth"":false,""apply_snow_haze"":true,""snow_haze_strength"":0.07440326700798738,""apply_overcast_sky"":true,""overcast_mask_mean"":0.037700604647397995,""patchiness"":true,""apply_visibility_blur"":false,""visibility_blur_sigma"":0.0,""device"":""cuda""}",0.644424,0.353690,compression,0.999986,"{""haze_fog"":0.639535,""rain"":0.00851,""snow"":0.004525,""low_light"":4.1e-05,""motion_blur"":0.0,""defocus_blur"":0.003098,""glare_flare"":0.116829,""vignetting"":0.140801,""sensor_noise"":0.0,""exposure_shift"":0.475683,""compression"":0.999986,""lens_occlusion"":0.021021}","{""haze_fog"":0.093008,""rain"":0.200112,""snow"":0.157173,""low_light"":0.065637,""motion_blur"":0.003612,""defocus_blur"":0.0108,""glare_flare"":0.303943,""vignetting"":0.116607,""sensor_noise"":0.001502,""exposure_shift"":0.107427,""compression"":0.026687,""lens_occlusion"":0.115541}","[{""issue"":""compression"",""prob"":0.999986},{""issue"":""haze_fog"",""prob"":0.639535},{""issue"":""exposure_shift"",""prob"":0.475683}]"
S10_snow_s4,S10,video_020,test,corrupted,snow,4,s4,0.55,0,-1.0,cloudy,day,rural,moderate,30,1280x720,128,corrupted/snow/s4/S10_snow_s4.mp4,"{""mask_mean"":0.07171130180358887,""severity"":0.55,""severity_scaled"":0.34092028363462246,""alpha"":0.24096286102455672,""eta"":1.1187228031749081,""depth_separation_exp"":1.4,""density"":0.007309348135617231,""small_fraction"":0.5147699290913443,""medium_fraction"":0.3,""large_fraction"":0.18523007090865562,""small_density"":0.003762632621475632,""medium_density"":0.0021928044406851694,""large_density"":0.0013539110734564295,""small_sigma"":0.9068282552711602,""medium_sigma"":1.945472453815396,""large_sigma"":4.034141276355801,""invert_depth"":false,""apply_snow_haze"":true,""snow_haze_strength"":0.14273130210846408,""apply_overcast_sky"":true,""overcast_mask_mean"":0.037700604647397995,""patchiness"":true,""apply_visibility_blur"":false,""visibility_blur_sigma"":0.0,""device"":""cuda""}",0.442871,0.329968,compression,0.999996,"{""haze_fog"":0.701951,""rain"":0.002304,""snow"":0.310735,""low_light"":0.00048,""motion_blur"":0.0,""defocus_blur"":0.001772,""glare_flare"":0.047467,""vignetting"":0.127036,""sensor_noise"":0.0,""exposure_shift"":0.523577,""compression"":0.999996,""lens_occlusion"":0.012693}","{""haze_fog"":0.075464,""rain"":0.202821,""snow"":0.326354,""low_light"":0.099311,""motion_blur"":0.002046,""defocus_blur"":0.008763,""glare_flare"":0.258169,""vignetting"":0.103315,""sensor_noise"":0.00371,""exposure_shift"":0.10398,""compression"":0.0206,""lens_occlusion"":0.093699}","[{""issue"":""compression"",""prob"":0.999996},{""issue"":""haze_fog"",""prob"":0.701951},{""issue"":""exposure_shift"",""prob"":0.523577},{""issue"":""snow"",""prob"":0.310735}]"
S10_snow_s5,S10,video_020,test,corrupted,snow,5,s5,0.75,0,-1.0,cloudy,day,rural,moderate,30,1280x720,128,corrupted/snow/s5/S10_snow_s5.mp4,"{""mask_mean"":0.16556406021118164,""severity"":0.75,""severity_scaled"":0.5958134105899568,""alpha"":0.368720467634995,""eta"":1.3927052158372195,""depth_separation_exp"":1.4,""density"":0.012853480161835004,""small_fraction"":0.45104664735251077,""medium_fraction"":0.3,""large_fraction"":0.2489533526474892,""small_density"":0.005797519133807686,""medium_density"":0.003856044048550501,""large_density"":0.003199916979476816,""small_sigma"":1.1362320695309611,""medium_sigma"":2.353301456943931,""large_sigma"":5.181160347654806,""invert_depth"":false,""apply_snow_haze"":true,""snow_haze_strength"":0.23449282781238445,""apply_overcast_sky"":true,""overcast_mask_mean"":0.037700604647397995,""patchiness"":true,""apply_visibility_blur"":false,""visibility_blur_sigma"":0.0,""device"":""cuda""}",0.243164,0.253690,compression,0.999998,"{""haze_fog"":0.789412,""rain"":0.001006,""snow"":0.935976,""low_light"":0.044095,""motion_blur"":0.0,""defocus_blur"":0.001174,""glare_flare"":0.015783,""vignetting"":0.13775,""sensor_noise"":1e-06,""exposure_shift"":0.519108,""compression"":0.999998,""lens_occlusion"":0.009272}","{""haze_fog"":0.078036,""rain"":0.208958,""snow"":0.517736,""low_light"":0.152187,""motion_blur"":0.001519,""defocus_blur"":0.008045,""glare_flare"":0.227938,""vignetting"":0.101945,""sensor_noise"":0.006327,""exposure_shift"":0.112521,""compression"":0.016564,""lens_occlusion"":0.085884}","[{""issue"":""compression"",""prob"":0.999998},{""issue"":""snow"",""prob"":0.935976},{""issue"":""haze_fog"",""prob"":0.789412},{""issue"":""exposure_shift"",""prob"":0.519108}]"
S10_glare_flare_s1,S10,video_020,test,corrupted,glare_flare,1,s1,0.08,0,-1.0,cloudy,day,rural,moderate,30,1280x720,128,corrupted/glare_flare/s1/S10_glare_flare_s1.mp4,"{""severity"":0.08,""severity_scaled"":0.02262741699796952,""bright_thresh"":0.8161533391103452,""bloom_strength"":0.09289762768884263,""streak_enabled"":true,""streak_angle_deg"":15.085674076442587,""ghosts_enabled"":true,""ghost_count"":1,""flare_mean"":0.018130099400877953,""device"":""cuda""}",0.889636,0.420354,compression,0.999973,"{""haze_fog"":0.488813,""rain"":0.000761,""snow"":1.1e-05,""low_light"":0.0,""motion_blur"":0.0,""defocus_blur"":0.005728,""glare_flare"":0.359243,""vignetting"":0.026729,""sensor_noise"":0.0,""exposure_shift"":0.003751,""compression"":0.999973,""lens_occlusion"":0.019228}","{""haze_fog"":0.083381,""rain"":0.128841,""snow"":0.047246,""low_light"":0.035474,""motion_blur"":0.008939,""defocus_blur"":0.015626,""glare_flare"":0.339121,""vignetting"":0.082743,""sensor_noise"":0.00072,""exposure_shift"":0.039439,""compression"":0.037295,""lens_occlusion"":0.123954}","[{""issue"":""compression"",""prob"":0.999973},{""issue"":""haze_fog"",""prob"":0.488813},{""issue"":""glare_flare"",""prob"":0.359243}]"
S10_glare_flare_s2,S10,video_020,test,corrupted,glare_flare,2,s2,0.18,0,-1.0,cloudy,day,rural,moderate,30,1280x720,128,corrupted/glare_flare/s2/S10_glare_flare_s2.mp4,"{""severity"":0.18,""severity_scaled"":0.07636753236814713,""bright_thresh"":0.807017519497415,""bloom_strength"":0.12352949344984387,""streak_enabled"":true,""streak_angle_deg"":-5.527674586270361,""ghosts_enabled"":true,""ghost_count"":1,""flare_mean"":0.02712451107800007,""device"":""cuda""}",0.757049,0.402423,compression,0.999978,"{""haze_fog"":0.545875,""rain"":0.000973,""snow"":1.7e-05,""low_light"":0.0,""motion_blur"":0.0,""defocus_blur"":0.005493,""glare_flare"":0.42832,""vignetting"":0.007961,""sensor_noise"":0.0,""exposure_shift"":0.005389,""compression"":0.999978,""lens_occlusion"":0.022318}","{""haze_fog"":0.089654,""rain"":0.140364,""snow"":0.04671,""low_light"":0.033521,""motion_blur"":0.009477,""defocus_blur"":0.01533,""glare_flare"":0.362923,""vignetting"":0.077531,""sensor_noise"":0.00078,""exposure_shift"":0.044186,""compression"":0.037788,""lens_occlusion"":0.12978}","[{""issue"":""compression"",""prob"":0.999978},{""issue"":""haze_fog"",""prob"":0.545875},{""issue"":""glare_flare"",""prob"":0.42832}]"
S10_glare_flare_s3,S10,video_020,test,corrupted,glare_flare,3,s3,0.35,0,-1.0,cloudy,day,rural,moderate,30,1280x720,128,corrupted/glare_flare/s3/S10_glare_flare_s3.mp4,"{""severity"":0.35,""severity_scaled"":0.20706279240848655,""bright_thresh"":0.7847993252905573,""bloom_strength"":0.19802579167283735,""streak_enabled"":true,""streak_angle_deg"":7.19668489263919,""ghosts_enabled"":true,""ghost_count"":2,""flare_mean"":0.056807566434144974,""device"":""cuda""}",0.546526,0.382963,compression,0.999985,"{""haze_fog"":0.660509,""rain"":0.003069,""snow"":4e-06,""low_light"":0.0,""motion_blur"":0.0,""defocus_blur"":0.005641,""glare_flare"":0.623762,""vignetting"":0.003568,""sensor_noise"":0.0,""exposure_shift"":0.009939,""compression"":0.999985,""lens_occlusion"":0.024944}","{""haze_fog"":0.111656,""rain"":0.164139,""snow"":0.048166,""low_light"":0.032384,""motion_blur"":0.010736,""defocus_blur"":0.015332,""glare_flare"":0.425955,""vignetting"":0.074149,""sensor_noise"":0.00108,""exposure_shift"":0.05778,""compression"":0.039507,""lens_occlusion"":0.133206}","[{""issue"":""compression"",""prob"":0.999985},{""issue"":""haze_fog"",""prob"":0.660509},{""issue"":""glare_flare"",""prob"":0.623762}]"
S10_glare_flare_s4,S10,video_020,test,corrupted,glare_flare,4,s4,0.55,0,-1.0,cloudy,day,rural,moderate,30,1280x720,128,corrupted/glare_flare/s4/S10_glare_flare_s4.mp4,"{""severity"":0.55,""severity_scaled"":0.4078909167902615,""bright_thresh"":0.7506585441456555,""bloom_strength"":0.3124978225704491,""streak_enabled"":true,""streak_angle_deg"":-9.96762269767333,""ghosts_enabled"":true,""ghost_count"":3,""flare_mean"":0.12293881177902222,""device"":""cuda""}",0.326310,0.349683,compression,0.999988,"{""haze_fog"":0.643115,""rain"":0.001971,""snow"":2e-06,""low_light"":0.0,""motion_blur"":0.0,""defocus_blur"":0.006178,""glare_flare"":0.873622,""vignetting"":0.002541,""sensor_noise"":0.0,""exposure_shift"":0.004248,""compression"":0.999988,""lens_occlusion"":0.006764}","{""haze_fog"":0.124978,""rain"":0.165475,""snow"":0.040462,""low_light"":0.033626,""motion_blur"":0.012504,""defocus_blur"":0.017239,""glare_flare"":0.5495,""vignetting"":0.053346,""sensor_noise"":0.002074,""exposure_shift"":0.064964,""compression"":0.043788,""lens_occlusion"":0.107875}","[{""issue"":""compression"",""prob"":0.999988},{""issue"":""glare_flare"",""prob"":0.873622},{""issue"":""haze_fog"",""prob"":0.643115}]"
S10_glare_flare_s5,S10,video_020,test,corrupted,glare_flare,5,s5,0.75,0,-1.0,cloudy,day,rural,moderate,30,1280x720,128,corrupted/glare_flare/s5/S10_glare_flare_s5.mp4,"{""severity"":0.75,""severity_scaled"":0.649519052838329,""bright_thresh"":0.709581761017484,""bloom_strength"":0.4502258601178476,""streak_enabled"":true,""streak_angle_deg"":-9.075957656089189,""ghosts_enabled"":true,""ghost_count"":4,""flare_mean"":0.22085148096084595,""device"":""cuda""}",0.143091,0.299874,compression,0.999976,"{""haze_fog"":0.353037,""rain"":0.00015,""snow"":0.002957,""low_light"":0.0,""motion_blur"":0.0,""defocus_blur"":0.006156,""glare_flare"":0.981561,""vignetting"":0.006436,""sensor_noise"":0.0,""exposure_shift"":0.000718,""compression"":0.999976,""lens_occlusion"":0.003037}","{""haze_fog"":0.084793,""rain"":0.130413,""snow"":0.026879,""low_light"":0.049601,""motion_blur"":0.013437,""defocus_blur"":0.021449,""glare_flare"":0.646732,""vignetting"":0.090408,""sensor_noise"":0.005809,""exposure_shift"":0.053288,""compression"":0.048524,""lens_occlusion"":0.089733}","[{""issue"":""compression"",""prob"":0.999976},{""issue"":""glare_flare"",""prob"":0.981561},{""issue"":""haze_fog"",""prob"":0.353037}]"
S10_motion_blur_s1,S10,video_020,test,corrupted,motion_blur,1,s1,0.08,0,-1.0,cloudy,day,rural,moderate,30,1280x720,128,corrupted/motion_blur/s1/S10_motion_blur_s1.mp4,"{""severity"":0.08,""ksize"":11,""n_points"":11,""accel"":0.06317522482726137,""linear"":false,""psf_smooth_sigma"":0.10263757869706577}",0.896599,0.217341,compression,0.999944,"{""haze_fog"":0.171941,""rain"":0.000318,""snow"":0.02004,""low_light"":4e-06,""motion_blur"":0.548205,""defocus_blur"":0.018015,""glare_flare"":0.0635,""vignetting"":0.358911,""sensor_noise"":1.3e-05,""exposure_shift"":0.008874,""compression"":0.999944,""lens_occlusion"":0.013151}","{""haze_fog"":0.094343,""rain"":0.240479,""snow"":0.267626,""low_light"":0.112898,""motion_blur"":0.153336,""defocus_blur"":0.080622,""glare_flare"":0.236589,""vignetting"":0.122107,""sensor_noise"":0.02449,""exposure_shift"":0.079856,""compression"":0.456568,""lens_occlusion"":0.141171}","[{""issue"":""compression"",""prob"":0.999944},{""issue"":""motion_blur"",""prob"":0.548205},{""issue"":""vignetting"",""prob"":0.358911}]"
S10_motion_blur_s2,S10,video_020,test,corrupted,motion_blur,2,s2,0.18,0,-1.0,cloudy,day,rural,moderate,30,1280x720,128,corrupted/motion_blur/s2/S10_motion_blur_s2.mp4,"{""severity"":0.18,""ksize"":13,""n_points"":14,""accel"":0.1500674886425468,""linear"":true,""psf_smooth_sigma"":0.2149055138577577}",0.771227,0.197492,compression,0.999903,"{""haze_fog"":0.150839,""rain"":0.000476,""snow"":0.036355,""low_light"":2e-06,""motion_blur"":0.329438,""defocus_blur"":0.019782,""glare_flare"":0.019657,""vignetting"":0.361525,""sensor_noise"":6e-06,""exposure_shift"":0.007557,""compression"":0.999903,""lens_occlusion"":0.012314}","{""haze_fog"":0.102229,""rain"":0.239743,""snow"":0.2576,""low_light"":0.105192,""motion_blur"":0.153192,""defocus_blur"":0.084919,""glare_flare"":0.232778,""vignetting"":0.115573,""sensor_noise"":0.021519,""exposure_shift"":0.082234,""compression"":0.459943,""lens_occlusion"":0.134929}","[{""issue"":""compression"",""prob"":0.999903},{""issue"":""vignetting"",""prob"":0.361525},{""issue"":""motion_blur"",""prob"":0.329438}]"
S10_motion_blur_s3,S10,video_020,test,corrupted,motion_blur,3,s3,0.35,0,-1.0,cloudy,day,rural,moderate,30,1280x720,128,corrupted/motion_blur/s3/S10_motion_blur_s3.mp4,"{""severity"":0.35,""ksize"":19,""n_points"":19,""accel"":0.2679795023088078,""linear"":true,""psf_smooth_sigma"":0.42381408885492755}",0.568989,0.113379,compression,0.999745,"{""haze_fog"":0.120123,""rain"":8.4e-05,""snow"":0.007618,""low_light"":1.1e-05,""motion_blur"":0.911815,""defocus_blur"":0.02592,""glare_flare"":0.024047,""vignetting"":0.483333,""sensor_noise"":1.1e-05,""exposure_shift"":0.005393,""compression"":0.999745,""lens_occlusion"":0.017554}","{""haze_fog"":0.089822,""rain"":0.200887,""snow"":0.222091,""low_light"":0.14022,""motion_blur"":0.3086,""defocus_blur"":0.092986,""glare_flare"":0.248486,""vignetting"":0.146287,""sensor_noise"":0.028543,""exposure_shift"":0.09205,""compression"":0.576865,""lens_occlusion"":0.158221}","[{""issue"":""compression"",""prob"":0.999745},{""issue"":""motion_blur"",""prob"":0.911815},{""issue"":""vignetting"",""prob"":0.483333}]"
S10_motion_blur_s4,S10,video_020,test,corrupted,motion_blur,4,s4,0.55,0,-1.0,cloudy,day,rural,moderate,30,1280x720,128,corrupted/motion_blur/s4/S10_motion_blur_s4.mp4,"{""severity"":0.55,""ksize"":27,""n_points"":26,""accel"":0.46061741197420725,""linear"":true,""psf_smooth_sigma"":0.7200689160540282}",0.351605,0.043598,compression,0.999257,"{""haze_fog"":0.109854,""rain"":3.1e-05,""snow"":0.044462,""low_light"":0.000143,""motion_blur"":0.996663,""defocus_blur"":0.035615,""glare_flare"":0.02755,""vignetting"":0.358934,""sensor_noise"":3.5e-05,""exposure_shift"":0.018502,""compression"":0.999257,""lens_occlusion"":0.017906}","{""haze_fog"":0.083221,""rain"":0.231546,""snow"":0.249122,""low_light"":0.179922,""motion_blur"":0.487465,""defocus_blur"":0.113952,""glare_flare"":0.273985,""vignetting"":0.175123,""sensor_noise"":0.037987,""exposure_shift"":0.134209,""compression"":0.668101,""lens_occlusion"":0.161671}","[{""issue"":""compression"",""prob"":0.999257},{""issue"":""motion_blur"",""prob"":0.996663},{""issue"":""vignetting"",""prob"":0.358934}]"
S10_motion_blur_s5,S10,video_020,test,corrupted,motion_blur,5,s5,0.75,0,-1.0,cloudy,day,rural,moderate,30,1280x720,128,corrupted/motion_blur/s5/S10_motion_blur_s5.mp4,"{""severity"":0.75,""ksize"":33,""n_points"":32,""accel"":0.5420454438117246,""linear"":false,""psf_smooth_sigma"":0.988984778055959}",0.162893,0.024299,compression,0.998185,"{""haze_fog"":0.061808,""rain"":4.7e-05,""snow"":0.008322,""low_light"":0.00016,""motion_blur"":0.996889,""defocus_blur"":0.035156,""glare_flare"":0.016544,""vignetting"":0.194131,""sensor_noise"":2.9e-05,""exposure_shift"":0.061266,""compression"":0.998185,""lens_occlusion"":0.021887}","{""haze_fog"":0.067063,""rain"":0.277315,""snow"":0.2543,""low_light"":0.167939,""motion_blur"":0.542055,""defocus_blur"":0.112714,""glare_flare"":0.275304,""vignetting"":0.17251,""sensor_noise"":0.042222,""exposure_shift"":0.168919,""compression"":0.661453,""lens_occlusion"":0.163432}","[{""issue"":""compression"",""prob"":0.998185},{""issue"":""motion_blur"",""prob"":0.996889}]"
S10_defocus_blur_s1,S10,video_020,test,corrupted,defocus_blur,1,s1,0.08,0,-1.0,cloudy,day,rural,moderate,30,1280x720,128,corrupted/defocus_blur/s1/S10_defocus_blur_s1.mp4,"{""severity"":0.08,""sigma_max_eff"":2.4,""d_f"":0.8971306085586548,""invert_depth"":true,""n_layers"":16}",0.896599,0.424212,compression,0.999934,"{""haze_fog"":0.446078,""rain"":0.009143,""snow"":3.9e-05,""low_light"":0.0,""motion_blur"":0.0,""defocus_blur"":0.004831,""glare_flare"":0.215791,""vignetting"":0.099089,""sensor_noise"":0.0,""exposure_shift"":0.081556,""compression"":0.999934,""lens_occlusion"":0.013043}","{""haze_fog"":0.085777,""rain"":0.154193,""snow"":0.064199,""low_light"":0.038389,""motion_blur"":0.005403,""defocus_blur"":0.013561,""glare_flare"":0.307619,""vignetting"":0.104614,""sensor_noise"":0.000547,""exposure_shift"":0.057346,""compression"":0.030628,""lens_occlusion"":0.114199}","[{""issue"":""compression"",""prob"":0.999934},{""issue"":""haze_fog"",""prob"":0.446078}]"
S10_defocus_blur_s2,S10,video_020,test,corrupted,defocus_blur,2,s2,0.18,0,-1.0,cloudy,day,rural,moderate,30,1280x720,128,corrupted/defocus_blur/s2/S10_defocus_blur_s2.mp4,"{""severity"":0.18,""sigma_max_eff"":5.3999999999999995,""d_f"":0.8971306085586548,""invert_depth"":true,""n_layers"":16}",0.771227,0.424259,compression,0.999934,"{""haze_fog"":0.446207,""rain"":0.00911,""snow"":3.9e-05,""low_light"":0.0,""motion_blur"":0.0,""defocus_blur"":0.004838,""glare_flare"":0.216033,""vignetting"":0.099347,""sensor_noise"":0.0,""exposure_shift"":0.081739,""compression"":0.999934,""lens_occlusion"":0.013046}","{""haze_fog"":0.085824,""rain"":0.154176,""snow"":0.064201,""low_light"":0.038434,""motion_blur"":0.005429,""defocus_blur"":0.01358,""glare_flare"":0.307959,""vignetting"":0.104743,""sensor_noise"":0.00055,""exposure_shift"":0.057468,""compression"":0.030686,""lens_occlusion"":0.114226}","[{""issue"":""compression"",""prob"":0.999934},{""issue"":""haze_fog"",""prob"":0.446207}]"
S10_defocus_blur_s3,S10,video_020,test,corrupted,defocus_blur,3,s3,0.35,0,-1.0,cloudy,day,rural,moderate,30,1280x720,128,corrupted/defocus_blur/s3/S10_defocus_blur_s3.mp4,"{""severity"":0.35,""sigma_max_eff"":10.5,""d_f"":0.8971306085586548,""invert_depth"":true,""n_layers"":16}",0.568989,0.419292,compression,0.999934,"{""haze_fog"":0.451902,""rain"":0.00942,""snow"":4.5e-05,""low_light"":0.0,""motion_blur"":0.0,""defocus_blur"":0.004969,""glare_flare"":0.21898,""vignetting"":0.100624,""sensor_noise"":0.0,""exposure_shift"":0.07897,""compression"":0.999934,""lens_occlusion"":0.013459}","{""haze_fog"":0.087597,""rain"":0.15554,""snow"":0.065763,""low_light"":0.038739,""motion_blur"":0.00566,""defocus_blur"":0.01393,""glare_flare"":0.311056,""vignetting"":0.105539,""sensor_noise"":0.000579,""exposure_shift"":0.058406,""compression"":0.03185,""lens_occlusion"":0.11628}","[{""issue"":""compression"",""prob"":0.999934},{""issue"":""haze_fog"",""prob"":0.451902}]"
S10_defocus_blur_s4,S10,video_020,test,corrupted,defocus_blur,4,s4,0.55,0,-1.0,cloudy,day,rural,moderate,30,1280x720,128,corrupted/defocus_blur/s4/S10_defocus_blur_s4.mp4,"{""severity"":0.55,""sigma_max_eff"":16.5,""d_f"":0.8971306085586548,""invert_depth"":true,""n_layers"":16}",0.351605,0.390399,compression,0.999988,"{""haze_fog"":0.376979,""rain"":0.003719,""snow"":0.000114,""low_light"":2.6e-05,""motion_blur"":0.0,""defocus_blur"":0.006479,""glare_flare"":0.187756,""vignetting"":0.122544,""sensor_noise"":0.0,""exposure_shift"":0.021213,""compression"":0.999988,""lens_occlusion"":0.014597}","{""haze_fog"":0.099388,""rain"":0.177326,""snow"":0.094466,""low_light"":0.055559,""motion_blur"":0.012711,""defocus_blur"":0.020557,""glare_flare"":0.295791,""vignetting"":0.097726,""sensor_noise"":0.00339,""exposure_shift"":0.061613,""compression"":0.067657,""lens_occlusion"":0.118155}","[{""issue"":""compression"",""prob"":0.999988},{""issue"":""haze_fog"",""prob"":0.376979}]"
S10_defocus_blur_s5,S10,video_020,test,corrupted,defocus_blur,5,s5,0.75,0,-1.0,cloudy,day,rural,moderate,30,1280x720,128,corrupted/defocus_blur/s5/S10_defocus_blur_s5.mp4,"{""severity"":0.75,""sigma_max_eff"":22.5,""d_f"":0.8971306085586548,""invert_depth"":true,""n_layers"":16}",0.162893,0.329065,compression,0.999992,"{""haze_fog"":0.175998,""rain"":0.001053,""snow"":0.001081,""low_light"":1.7e-05,""motion_blur"":9e-06,""defocus_blur"":0.010108,""glare_flare"":0.112316,""vignetting"":0.158132,""sensor_noise"":7e-06,""exposure_shift"":0.00575,""compression"":0.999992,""lens_occlusion"":0.015192}","{""haze_fog"":0.104957,""rain"":0.203145,""snow"":0.125216,""low_light"":0.060372,""motion_blur"":0.04379,""defocus_blur"":0.040839,""glare_flare"":0.256938,""vignetting"":0.091648,""sensor_noise"":0.017683,""exposure_shift"":0.06808,""compression"":0.183807,""lens_occlusion"":0.130254}","[{""issue"":""compression"",""prob"":0.999992}]"
S10_lens_occlusion_s1,S10,video_020,test,corrupted,lens_occlusion,1,s1,0.08,0,-1.0,cloudy,day,rural,moderate,30,1280x720,128,corrupted/lens_occlusion/s1/S10_lens_occlusion_s1.mp4,"{""severity"":0.08,""n_blobs"":9,""target_coverage"":0.08683796394240399,""coverage_reached"":0.0920703125,""blobs"":[{""cx"":629.5746840668515,""cy"":293.12053464818956,""R_px"":68.29378431256308,""k"":0.2827268020177339,""alpha_strength"":0.4833957112060252},{""cx"":768.9508438338843,""cy"":285.3217598971004,""R_px"":59.88297245845736,""k"":0.2724221101212298,""alpha_strength"":0.49162759618431284},{""cx"":563.2757393102762,""cy"":517.2442503369465,""R_px"":65.01477212699992,""k"":0.35714544945381743,""alpha_strength"":0.45777543748745964},{""cx"":1047.601995452301,""cy"":405.3225081301539,""R_px"":56.526034536835674,""k"":0.34165701461749104,""alpha_strength"":0.5062288934499413},{""cx"":205.52330447796544,""cy"":572.4342810016258,""R_px"":65.08205485597583,""k"":0.3646401300703712,""alpha_strength"":0.4550010965048345},{""cx"":502.4676519040745,""cy"":532.9139564728557,""R_px"":67.82745234598251,""k"":0.31324451203477477,""alpha_strength"":0.4476186559447885},{""cx"":787.2663520269202,""cy"":288.1403154499527,""R_px"":63.59099172313945,""k"":0.30031974885799934,""alpha_strength"":0.49901388614871545},{""cx"":848.3284634343889,""cy"":426.25386836832473,""R_px"":56.59412267312645,""k"":0.3585395700007976,""alpha_strength"":0.4593406432533075},{""cx"":365.34745526148856,""cy"":299.3781863498088,""R_px"":56.04052162924037,""k"":0.3054664557857804,""alpha_strength"":0.4938728756592133}]}",0.877737,0.395900,compression,0.999937,"{""haze_fog"":0.351344,""rain"":0.006783,""snow"":0.000152,""low_light"":0.0,""motion_blur"":0.0,""defocus_blur"":0.004757,""glare_flare"":0.155312,""vignetting"":0.098572,""sensor_noise"":0.0,""exposure_shift"":0.057986,""compression"":0.999937,""lens_occlusion"":0.179661}","{""haze_fog"":0.083865,""rain"":0.152116,""snow"":0.061182,""low_light"":0.038396,""motion_blur"":0.0064,""defocus_blur"":0.013333,""glare_flare"":0.299915,""vignetting"":0.104885,""sensor_noise"":0.000599,""exposure_shift"":0.055126,""compression"":0.03482,""lens_occlusion"":0.145631}","[{""issue"":""compression"",""prob"":0.999937},{""issue"":""haze_fog"",""prob"":0.351344}]"
S10_lens_occlusion_s2,S10,video_020,test,corrupted,lens_occlusion,2,s2,0.18,0,-1.0,cloudy,day,rural,moderate,30,1280x720,128,corrupted/lens_occlusion/s2/S10_lens_occlusion_s2.mp4,"{""severity"":0.18,""n_blobs"":8,""target_coverage"":0.12819608774757496,""coverage_reached"":0.13784071180555554,""blobs"":[{""cx"":320.36117477182427,""cy"":526.3522703560062,""R_px"":80.54990468981165,""k"":0.3549790903347061,""alpha_strength"":0.5215636560499883},{""cx"":882.2864746335135,""cy"":450.6240793235225,""R_px"":84.77094988184278,""k"":0.3942345986014746,""alpha_strength"":0.5565431632221804},{""cx"":324.4139915592191,""cy"":612.427278343899,""R_px"":82.55005241502694,""k"":0.3949891983101784,""alpha_strength"":0.49294215219828413},{""cx"":351.7781993354233,""cy"":474.0803880202114,""R_px"":86.6582457313227,""k"":0.3862102055103569,""alpha_strength"":0.4972899810078247},{""cx"":678.364633272472,""cy"":129.98607865037627,""R_px"":70.39890560016195,""k"":0.46215647430031337,""alpha_strength"":0.4819669839724878},{""cx"":749.5178597235632,""cy"":314.4476575024051,""R_px"":70.83383197995384,""k"":0.4521767306835224,""alpha_strength"":0.526890716505503},{""cx"":525.4640275351045,""cy"":162.04098098220643,""R_px"":78.68471469615105,""k"":0.4294735706376871,""alpha_strength"":0.5210576332496771},{""cx"":204.12426455992008,""cy"":186.3741621925231,""R_px"":80.86534289498542,""k"":0.38575751730447627,""alpha_strength"":0.5447736038752604}]}",0.733170,0.369508,compression,0.999927,"{""haze_fog"":0.391958,""rain"":0.017762,""snow"":1.6e-05,""low_light"":0.0,""motion_blur"":0.0,""defocus_blur"":0.005258,""glare_flare"":0.201179,""vignetting"":0.080104,""sensor_noise"":0.0,""exposure_shift"":0.066815,""compression"":0.999927,""lens_occlusion"":0.153268}","{""haze_fog"":0.09036,""rain"":0.160506,""snow"":0.060186,""low_light"":0.039957,""motion_blur"":0.0084,""defocus_blur"":0.014927,""glare_flare"":0.33203,""vignetting"":0.106436,""sensor_noise"":0.000753,""exposure_shift"":0.061115,""compression"":0.039898,""lens_occlusion"":0.163349}","[{""issue"":""compression"",""prob"":0.999927},{""issue"":""haze_fog"",""prob"":0.391958}]"
S10_lens_occlusion_s3,S10,video_020,test,corrupted,lens_occlusion,3,s3,0.35,0,-1.0,cloudy,day,rural,moderate,30,1280x720,128,corrupted/lens_occlusion/s3/S10_lens_occlusion_s3.mp4,"{""severity"":0.35,""n_blobs"":6,""target_coverage"":0.20651238262623056,""coverage_reached"":0.20906358506944445,""blobs"":[{""cx"":728.2911165113567,""cy"":558.7370080494467,""R_px"":102.34000288356395,""k"":0.5231709818444332,""alpha_strength"":0.5792652462164551},{""cx"":811.8285899862531,""cy"":230.10896935648853,""R_px"":107.47578254252066,""k"":0.5694718827844508,""alpha_strength"":0.635542787062874},{""cx"":674.5756991283197,""cy"":97.46013377466465,""R_px"":102.61294775840797,""k"":0.5169715292941126,""alpha_strength"":0.6024878244804844},{""cx"":777.8957999421248,""cy"":108.03592395820374,""R_px"":117.17519547405172,""k"":0.4956909173075578,""alpha_strength"":0.5972833178517262},{""cx"":413.9301086723866,""cy"":488.1575917230222,""R_px"":122.93582375720116,""k"":0.5171137965152874,""alpha_strength"":0.6253832132705458},{""cx"":323.33002063559775,""cy"":261.4417629807788,""R_px"":120.40621594947834,""k"":0.47457088574495404,""alpha_strength"":0.6210998164437057}]}",0.509796,0.381724,compression,0.999965,"{""haze_fog"":0.325622,""rain"":0.007918,""snow"":9.2e-05,""low_light"":9e-06,""motion_blur"":0.0,""defocus_blur"":0.005801,""glare_flare"":0.1249,""vignetting"":0.071652,""sensor_noise"":0.0,""exposure_shift"":0.076248,""compression"":0.999965,""lens_occlusion"":0.033436}","{""haze_fog"":0.082037,""rain"":0.169486,""snow"":0.069008,""low_light"":0.047006,""motion_blur"":0.010252,""defocus_blur"":0.017052,""glare_flare"":0.322447,""vignetting"":0.105811,""sensor_noise"":0.001118,""exposure_shift"":0.060884,""compression"":0.047804,""lens_occlusion"":0.137076}","[{""issue"":""compression"",""prob"":0.999965},{""issue"":""haze_fog"",""prob"":0.325622}]"
S10_lens_occlusion_s4,S10,video_020,test,corrupted,lens_occlusion,4,s4,0.55,0,-1.0,cloudy,day,rural,moderate,30,1280x720,128,corrupted/lens_occlusion/s4/S10_lens_occlusion_s4.mp4,"{""severity"":0.55,""n_blobs"":5,""target_coverage"":0.30638438084827657,""coverage_reached"":0.36491644965277775,""blobs"":[{""cx"":322.60448431628095,""cy"":560.6587962735989,""R_px"":179.6138632974437,""k"":0.776505611296717,""alpha_strength"":0.7207566268166263},{""cx"":171.49237164909425,""cy"":244.71502956211307,""R_px"":156.9835766008952,""k"":0.6726239226221395,""alpha_strength"":0.7028668291492818},{""cx"":930.1286223579953,""cy"":330.4092378080562,""R_px"":150.8445651351316,""k"":0.6563143867470629,""alpha_strength"":0.7220331896369832},{""cx"":431.7791272696852,""cy"":370.94953347520345,""R_px"":140.60738462066848,""k"":0.7684434466032757,""alpha_strength"":0.7331195451257393},{""cx"":634.7611511951883,""cy"":378.7919175760077,""R_px"":162.84483447164467,""k"":0.6180199190233436,""alpha_strength"":0.6979807486661233}]}",0.286830,0.299282,compression,0.999982,"{""haze_fog"":0.527497,""rain"":0.00638,""snow"":0.000228,""low_light"":1e-06,""motion_blur"":0.0,""defocus_blur"":0.008396,""glare_flare"":0.092041,""vignetting"":0.042676,""sensor_noise"":0.0,""exposure_shift"":0.116411,""compression"":0.999982,""lens_occlusion"":0.139242}","{""haze_fog"":0.102441,""rain"":0.191986,""snow"":0.088381,""low_light"":0.056458,""motion_blur"":0.020471,""defocus_blur"":0.023538,""glare_flare"":0.310561,""vignetting"":0.110122,""sensor_noise"":0.002275,""exposure_shift"":0.078532,""compression"":0.08649,""lens_occlusion"":0.18875}","[{""issue"":""compression"",""prob"":0.999982},{""issue"":""haze_fog"",""prob"":0.527497}]"
S10_lens_occlusion_s5,S10,video_020,test,corrupted,lens_occlusion,5,s5,0.75,0,-1.0,cloudy,day,rural,moderate,30,1280x720,128,corrupted/lens_occlusion/s5/S10_lens_occlusion_s5.mp4,"{""severity"":0.75,""n_blobs"":6,""target_coverage"":0.41197882156696997,""coverage_reached"":0.44376410590277776,""blobs"":[{""cx"":843.6624390842361,""cy"":264.98777857701174,""R_px"":234.31052066194053,""k"":0.9811976275173525,""alpha_strength"":0.8281480918478699},{""cx"":961.4251647193689,""cy"":361.4475962377495,""R_px"":227.72905225120533,""k"":0.765444386983644,""alpha_strength"":0.8133074902394266},{""cx"":195.42449221401495,""cy"":253.52660844121624,""R_px"":212.80427927849365,""k"":0.8846906911849489,""alpha_strength"":0.802434793695725},{""cx"":857.6525271851035,""cy"":236.14475869490963,""R_px"":240.93131384106562,""k"":0.7616033942282121,""alpha_strength"":0.7967982699679933},{""cx"":987.1537116813122,""cy"":369.28167541713344,""R_px"":213.69808009707856,""k"":0.8308538076097356,""alpha_strength"":0.8667007362115695},{""cx"":725.9359964413354,""cy"":148.81548736453607,""R_px"":211.57347361359135,""k"":0.9804214164896277,""alpha_strength"":0.8265865832243158}]}",0.114387,0.201862,compression,0.999967,"{""haze_fog"":0.598634,""rain"":0.003351,""snow"":0.001924,""low_light"":9e-06,""motion_blur"":0.000536,""defocus_blur"":0.014713,""glare_flare"":0.041603,""vignetting"":0.02028,""sensor_noise"":0.0,""exposure_shift"":0.074502,""compression"":0.999967,""lens_occlusion"":0.268385}","{""haze_fog"":0.125206,""rain"":0.222322,""snow"":0.144043,""low_light"":0.081467,""motion_blur"":0.049771,""defocus_blur"":0.042425,""glare_flare"":0.302155,""vignetting"":0.100747,""sensor_noise"":0.006254,""exposure_shift"":0.098302,""compression"":0.156132,""lens_occlusion"":0.24219}","[{""issue"":""compression"",""prob"":0.999967},{""issue"":""haze_fog"",""prob"":0.598634},{""issue"":""lens_occlusion"",""prob"":0.268385}]"
S10_sensor_noise_s1,S10,video_020,test,corrupted,sensor_noise,1,s1,0.08,0,-1.0,cloudy,day,rural,moderate,30,1280x720,128,corrupted/sensor_noise/s1/S10_sensor_noise_s1.mp4,"{""severity"":0.08,""sigma_r"":0.0030215395954032243,""sigma_s"":0.007607741297048076,""per_channel"":true}",0.928613,0.436432,compression,0.999943,"{""haze_fog"":0.455719,""rain"":0.008851,""snow"":4.2e-05,""low_light"":1e-06,""motion_blur"":0.0,""defocus_blur"":0.004884,""glare_flare"":0.208058,""vignetting"":0.093598,""sensor_noise"":0.0,""exposure_shift"":0.06111,""compression"":0.999943,""lens_occlusion"":0.011156}","{""haze_fog"":0.084765,""rain"":0.156631,""snow"":0.063054,""low_light"":0.040978,""motion_blur"":0.005313,""defocus_blur"":0.013555,""glare_flare"":0.299906,""vignetting"":0.102829,""sensor_noise"":0.000614,""exposure_shift"":0.057535,""compression"":0.02936,""lens_occlusion"":0.110025}","[{""issue"":""compression"",""prob"":0.999943},{""issue"":""haze_fog"",""prob"":0.455719}]"
S10_sensor_noise_s2,S10,video_020,test,corrupted,sensor_noise,2,s2,0.18,0,-1.0,cloudy,day,rural,moderate,30,1280x720,128,corrupted/sensor_noise/s2/S10_sensor_noise_s2.mp4,"{""severity"":0.18,""sigma_r"":0.005403056681314722,""sigma_s"":0.016512056361697402,""per_channel"":true}",0.838388,0.457574,compression,0.999949,"{""haze_fog"":0.392802,""rain"":0.003865,""snow"":5e-05,""low_light"":2.4e-05,""motion_blur"":0.0,""defocus_blur"":0.003926,""glare_flare"":0.154172,""vignetting"":0.121434,""sensor_noise"":0.0,""exposure_shift"":0.020863,""compression"":0.999949,""lens_occlusion"":0.013204}","{""haze_fog"":0.075504,""rain"":0.153769,""snow"":0.057431,""low_light"":0.05062,""motion_blur"":0.004616,""defocus_blur"":0.011995,""glare_flare"":0.277396,""vignetting"":0.100872,""sensor_noise"":0.00073,""exposure_shift"":0.049689,""compression"":0.025729,""lens_occlusion"":0.112649}","[{""issue"":""compression"",""prob"":0.999949},{""issue"":""haze_fog"",""prob"":0.392802}]"
S10_sensor_noise_s3,S10,video_020,test,corrupted,sensor_noise,3,s3,0.35,0,-1.0,cloudy,day,rural,moderate,30,1280x720,128,corrupted/sensor_noise/s3/S10_sensor_noise_s3.mp4,"{""severity"":0.35,""sigma_r"":0.008790735852727462,""sigma_s"":0.03158137385906211,""per_channel"":true}",0.682056,0.620514,compression,0.999997,"{""haze_fog"":0.360465,""rain"":0.000347,""snow"":0.000183,""low_light"":0.06451,""motion_blur"":0.0,""defocus_blur"":0.00203,""glare_flare"":0.072906,""vignetting"":0.157618,""sensor_noise"":7.5e-05,""exposure_shift"":0.018116,""compression"":0.999997,""lens_occlusion"":0.004554}","{""haze_fog"":0.04576,""rain"":0.13373,""snow"":0.045953,""low_light"":0.114884,""motion_blur"":0.002304,""defocus_blur"":0.008916,""glare_flare"":0.18022,""vignetting"":0.088872,""sensor_noise"":0.008444,""exposure_shift"":0.040085,""compression"":0.014149,""lens_occlusion"":0.065686}","[{""issue"":""compression"",""prob"":0.999997},{""issue"":""haze_fog"",""prob"":0.360465}]"
S10_sensor_noise_s4,S10,video_020,test,corrupted,sensor_noise,4,s4,0.55,0,-1.0,cloudy,day,rural,moderate,30,1280x720,128,corrupted/sensor_noise/s4/S10_sensor_noise_s4.mp4,"{""severity"":0.55,""sigma_r"":0.010907379832710352,""sigma_s"":0.039969568166134395,""per_channel"":true}",0.492001,0.573723,compression,0.999999,"{""haze_fog"":0.384156,""rain"":0.000474,""snow"":0.000244,""low_light"":0.487042,""motion_blur"":0.0,""defocus_blur"":0.002132,""glare_flare"":0.067409,""vignetting"":0.087197,""sensor_noise"":0.022887,""exposure_shift"":0.037469,""compression"":0.999999,""lens_occlusion"":0.009648}","{""haze_fog"":0.04762,""rain"":0.139577,""snow"":0.063354,""low_light"":0.157187,""motion_blur"":0.002387,""defocus_blur"":0.00932,""glare_flare"":0.190771,""vignetting"":0.095373,""sensor_noise"":0.032377,""exposure_shift"":0.047465,""compression"":0.016374,""lens_occlusion"":0.074272}","[{""issue"":""compression"",""prob"":0.999999},{""issue"":""low_light"",""prob"":0.487042},{""issue"":""haze_fog"",""prob"":0.384156}]"
S10_sensor_noise_s5,S10,video_020,test,corrupted,sensor_noise,5,s5,0.75,0,-1.0,cloudy,day,rural,moderate,30,1280x720,128,corrupted/sensor_noise/s5/S10_sensor_noise_s5.mp4,"{""severity"":0.75,""sigma_r"":0.014185899095149486,""sigma_s"":0.06426815611076209,""per_channel"":true}",0.291891,0.527724,compression,1.000000,"{""haze_fog"":0.388902,""rain"":0.000143,""snow"":0.000411,""low_light"":0.834435,""motion_blur"":0.0,""defocus_blur"":0.002246,""glare_flare"":0.082531,""vignetting"":0.014021,""sensor_noise"":0.16381,""exposure_shift"":0.049547,""compression"":1.0,""lens_occlusion"":0.005243}","{""haze_fog"":0.048492,""rain"":0.132462,""snow"":0.074856,""low_light"":0.208275,""motion_blur"":0.002833,""defocus_blur"":0.010117,""glare_flare"":0.219043,""vignetting"":0.08587,""sensor_noise"":0.077371,""exposure_shift"":0.055764,""compression"":0.016347,""lens_occlusion"":0.07053}","[{""issue"":""compression"",""prob"":1.0},{""issue"":""low_light"",""prob"":0.834435},{""issue"":""haze_fog"",""prob"":0.388902}]"
S10_low_light_s1,S10,video_020,test,corrupted,low_light,1,s1,0.08,0,-1.0,cloudy,day,rural,moderate,30,1280x720,128,corrupted/low_light/s1/S10_low_light_s1.mp4,"{""severity"":0.08,""gamma"":1.529498877236118,""sigma_r"":0.004325411806340442,""sigma_s"":0.013336848646393057,""amp_r"":2.0,""amp_s"":3.0,""desat"":0.02,""per_channel"":true}",0.911980,0.389405,compression,0.999491,"{""haze_fog"":0.00112,""rain"":0.048668,""snow"":5e-06,""low_light"":4.8e-05,""motion_blur"":0.0,""defocus_blur"":0.005584,""glare_flare"":0.288187,""vignetting"":0.267973,""sensor_noise"":0.0,""exposure_shift"":0.02466,""compression"":0.999491,""lens_occlusion"":0.02377}","{""haze_fog"":0.034769,""rain"":0.143403,""snow"":0.041664,""low_light"":0.067155,""motion_blur"":0.013683,""defocus_blur"":0.017198,""glare_flare"":0.287621,""vignetting"":0.154572,""sensor_noise"":0.000367,""exposure_shift"":0.034058,""compression"":0.052385,""lens_occlusion"":0.145676}","[{""issue"":""compression"",""prob"":0.999491},{""issue"":""glare_flare"",""prob"":0.288187},{""issue"":""vignetting"",""prob"":0.267973}]"
S10_low_light_s2,S10,video_020,test,corrupted,low_light,2,s2,0.18,0,-1.0,cloudy,day,rural,moderate,30,1280x720,128,corrupted/low_light/s2/S10_low_light_s2.mp4,"{""severity"":0.18,""gamma"":1.634542230495697,""sigma_r"":0.007811923983941198,""sigma_s"":0.029333085849417007,""amp_r"":2.0,""amp_s"":3.0,""desat"":0.045,""per_channel"":true}",0.803090,0.554197,compression,0.999669,"{""haze_fog"":2e-06,""rain"":0.010159,""snow"":1.9e-05,""low_light"":0.234136,""motion_blur"":0.0,""defocus_blur"":0.004803,""glare_flare"":0.187491,""vignetting"":0.297396,""sensor_noise"":0.0,""exposure_shift"":0.000823,""compression"":0.999669,""lens_occlusion"":0.008834}","{""haze_fog"":0.013547,""rain"":0.12651,""snow"":0.024798,""low_light"":0.154457,""motion_blur"":0.014817,""defocus_blur"":0.019649,""glare_flare"":0.181836,""vignetting"":0.185939,""sensor_noise"":0.001046,""exposure_shift"":0.020391,""compression"":0.046569,""lens_occlusion"":0.097076}","[{""issue"":""compression"",""prob"":0.999669},{""issue"":""vignetting"",""prob"":0.297396}]"
S10_low_light_s3,S10,video_020,test,corrupted,low_light,3,s3,0.35,0,-1.0,cloudy,day,rural,moderate,30,1280x720,128,corrupted/low_light/s3/S10_low_light_s3.mp4,"{""severity"":0.35,""gamma"":2.1517623812847737,""sigma_r"":0.013353196435998265,""sigma_s"":0.07605342025375596,""amp_r"":2.0,""amp_s"":3.0,""desat"":0.0875,""per_channel"":true}",0.621254,0.387807,compression,0.999703,"{""haze_fog"":5e-06,""rain"":0.015094,""snow"":6e-06,""low_light"":0.991971,""motion_blur"":0.0,""defocus_blur"":0.011523,""glare_flare"":0.159294,""vignetting"":0.263502,""sensor_noise"":0.000353,""exposure_shift"":0.00354,""compression"":0.999703,""lens_occlusion"":0.014504}","{""haze_fog"":0.017839,""rain"":0.142375,""snow"":0.022376,""low_light"":0.29473,""motion_blur"":0.03932,""defocus_blur"":0.038469,""glare_flare"":0.198759,""vignetting"":0.271884,""sensor_noise"":0.01293,""exposure_shift"":0.035271,""compression"":0.089559,""lens_occlusion"":0.129176}","[{""issue"":""compression"",""prob"":0.999703},{""issue"":""low_light"",""prob"":0.991971},{""issue"":""vignetting"",""prob"":0.263502}]"
S10_low_light_s4,S10,video_020,test,corrupted,low_light,4,s4,0.55,0,-1.0,cloudy,day,rural,moderate,30,1280x720,128,corrupted/low_light/s4/S10_low_light_s4.mp4,"{""severity"":0.55,""gamma"":2.4924579509251235,""sigma_r"":0.02470383735033933,""sigma_s"":0.13934675246279718,""amp_r"":2.0,""amp_s"":3.0,""desat"":0.1375,""per_channel"":true}",0.413809,0.168884,compression,0.999604,"{""haze_fog"":1.7e-05,""rain"":0.009197,""snow"":0.000122,""low_light"":0.994292,""motion_blur"":0.0,""defocus_blur"":0.026532,""glare_flare"":0.295088,""vignetting"":0.09711,""sensor_noise"":0.008858,""exposure_shift"":0.012219,""compression"":0.999604,""lens_occlusion"":0.014526}","{""haze_fog"":0.042027,""rain"":0.184668,""snow"":0.031967,""low_light"":0.416739,""motion_blur"":0.073561,""defocus_blur"":0.067456,""glare_flare"":0.274815,""vignetting"":0.282729,""sensor_noise"":0.036631,""exposure_shift"":0.085142,""compression"":0.137335,""lens_occlusion"":0.15869}","[{""issue"":""compression"",""prob"":0.999604},{""issue"":""low_light"",""prob"":0.994292},{""issue"":""glare_flare"",""prob"":0.295088}]"
S10_low_light_s5,S10,video_020,test,corrupted,low_light,5,s5,0.75,0,-1.0,cloudy,day,rural,moderate,30,1280x720,128,corrupted/low_light/s5/S10_low_light_s5.mp4,"{""severity"":0.75,""gamma"":2.973550336513312,""sigma_r"":0.04250556821953421,""sigma_s"":0.23873612814517273,""amp_r"":2.0,""amp_s"":3.0,""desat"":0.1875,""per_channel"":true}",0.216134,0.110294,compression,0.999207,"{""haze_fog"":2.2e-05,""rain"":0.098247,""snow"":1.7e-05,""low_light"":0.992411,""motion_blur"":3e-06,""defocus_blur"":0.039736,""glare_flare"":0.458223,""vignetting"":0.096096,""sensor_noise"":0.000152,""exposure_shift"":0.008676,""compression"":0.999207,""lens_occlusion"":0.015995}","{""haze_fog"":0.064334,""rain"":0.221045,""snow"":0.026744,""low_light"":0.524377,""motion_blur"":0.103052,""defocus_blur"":0.087277,""glare_flare"":0.303333,""vignetting"":0.293159,""sensor_noise"":0.022154,""exposure_shift"":0.10838,""compression"":0.178503,""lens_occlusion"":0.180338}","[{""issue"":""compression"",""prob"":0.999207},{""issue"":""low_light"",""prob"":0.992411},{""issue"":""glare_flare"",""prob"":0.458223}]"
S10_overexposure_s1,S10,video_020,test,corrupted,overexposure,1,s1,0.08,0,-1.0,cloudy,day,rural,moderate,30,1280x720,128,corrupted/overexposure/s1/S10_overexposure_s1.mp4,"{""severity"":0.08,""delta_ev"":0.16,""scale"":1.11728713807222}",0.934886,0.512407,compression,0.999958,"{""haze_fog"":0.543962,""rain"":0.002666,""snow"":4.2e-05,""low_light"":0.0,""motion_blur"":0.0,""defocus_blur"":0.00413,""glare_flare"":0.106268,""vignetting"":0.004547,""sensor_noise"":0.0,""exposure_shift"":0.026276,""compression"":0.999958,""lens_occlusion"":0.00664}","{""haze_fog"":0.090334,""rain"":0.147458,""snow"":0.062291,""low_light"":0.031578,""motion_blur"":0.003599,""defocus_blur"":0.011701,""glare_flare"":0.258125,""vignetting"":0.055556,""sensor_noise"":0.000368,""exposure_shift"":0.050005,""compression"":0.022601,""lens_occlusion"":0.090869}","[{""issue"":""compression"",""prob"":0.999958},{""issue"":""haze_fog"",""prob"":0.543962}]"
S10_overexposure_s2,S10,video_020,test,corrupted,overexposure,2,s2,0.18,0,-1.0,cloudy,day,rural,moderate,30,1280x720,128,corrupted/overexposure/s2/S10_overexposure_s2.mp4,"{""severity"":0.18,""delta_ev"":0.36,""scale"":1.2834258975629043}",0.851932,0.626434,compression,0.999981,"{""haze_fog"":0.611449,""rain"":0.001581,""snow"":6e-06,""low_light"":0.0,""motion_blur"":0.0,""defocus_blur"":0.003476,""glare_flare"":0.077487,""vignetting"":0.000176,""sensor_noise"":0.0,""exposure_shift"":0.221937,""compression"":0.999981,""lens_occlusion"":0.003654}","{""haze_fog"":0.092465,""rain"":0.147144,""snow"":0.049102,""low_light"":0.03099,""motion_blur"":0.001879,""defocus_blur"":0.009206,""glare_flare"":0.217782,""vignetting"":0.046304,""sensor_noise"":0.000434,""exposure_shift"":0.081609,""compression"":0.013691,""lens_occlusion"":0.069233}","[{""issue"":""compression"",""prob"":0.999981},{""issue"":""haze_fog"",""prob"":0.611449}]"
S10_overexposure_s3,S10,video_020,test,corrupted,overexposure,3,s3,0.35,0,-1.0,cloudy,day,rural,moderate,30,1280x720,128,corrupted/overexposure/s3/S10_overexposure_s3.mp4,"{""severity"":0.35,""delta_ev"":0.7,""scale"":1.624504792712471}",0.706200,0.669043,compression,0.999992,"{""haze_fog"":0.598668,""rain"":0.000319,""snow"":6e-06,""low_light"":3e-06,""motion_blur"":0.0,""defocus_blur"":0.003277,""glare_flare"":0.06039,""vignetting"":0.004131,""sensor_noise"":0.0,""exposure_shift"":0.531677,""compression"":0.999992,""lens_occlusion"":0.00232}","{""haze_fog"":0.073282,""rain"":0.119899,""snow"":0.030785,""low_light"":0.065558,""motion_blur"":0.001237,""defocus_blur"":0.009279,""glare_flare"":0.154093,""vignetting"":0.048984,""sensor_noise"":0.001927,""exposure_shift"":0.108257,""compression"":0.011563,""lens_occlusion"":0.052762}","[{""issue"":""compression"",""prob"":0.999992},{""issue"":""haze_fog"",""prob"":0.598668},{""issue"":""exposure_shift"",""prob"":0.531677}]"
S10_overexposure_s4,S10,video_020,test,corrupted,overexposure,4,s4,0.55,0,-1.0,cloudy,day,rural,moderate,30,1280x720,128,corrupted/overexposure/s4/S10_overexposure_s4.mp4,"{""severity"":0.55,""delta_ev"":1.1,""scale"":2.1435469250725863}",0.524770,0.340509,compression,0.993624,"{""haze_fog"":0.008365,""rain"":1e-06,""snow"":0.879978,""low_light"":0.000412,""motion_blur"":0.0,""defocus_blur"":0.021113,""glare_flare"":0.060743,""vignetting"":0.000395,""sensor_noise"":4e-06,""exposure_shift"":0.674792,""compression"":0.993624,""lens_occlusion"":0.004944}","{""haze_fog"":0.040705,""rain"":0.048239,""snow"":0.009985,""low_light"":0.05599,""motion_blur"":0.004571,""defocus_blur"":0.067587,""glare_flare"":0.219007,""vignetting"":0.160542,""sensor_noise"":0.010535,""exposure_shift"":0.266337,""compression"":0.051863,""lens_occlusion"":0.079479}","[{""issue"":""compression"",""prob"":0.993624},{""issue"":""snow"",""prob"":0.879978},{""issue"":""exposure_shift"",""prob"":0.674792}]"
S10_overexposure_s5,S10,video_020,test,corrupted,overexposure,5,s5,0.75,0,-1.0,cloudy,day,rural,moderate,30,1280x720,128,corrupted/overexposure/s5/S10_overexposure_s5.mp4,"{""severity"":0.75,""delta_ev"":1.5,""scale"":2.8284271247461903}",0.326465,0.262687,compression,0.996563,"{""haze_fog"":0.004298,""rain"":0.0,""snow"":0.934633,""low_light"":0.001208,""motion_blur"":0.0,""defocus_blur"":0.033604,""glare_flare"":0.053879,""vignetting"":5.5e-05,""sensor_noise"":0.000163,""exposure_shift"":0.615966,""compression"":0.996563,""lens_occlusion"":0.005337}","{""haze_fog"":0.072758,""rain"":0.028517,""snow"":0.005105,""low_light"":0.071447,""motion_blur"":0.008213,""defocus_blur"":0.09426,""glare_flare"":0.274246,""vignetting"":0.1603,""sensor_noise"":0.032675,""exposure_shift"":0.436627,""compression"":0.06244,""lens_occlusion"":0.092488}","[{""issue"":""compression"",""prob"":0.996563},{""issue"":""snow"",""prob"":0.934633},{""issue"":""exposure_shift"",""prob"":0.615966}]"
S10_underexposure_s1,S10,video_020,test,corrupted,underexposure,1,s1,0.08,0,-1.0,cloudy,day,rural,moderate,30,1280x720,128,corrupted/underexposure/s1/S10_underexposure_s1.mp4,"{""severity"":0.08,""delta_ev"":-0.16,""scale"":0.8950250709279725}",0.934886,0.325646,compression,0.999958,"{""haze_fog"":0.441305,""rain"":0.041658,""snow"":0.000776,""low_light"":5e-06,""motion_blur"":0.0,""defocus_blur"":0.004494,""glare_flare"":0.220891,""vignetting"":0.164105,""sensor_noise"":0.0,""exposure_shift"":0.534034,""compression"":0.999958,""lens_occlusion"":0.021909}","{""haze_fog"":0.093322,""rain"":0.191907,""snow"":0.097851,""low_light"":0.050583,""motion_blur"":0.005949,""defocus_blur"":0.013012,""glare_flare"":0.35096,""vignetting"":0.148297,""sensor_noise"":0.000948,""exposure_shift"":0.113758,""compression"":0.035935,""lens_occlusion"":0.141629}","[{""issue"":""compression"",""prob"":0.999958},{""issue"":""exposure_shift"",""prob"":0.534034},{""issue"":""haze_fog"",""prob"":0.441305}]"
S10_underexposure_s2,S10,video_020,test,corrupted,underexposure,2,s2,0.18,0,-1.0,cloudy,day,rural,moderate,30,1280x720,128,corrupted/underexposure/s2/S10_underexposure_s2.mp4,"{""severity"":0.18,""delta_ev"":-0.36,""scale"":0.7791645796604999}",0.851932,0.261325,compression,0.999951,"{""haze_fog"":0.285989,""rain"":0.032027,""snow"":0.006032,""low_light"":0.000235,""motion_blur"":0.0,""defocus_blur"":0.004819,""glare_flare"":0.209052,""vignetting"":0.184363,""sensor_noise"":0.0,""exposure_shift"":0.904867,""compression"":0.999951,""lens_occlusion"":0.037958}","{""haze_fog"":0.078528,""rain"":0.202668,""snow"":0.105645,""low_light"":0.052792,""motion_blur"":0.006857,""defocus_blur"":0.01311,""glare_flare"":0.329034,""vignetting"":0.190987,""sensor_noise"":0.000899,""exposure_shift"":0.17889,""compression"":0.040645,""lens_occlusion"":0.165539}","[{""issue"":""compression"",""prob"":0.999951},{""issue"":""exposure_shift"",""prob"":0.904867},{""issue"":""haze_fog"",""prob"":0.285989}]"
S10_underexposure_s3,S10,video_020,test,corrupted,underexposure,3,s3,0.35,0,-1.0,cloudy,day,rural,moderate,30,1280x720,128,corrupted/underexposure/s3/S10_underexposure_s3.mp4,"{""severity"":0.35,""delta_ev"":-0.7,""scale"":0.6155722066724582}",0.706200,0.182231,compression,0.999961,"{""haze_fog"":0.067347,""rain"":0.013416,""snow"":0.003204,""low_light"":8.7e-05,""motion_blur"":0.0,""defocus_blur"":0.006498,""glare_flare"":0.01001,""vignetting"":0.119991,""sensor_noise"":0.0,""exposure_shift"":0.999823,""compression"":0.999961,""lens_occlusion"":0.02953}","{""haze_fog"":0.064193,""rain"":0.195991,""snow"":0.082678,""low_light"":0.049642,""motion_blur"":0.007478,""defocus_blur"":0.016422,""glare_flare"":0.189806,""vignetting"":0.3661,""sensor_noise"":0.001613,""exposure_shift"":0.47407,""compression"":0.048501,""lens_occlusion"":0.137355}","[{""issue"":""compression"",""prob"":0.999961},{""issue"":""exposure_shift"",""prob"":0.999823}]"
S10_underexposure_s4,S10,video_020,test,corrupted,underexposure,4,s4,0.55,0,-1.0,cloudy,day,rural,moderate,30,1280x720,128,corrupted/underexposure/s4/S10_underexposure_s4.mp4,"{""severity"":0.55,""delta_ev"":-1.1,""scale"":0.4665164957684037}",0.524770,0.072927,exposure_shift,0.999988,"{""haze_fog"":0.050273,""rain"":0.007027,""snow"":0.000328,""low_light"":5.2e-05,""motion_blur"":0.0,""defocus_blur"":0.008888,""glare_flare"":0.005734,""vignetting"":0.083843,""sensor_noise"":0.0,""exposure_shift"":0.999988,""compression"":0.999973,""lens_occlusion"":0.034106}","{""haze_fog"":0.075669,""rain"":0.21698,""snow"":0.068201,""low_light"":0.055283,""motion_blur"":0.013988,""defocus_blur"":0.023179,""glare_flare"":0.1667,""vignetting"":0.652216,""sensor_noise"":0.004685,""exposure_shift"":0.745347,""compression"":0.065285,""lens_occlusion"":0.146762}","[{""issue"":""exposure_shift"",""prob"":0.999988},{""issue"":""compression"",""prob"":0.999973}]"
S10_underexposure_s5,S10,video_020,test,corrupted,underexposure,5,s5,0.75,0,-1.0,cloudy,day,rural,moderate,30,1280x720,128,corrupted/underexposure/s5/S10_underexposure_s5.mp4,"{""severity"":0.75,""delta_ev"":-1.5,""scale"":0.3535533905932738}",0.326465,0.039025,exposure_shift,0.999995,"{""haze_fog"":0.021875,""rain"":0.005639,""snow"":0.000186,""low_light"":5.3e-05,""motion_blur"":0.0,""defocus_blur"":0.010761,""glare_flare"":0.004368,""vignetting"":0.061201,""sensor_noise"":0.0,""exposure_shift"":0.999995,""compression"":0.99997,""lens_occlusion"":0.012382}","{""haze_fog"":0.074615,""rain"":0.2258,""snow"":0.059265,""low_light"":0.065822,""motion_blur"":0.023873,""defocus_blur"":0.029144,""glare_flare"":0.151934,""vignetting"":0.768327,""sensor_noise"":0.005917,""exposure_shift"":0.846401,""compression"":0.078771,""lens_occlusion"":0.138542}","[{""issue"":""exposure_shift"",""prob"":0.999995},{""issue"":""compression"",""prob"":0.99997}]"
S10_jpeg_compression_s1,S10,video_020,test,corrupted,jpeg_compression,1,s1,0.08,0,-1.0,cloudy,day,rural,moderate,30,1280x720,128,corrupted/jpeg_compression/s1/S10_jpeg_compression_s1.mp4,"{""severity"":0.08,""quality"":91,""encode_ok"":true}",0.947560,0.409621,compression,0.999912,"{""haze_fog"":0.574897,""rain"":0.008789,""snow"":3.4e-05,""low_light"":1e-06,""motion_blur"":0.0,""defocus_blur"":0.005656,""glare_flare"":0.211315,""vignetting"":0.071156,""sensor_noise"":0.0,""exposure_shift"":0.082759,""compression"":0.999912,""lens_occlusion"":0.015922}","{""haze_fog"":0.102223,""rain"":0.150885,""snow"":0.061481,""low_light"":0.037777,""motion_blur"":0.006126,""defocus_blur"":0.01406,""glare_flare"":0.326781,""vignetting"":0.104675,""sensor_noise"":0.000639,""exposure_shift"":0.067608,""compression"":0.030694,""lens_occlusion"":0.127273}","[{""issue"":""compression"",""prob"":0.999912},{""issue"":""haze_fog"",""prob"":0.574897}]"
S10_jpeg_compression_s2,S10,video_020,test,corrupted,jpeg_compression,2,s2,0.18,0,-1.0,cloudy,day,rural,moderate,30,1280x720,128,corrupted/jpeg_compression/s2/S10_jpeg_compression_s2.mp4,"{""severity"":0.18,""quality"":82,""encode_ok"":true}",0.879678,0.435692,compression,0.999951,"{""haze_fog"":0.561859,""rain"":0.003518,""snow"":3.3e-05,""low_light"":1e-06,""motion_blur"":0.0,""defocus_blur"":0.00536,""glare_flare"":0.246502,""vignetting"":0.085879,""sensor_noise"":0.0,""exposure_shift"":0.061961,""compression"":0.999951,""lens_occlusion"":0.012093}","{""haze_fog"":0.09367,""rain"":0.147826,""snow"":0.057726,""low_light"":0.041559,""motion_blur"":0.005631,""defocus_blur"":0.013416,""glare_flare"":0.315406,""vignetting"":0.09859,""sensor_noise"":0.000676,""exposure_shift"":0.059195,""compression"":0.029348,""lens_occlusion"":0.116773}","[{""issue"":""compression"",""prob"":0.999951},{""issue"":""haze_fog"",""prob"":0.561859}]"
S10_jpeg_compression_s3,S10,video_020,test,corrupted,jpeg_compression,3,s3,0.35,0,-1.0,cloudy,day,rural,moderate,30,1280x720,128,corrupted/jpeg_compression/s3/S10_jpeg_compression_s3.mp4,"{""severity"":0.35,""quality"":64,""encode_ok"":true}",0.757080,0.464453,compression,0.999974,"{""haze_fog"":0.337855,""rain"":0.001561,""snow"":1.3e-05,""low_light"":1.2e-05,""motion_blur"":0.0,""defocus_blur"":0.004982,""glare_flare"":0.232954,""vignetting"":0.137747,""sensor_noise"":0.0,""exposure_shift"":0.016517,""compression"":0.999974,""lens_occlusion"":0.012866}","{""haze_fog"":0.078016,""rain"":0.146804,""snow"":0.045601,""low_light"":0.068208,""motion_blur"":0.005247,""defocus_blur"":0.012671,""glare_flare"":0.290995,""vignetting"":0.085674,""sensor_noise"":0.000811,""exposure_shift"":0.045285,""compression"":0.027436,""lens_occlusion"":0.105878}","[{""issue"":""compression"",""prob"":0.999974},{""issue"":""haze_fog"",""prob"":0.337855}]"
S10_jpeg_compression_s4,S10,video_020,test,corrupted,jpeg_compression,4,s4,0.55,0,-1.0,cloudy,day,rural,moderate,30,1280x720,128,corrupted/jpeg_compression/s4/S10_jpeg_compression_s4.mp4,"{""severity"":0.55,""quality"":47,""encode_ok"":true}",0.597001,0.421121,compression,0.999986,"{""haze_fog"":0.226694,""rain"":0.00213,""snow"":9e-06,""low_light"":3.9e-05,""motion_blur"":0.0,""defocus_blur"":0.005724,""glare_flare"":0.21385,""vignetting"":0.172775,""sensor_noise"":0.0,""exposure_shift"":0.0037,""compression"":0.999986,""lens_occlusion"":0.013218}","{""haze_fog"":0.075111,""rain"":0.155672,""snow"":0.047033,""low_light"":0.095019,""motion_blur"":0.007288,""defocus_blur"":0.014909,""glare_flare"":0.267976,""vignetting"":0.086832,""sensor_noise"":0.001082,""exposure_shift"":0.039611,""compression"":0.041963,""lens_occlusion"":0.107439}","[{""issue"":""compression"",""prob"":0.999986}]"
S10_jpeg_compression_s5,S10,video_020,test,corrupted,jpeg_compression,5,s5,0.75,0,-1.0,cloudy,day,rural,moderate,30,1280x720,128,corrupted/jpeg_compression/s5/S10_jpeg_compression_s5.mp4,"{""severity"":0.75,""quality"":32,""encode_ok"":true}",0.408384,0.367922,compression,0.999996,"{""haze_fog"":0.073549,""rain"":0.000378,""snow"":0.000135,""low_light"":0.000178,""motion_blur"":0.0,""defocus_blur"":0.008975,""glare_flare"":0.153438,""vignetting"":0.187101,""sensor_noise"":0.0,""exposure_shift"":0.00224,""compression"":0.999996,""lens_occlusion"":0.013011}","{""haze_fog"":0.069488,""rain"":0.158284,""snow"":0.071423,""low_light"":0.145719,""motion_blur"":0.016117,""defocus_blur"":0.021322,""glare_flare"":0.238029,""vignetting"":0.092416,""sensor_noise"":0.002886,""exposure_shift"":0.047928,""compression"":0.092909,""lens_occlusion"":0.10382}","[{""issue"":""compression"",""prob"":0.999996}]"
